{"data":{"usCongressBioId":"A000283","familyName":"Armstrong","givenName":"Moses","middleName":"Kimball","unaccentedFamilyName":"Armstrong","unaccentedGivenName":"Moses","unaccentedMiddleName":"Kimball","birthDate":"1832","birthCirca":false,"deathDate":"1906","deathCirca":false,"profileText":"A Delegate from the Territory of Dakota; born in Milan, Erie County, Ohio, September 19, 1832; attended Huron Institute and Western Reserve College, Cleveland, Ohio; moved to the Territory of Minnesota in 1856; elected surveyor of Mower County, and assigned to survey the United States lands in 1858; moved to Yankton, then a small Indian village, in Dakota Territory, when Minnesota Territory was admitted as a State; was a member of the first Territorial house of representatives in 1861; reelected in 1862 and 1863, serving as speaker in 1863; edited the Dakota Union in 1864; appointed clerk of the supreme court in 1865; elected to the Territorial council in 1866 and in 1867 was chosen president; acted as secretary of the Indian peace commission in 1867; established the great meridian and standard lines for United States surveys in southern Dakota and in the northern Red River Valley; again elected to the Territorial council, in 1869; elected as a Democrat to the Forty-second and Forty-third Congresses (March 4, 1871-March 3, 1875); unsuccessful candidate for reelection in 1874 to the Forty-fourth Congress; moved to St. James, Watonwan County, Minn., and engaged in banking and in the real estate business; died in Albert Lea, Minn., on January 11, 1906; interment in Lakewood Cemetery, Minneapolis, Minn.","relationship":[],"asset":[],"jobPositions":[{"job":{"name":"Delegate","jobType":"CongressMemberJob"},"congressAffiliation":{"congress":{"name":"The 42nd United States Congress","congressNumber":42,"congressType":"USCongress","startDate":"1871-03-04","endDate":"1873-03-03"},"partyAffiliation":[{"party":{"name":"Democrat"}}],"caucusAffiliation":[{"party":{"name":"Democrat"}}],"represents":{"regionType":"TerritoryRegion","regionCode":"DK"}}},{"job":{"name":"Delegate","jobType":"CongressMemberJob"},"congressAffiliation":{"congress":{"name":"The 43rd United States Congress","congressNumber":43,"congressType":"USCongress","startDate":"1873-03-04","endDate":"1875-03-03"},"partyAffiliation":[{"party":{"name":"Democrat"}}],"caucusAffiliation":[{"party":{"name":"Democrat"}}],"represents":{"regionType":"TerritoryRegion","regionCode":"DK"}}}],"creativeWork":[{"freeFormCitationText":"Armstrong, Moses K. <i>Centennial Address on Dakota Territory, Giving Its History, Growth, Population, and Resources. Delivered at the U.S. Centennial Exposition in Philadelphia, on September 28, 1876. </i> Philadelphia: J.B. Lippincott and Company, 1876."},{"freeFormCitationText":"------. <i>The early empire builders of the great West</i>. Compiled and enlarged from the author's Early history of Dakota Territory in 1866. St. Paul, Minn.: E.W. Porter, 1901. Reprint, Freeport, N.Y.: Books for Libraries Press, [1972]."},{"freeFormCitationText":"------. <i>History and Resources of Dakota, Montana, and Idaho.</i> Yankton, Dakota Territory: George W. Kingsbury, printer, 1866."},{"freeFormCitationText":"Fleetwood, Mary. \"Moses K. Armstrong.\" <i>North Dakota History</i> 28 (Winter 1961): 13-22."}],"researchRecord":[{"name":"Secretary's book: Dakota Historical Society, [Yankton, Dakota Territory], 1862-1871, 1 volume.","recordType":["Papers"],"description":"A small volume kept by Moses Kimball Armstrong in which he recorded incorporation acts, constitutions, proceedings, annual reports, and other business of the Historical Society of Dakota and its precursors, 1862-1871. The volume contains newspaper clippings from the <i>Dakotian</i> and <i>Dakota Union</i> regarding Society affairs and texts of lectures by Armstrong on the early history of Dakota and Yankton County and by Prof. F.V. Hayden on the geology of the Black Hills region (synopsis only). Also includes a membership list and a transcription of U.S. Dept. of Interior correspondence regarding the shipment of state papers.","recordLocation":{"name":"Special Collections","location":{"addressLocality":"Chicago","addressRegion":"IL"},"parentRecordLocation":{"name":"The Newberry Library","location":{"addressLocality":"Chicago","addressRegion":"IL"}}}},{"name":"In the George D. Hill papers, 1843-1866 and 1870-1876, 2 linear feet and 1 volume.","recordType":["Papers"],"description":"Correspondents include Moses K. Armstrong.","recordLocation":{"name":"Bentley Historical Library","location":{"addressLocality":"Ann Arbor","addressRegion":"MI"},"parentRecordLocation":{"name":"University of Michigan","location":{"addressLocality":"Ann Arbor","addressRegion":"MI"}}}},{"name":"1856-1872. 1 box, including 4 volumes.","recordType":["Papers"],"description":"Correspondence, diaries, and scrapbooks. Includes diaries of an oxen trip from Minnesota to Dakota and journeys with U.S. Indian Commission. Papers as a Delegate to Congress and as a surveyor.","recordLocation":{"name":"Minnesota Historical Society","location":{"addressLocality":"St. Paul","addressRegion":"MN"}}}]}}
