{"data":{"usCongressBioId":"A000043","familyName":"Adams","givenName":"Robert","middleName":"Huntington","unaccentedFamilyName":"Adams","unaccentedGivenName":"Robert","unaccentedMiddleName":"Huntington","birthDate":"1792","birthCirca":false,"deathDate":"1830","deathCirca":false,"profileText":"A Senator from Mississippi; born in Rockbridge County, Va., in 1792; apprenticed to the cooper's trade; graduated from Washington College (now Washington and Lee University) at Lexington, Va., in 1806; studied law; admitted to the bar and commenced practice in Knoxville, Tenn.; moved to Natchez, Miss., in 1819; member of the State house of representatives in 1828; elected as a Jacksonian to the United States Senate to fill the vacancy caused by the death of Thomas B. Reed and served from January 6, 1830, until his death in Natchez, Miss., July 2, 1830; interment in Natchez City Cemetery.","relationship":[],"asset":[],"jobPositions":[{"job":{"name":"Senator","jobType":"CongressMemberJob"},"congressAffiliation":{"congress":{"name":"The 21st United States Congress","congressNumber":21,"congressType":"USCongress","startDate":"1829-03-04","endDate":"1831-03-03"},"partyAffiliation":[{"party":{"name":"Jacksonian"}}],"caucusAffiliation":[{"party":{"name":"Jacksonian"}}],"represents":{"regionType":"StateRegion","regionCode":"MS"}},"endCirca":false,"endDate":"1830-07-02","startCirca":false,"startDate":"1830-01-06"}],"creativeWork":[],"researchRecord":[]}}
