{"data":{"usCongressBioId":"B000235","familyName":"Bates","givenName":"James","middleName":"Woodson","honorificPrefix":"Mr.","unaccentedFamilyName":"Bates","unaccentedGivenName":"James","unaccentedMiddleName":"Woodson","birthDate":"1788-08-25","birthCirca":false,"deathDate":"1846-12-26","deathCirca":false,"profileText":"A Delegate from the Territory of Arkansas; born in Goochland County, Va., August 25, 1788; attended Yale College and was graduated from Princeton College in 1807; studied law; was admitted to the bar and commenced practice in Virginia; moved to St. Louis, Mo., in 1816, and thence to the Post of Arkansas in 1819; elected as first Delegate from Arkansas to the Sixteenth and Seventeenth Congresses and served from December 21, 1819, to March 3, 1823; unsuccessful candidate for reelection in 1822 to the Eighteenth Congress; resumed the practice of law in Batesville, Ark.; judge of the fourth judicial circuit of Arkansas Territory 1824-1828; judge of the superior court of Arkansas 1828-1832; delegate to the Arkansas state constitutional convention in 1835; judge of the probate court of Crawford County in 1836; register of the land office in Clarksville 1841-1845; died in Van Buren, Crawford County, Ark., December 26, 1846; interment in the family burying ground at Moores Rock, Crawford (now Sebastian) County, Ark.","relationship":[{"relationshipType":"brother","relatedTo":{"usCongressBioId":"B000231","familyName":"Bates","givenName":"Edward","honorificPrefix":"Mr.","unaccentedFamilyName":"Bates","unaccentedGivenName":"Edward","birthDate":"1793-09-04","birthCirca":false,"birthDateUnknown":false,"deathDate":"1869-03-25","deathCirca":false,"deathDateUnknown":false,"deleted":false}}],"asset":[],"jobPositions":[{"job":{"name":"Delegate","jobType":"CongressMemberJob"},"startDate":"1819-12-06","startCirca":false,"congressAffiliation":{"congress":{"name":"The 16th United States Congress","congressNumber":16,"congressType":"USCongress","startDate":"1819-12-06","endDate":"1821-03-03"},"represents":{"regionType":"StateRegion","regionCode":"AR"},"note":[{"type":"Note","noteType":"FootNote","content":"Took his seat March 2, 1820."}]}},{"job":{"name":"Delegate","jobType":"CongressMemberJob"},"startDate":"1819-12-06","startCirca":false,"endDate":"1820-08-09","endCirca":false,"departureReason":"Resigned","congressAffiliation":{"congress":{"name":"The 17th United States Congress","congressNumber":17,"congressType":"USCongress","startDate":"1821-12-03","endDate":"1823-03-03"},"departureReason":"Resigned","represents":{"regionType":"StateRegion","regionCode":"AR"},"note":[{"type":"Note","noteType":"FootNote","content":"Resigned August 9, 1820."}]}}],"creativeWork":[],"researchRecord":[]}}
