{"data":{"usCongressBioId":"B000428","familyName":"Betts","givenName":"Thaddeus","unaccentedFamilyName":"Betts","unaccentedGivenName":"Thaddeus","birthDate":"1789","birthCirca":false,"deathDate":"1840","deathCirca":false,"profileText":"A Senator from Connecticut; born in Norwalk, Conn., February 4, 1789; completed preparatory studies; was graduated from Yale College in 1807; studied law; was admitted to the bar in 1810 and commenced practice in Norwalk; member, State house of representatives in 1815 and 1830; member, State senate 1831; elected lieutenant governor of Connecticut in 1832 and 1836; elected as a Whig to the United States Senate and served from March 4, 1839, until his death in Washington, D.C., April 7, 1840; interment in Union Cemetery, Norwalk, Conn.","relationship":[],"asset":[],"jobPositions":[{"job":{"name":"Senator","jobType":"CongressMemberJob"},"congressAffiliation":{"congress":{"name":"The 26th United States Congress","congressNumber":26,"congressType":"USCongress","startDate":"1839-12-02","endDate":"1841-03-03"},"partyAffiliation":[{"party":{"name":"Whig"}}],"caucusAffiliation":[{"party":{"name":"Whig"}}],"represents":{"regionType":"StateRegion","regionCode":"CT"}},"endCirca":false,"endDate":"1840-04-07","startCirca":false,"startDate":"1839-03-04"}],"creativeWork":[],"researchRecord":[{"name":"Correspondence in Turhand Kirtland papers, 1794-1868. Finding aid.","recordType":["Papers"],"recordLocation":{"name":"Western Reserve Historical Society","location":{"addressLocality":"Cleveland","addressRegion":"OH"}}},{"recordLocation":{"name":"Western Reserve Historical Society","location":{"addressLocality":"Cleveland","addressRegion":"OH"}}},{"name":"Miscellaneous correspondence. Finding aid.","recordType":["Papers"],"recordLocation":{"name":"Connecticut Historical Society","location":{"addressLocality":"Hartford","addressRegion":"CT"}}}]}}
