{"data":{"usCongressBioId":"B000304","familyName":"Bee","givenName":"Thomas","unaccentedFamilyName":"Bee","unaccentedGivenName":"Thomas","birthDate":"1725","birthCirca":false,"deathDate":"1812-02-18","deathCirca":false,"profileText":"a Delegate from South Carolina; born in Charleston, S.C., in 1725; educated in Charleston, and later at Oxford University, England; studied law; was admitted to the bar at Charleston, S.C., January 27, 1761, and practiced there; also engaged in planting; member of Commons House, Province of South Carolina, for St. Pauls 1762-1764, for St. Peters 1765, and for St. Andrews 1772-1776; justice of the peace in 1775; Delegate to the First and Second Provincial Congresses 1775 and 1776; member of the State house of representatives 1776-1779 and 1782, serving as speaker 1777-1779; took an active part in the Revolution and was a member of the council of safety in 1775 and 1776; law judge 1776-1778; member of the State legislative council 1776-1778; Lieutenant Governor of South Carolina in 1779 and 1780; Member of the Continental Congress 1780-1782; appointed judge of the United States Court for the District of South Carolina by President Washington June 14, 1790; published reports of the district court of South Carolina in 1810; died in Pendleton, S.C., February 18, 1812; interment in Woodstock Cemetery, Goose Creek, S.C.","relationship":[{"relatedTo":{"usCongressBioId":"B000303","familyName":"Bee","givenName":"Carlos","honorificPrefix":"Mr.","unaccentedFamilyName":"Bee","unaccentedGivenName":"Carlos","birthDate":"1867-07-08","birthCirca":false,"deathDate":"1932-04-20","deathCirca":false},"relationshipType":"great-grandfather"}],"asset":[],"jobPositions":[{"job":{"name":"Delegate","jobType":"CongressMemberJob"},"congressAffiliation":{"congress":{"name":"The 2nd Continental Congress","congressNumber":2,"congressType":"ContinentalCongress","startDate":"1775-05-10","endDate":"1781-03-01"},"represents":{"regionType":"StateRegion","regionCode":"SC"}}},{"job":{"name":"Delegate","jobType":"CongressMemberJob"},"congressAffiliation":{"congress":{"name":"The Confederation Congress","congressNumber":1,"congressType":"ConfederationCongress","startDate":"1781-03-01","endDate":"1789-03-02"},"represents":{"regionType":"StateRegion","regionCode":"SC"}}}],"creativeWork":[],"researchRecord":[{"name":"1780, 1 item.","recordType":["Papers"],"description":"A letter from Thomas Bee to an unidentified recipient recommending the exchange of Captain LeBacher.","recordLocation":{"name":"Department of Literary and Historical Manuscripts","location":{"addressLocality":"New York","addressRegion":"NY"},"parentRecordLocation":{"name":"The Morgan Library","location":{"addressLocality":"New York","addressRegion":"NY"}}}},{"name":"In the Miscellaneous Manuscripts Collection, 1777-1800, 24 items.","recordType":["Papers"],"description":"Includes assorted papers of Thomas Bee.","recordLocation":{"name":"Manuscript Division","location":{"addressLocality":"Washington","addressRegion":"DC"},"parentRecordLocation":{"name":"Library of Congress","location":{"addressLocality":"Washington","addressRegion":"DC"}}}}],"deleted":false}}
