{"data":{"usCongressBioId":"B000543","familyName":"Bland","givenName":"Richard","unaccentedFamilyName":"Bland","unaccentedGivenName":"Richard","birthDate":"1710-05-06","birthCirca":false,"deathDate":"1776-10-26","deathCirca":false,"profileText":"a Delegate from Virginia; born in Orange County, Va., May 6, 1710; completed preparatory studies; attended the College of William and Mary; member of the Virginia House of Burgesses 1742-1775; member of the Virginia committee of correspondence in 1773; Member of the Continental Congress in 1774 and 1775; again chosen, but declined to serve; member of the Virginia Revolutionary conventions of 1775 and 1776; elected to the Virginia House of Delegates in 1776; died in Williamsburg, Va., October 26, 1776; interment in a private cemetery on the Jordan Point plantation, on the James River.","relationship":[{"relatedTo":{"usCongressBioId":"B000546","familyName":"Bland","givenName":"Theodorick","honorificPrefix":"Mr.","unaccentedFamilyName":"Bland","unaccentedGivenName":"Theodorick","birthDate":"1742-03-21","birthCirca":false,"deathDate":"1790-06-01","deathCirca":false},"relationshipType":"uncle"}],"asset":[],"jobPositions":[{"job":{"name":"Delegate","jobType":"CongressMemberJob"},"congressAffiliation":{"congress":{"name":"The 1st Continental Congress","congressNumber":1,"congressType":"ContinentalCongress","startDate":"1774-09-05","endDate":"1774-10-26"},"represents":{"regionType":"StateRegion","regionCode":"VA"}}},{"job":{"name":"Delegate","jobType":"CongressMemberJob"},"congressAffiliation":{"congress":{"name":"The 2nd Continental Congress","congressNumber":2,"congressType":"ContinentalCongress","startDate":"1775-05-10","endDate":"1781-03-01"},"represents":{"regionType":"StateRegion","regionCode":"VA"}}}],"creativeWork":[{"freeFormCitationText":"Bland, Richard. <i>A Letter to the Clergy of Virginia, in Which the Conduct of the General-Assembly is Vindicated, Against the Reflexions Contained in a Letter to the Lords of Trade and Plantations, from the Lord-Bishop of London</i>. By Richard Bland, Esq.; One of the Representatives in Assembly for the County of Prince-George. Williamsburg, Va.: Printed by William Hunter, 1760."},{"freeFormCitationText":"Bland, Richard, and Worthington Chauncey Ford, ed. <i>A Fragment on the Pistole Fee, Claimed by the Governor of Virginia, 1753</i>. Brooklyn, N.Y.: Historical Printing Club, 1891."},{"freeFormCitationText":"Bland, Richard, and Earl Gregg Swem, ed. <i>An Inquiry into the Rights of the British Colonies</i>. 1766. Reprint, Richmond, Va.: Reprinted by the Appeals Press, for the William Parks Club, 1922."},{"freeFormCitationText":"Detweiler, Robert C. \"Richard Bland: Conservator of Self-Government in Eighteenth-Century Virginia.\" Ph.D. diss., University of Washington, 1968."},{"freeFormCitationText":"Detweiler, Robert C., and Edward M. Riley, ed. <i>Richard Bland and the Origins of the Revolution in Virginia</i>. Yorktown, Va.: Virginia Independence Bicentennial Commission, [1981?]."}],"researchRecord":[{"name":"In the Jefferson Autograph Album, 1768, 1 item.","recordType":["Papers"],"description":"A letter from Richard Bland to Robert Carter Nicholas written on Thursday, the 16th, 1768.","recordLocation":{"name":"Department of Literary and Historical Manuscripts","location":{"addressLocality":"New York","addressRegion":"NY"},"parentRecordLocation":{"name":"The Morgan Library","location":{"addressLocality":"New York","addressRegion":"NY"}}}},{"name":"In the Jefferson Autograph Album, 1775, 1 item.","recordType":["Papers"],"description":"A letter from Richard Bland to an unidentified recipient on May 20, 1775.","recordLocation":{"name":"Department of Literary and Historical Manuscripts","location":{"addressLocality":"New York","addressRegion":"NY"},"parentRecordLocation":{"name":"The Morgan Library","location":{"addressLocality":"New York","addressRegion":"NY"}}}},{"name":"1776, 1 item.","recordType":["Papers"],"description":"A document signed by Richard Bland on February 9, 1776.","recordLocation":{"name":"Department of Literary and Historical Manuscripts","location":{"addressLocality":"New York","addressRegion":"NY"},"parentRecordLocation":{"name":"The Morgan Library","location":{"addressLocality":"New York","addressRegion":"NY"}}}},{"name":"In the Francis Fauquier Papers, 1758, 1 page.","recordType":["Papers"],"description":"A commission of Oyer and Terminer dating from August 30, 1758. The petition appoints several people, including Richard Bland, to serve as justices at a court of Oyer and Terminer in Prince George County, Virginia to try Arthur, the slave of John Edwards, for a felony.","recordLocation":{"name":"John D. Rockefeller Jr. Library","location":{"addressLocality":"Williamsburg","addressRegion":"VA"},"parentRecordLocation":{"name":"Colonial Williamsburg Foundation","location":{"addressLocality":"Williamsburg","addressRegion":"VA"}}}},{"name":"In the Francis Fauquier Papers, 1760, 1 item.","recordType":["Papers"],"description":"A letter from Francis Fauquier to Richard Bland written on July 28, 1760. In the letter, Francis Fauquier assures Richard Bland that his name will be published as a contributor to the relief of Boston, comments on the problems at William and Mary of the Reverend Jacob Rowe, and thanks Richard Bland for a copy of his pamphlet defending the state of Virginia's actions in the matter of clerical salaries.","recordLocation":{"name":"Special Collections Department, Alderman Library","location":{"addressLocality":"Charlottesville","addressRegion":"VA"},"parentRecordLocation":{"name":"University of Virginia","location":{"addressLocality":"Charlottesville","addressRegion":"VA"}}}}],"deleted":false}}
