{"data":{"usCongressBioId":"B000612","familyName":"Bond","givenName":"Shadrack","honorificPrefix":"Mr.","unaccentedFamilyName":"Bond","unaccentedGivenName":"Shadrack","birthDate":"1773-11-24","birthCirca":false,"deathDate":"1832-04-12","deathCirca":false,"profileText":"A Delegate from Illinois Territory; born in Frederick, Md., November 24, 1773; received a common-school education; moved to Kaskaskia, Ill. (then Indiana Territory), in 1794 and engaged in agricultural pursuits; member of the legislative council of Indiana Territory 1805-1808; when Illinois Territory was formed was elected a Delegate on October 10, 1812, and served from December 3, 1812, to August 2, 1813; served as receiver of public moneys in the general land office at Kaskaskia, Ill., 1814-1818; upon the admission of Illinois as a State into the Union was elected its first Governor and served from 1818 to 1822; appointed register of the land office for the district of Kaskaskia on January 28, 1823, and served until his death in Kaskaskia, Randolph County, Ill., April 12, 1832; interment in Evergreen Cemetery, Chester, Randolph County, Ill.","relationship":[],"asset":[],"jobPositions":[{"job":{"name":"Delegate","jobType":"CongressMemberJob"},"startDate":"1811-11-04","startCirca":false,"congressAffiliation":{"congress":{"name":"The 12th United States Congress","congressNumber":12,"congressType":"USCongress","startDate":"1811-11-04","endDate":"1813-03-03"},"represents":{"regionType":"StateRegion","regionCode":"IL"},"note":[{"type":"Note","noteType":"FootNote","content":"Took his seat December 3, 1812."}]}},{"job":{"name":"Delegate","jobType":"CongressMemberJob"},"startDate":"1813-05-24","startCirca":false,"endDate":"1813-08-02","endCirca":false,"departureReason":"Resigned","congressAffiliation":{"congress":{"name":"The 13th United States Congress","congressNumber":13,"congressType":"USCongress","startDate":"1813-05-24","endDate":"1815-03-03"},"departureReason":"Resigned","represents":{"regionType":"StateRegion","regionCode":"IL"},"note":[{"type":"Note","noteType":"FootNote","content":"Served during the first session."}]}}],"creativeWork":[{"freeFormCitationText":"Bloom, Jo Tice. \"Peaceful Politics: The Delegates from Illinois Territory, 1809-1818.\" <i>Old Northwest</i> 6 (Fall 1980): 203-15."},{"freeFormCitationText":"Peterson, Clarence Stewart. <i>First Governors of the Forty-eight States, </i>pp. 52-53. N.p.: Hobson Book Press, 1947."}],"researchRecord":[{"name":"1 item, 1806.","recordType":["Papers"],"description":"A handwritten certificate allowing Shadrack Bond to collect $100.00 for being a member of the General Assembly of the Indiana Territory.","recordLocation":{"name":"Ohio Historical Society","location":{"addressLocality":"Columbus","addressRegion":"OH"}}}]}}
