{"data":{"usCongressBioId":"B001098","familyName":"Burke","givenName":"Thomas","unaccentedFamilyName":"Burke","unaccentedGivenName":"Thomas","birthDate":"1747","birthCirca":true,"deathDate":"1783","deathCirca":false,"profileText":"A Delegate from North Carolina; born in Galway, Ireland, about 1747; studied medicine; immigrated to America in 1764, settled in Accomac County, Va., and practiced; studied law; was admitted to the bar and commenced practice in Norfolk, Va.; moved to Hillsboro, N.C., in 1771; delegate to the State convention at New Bern and Hillsboro in 1775 and at Halifax in 1776; member of the State house of commons in 1777; Member of the Continental Congress from 1777 to 1781, when he became the third Governor of North Carolina under its State constitution; kidnaped by the Tories September 13, 1781, and carried to Charleston, S.C., where he was held as a hostage; succeeded in escaping; resumed his duties as Governor February 1, 1782, and served until April 22, 1782; died at ``Tyaquin,'' near Hillsboro, Orange County, N.C., December 2, 1783; interment in Mars Hill Churchyard, near Hillsboro, N.C.","relationship":[],"asset":[],"jobPositions":[{"job":{"name":"Delegate","jobType":"CongressMemberJob"},"congressAffiliation":{"congress":{"name":"The 2nd Continental Congress","congressNumber":2,"congressType":"ContinentalCongress","startDate":"1775-05-10","endDate":"1781-03-01"},"represents":{"regionType":"StateRegion","regionCode":"NC"}}},{"job":{"name":"Delegate","jobType":"CongressMemberJob"},"congressAffiliation":{"congress":{"name":"The Confederation Congress","congressNumber":1,"congressType":"ConfederationCongress","startDate":"1781-03-01","endDate":"1789-03-02"},"represents":{"regionType":"StateRegion","regionCode":"NC"}}}],"creativeWork":[{"freeFormCitationText":"Burke, Thomas. <i>Poems, on Divers Matters, Including a Few Written in Praise of the American War for Independence Against Great Britain; &amp; Also a Number Concerning a Young Man's Affairs of the Heart</i> . Introduction &amp; notes by Richard Walser. Raleigh, N.C.: State Dept. of Archives and History, 1961."},{"freeFormCitationText":"Langston, Scott Michael. \"Negotiating the Boundaries of Power: Governor Thomas Burke as Mediator in Revolutionary North Carolina,\" M. A. Thesis, University of Texas at Arlington, 2000."},{"freeFormCitationText":"Nesbit, Robert Carrington. \"Judge Thomas Burke: Satrap to the Empire Builder. A Biography.\" Ph. D. Diss., University of Washington, 1957."},{"freeFormCitationText":"Sanders, Jennings B. \"Thomas Burke in the Continental Congress.'' <i>North Carolina Historical Review</i> 9 (January 1932): 22-37."},{"freeFormCitationText":"Watterson, John S. \"Dr. Thomas Burke, A Revolutionary Career,\" Ph. D. Diss., Northwestern University, 1970."},{"freeFormCitationText":"___. \"Thomas Burke, Paradoxical Patriot.'' <i>Historian</i> 41 (August 1979): 664-81."},{"freeFormCitationText":"___. <i>Thomas Burke, Restless Revolutionary</i>. Washington, D. C.: University Press of America, 1980."}],"researchRecord":[{"name":"1777, 1 item.","recordType":["Papers"],"description":"A letter from Thomas Burke to Governor Caswell of North Carolina written on July 30, 1777. In the letter, Thomas Burke writes about the threatened occupation of Philadelphia by the British.","recordLocation":{"name":"Department of Literary and Historical Manuscripts","location":{"addressLocality":"New York","addressRegion":"NY"},"parentRecordLocation":{"name":"The Morgan Library","location":{"addressLocality":"New York","addressRegion":"NY"}}}},{"name":"1781, 1 item.","recordType":["Papers"],"description":"A letter from Thomas Burke to General Greene written on July 4, 1781. In the letter, Thomas Burke writes about the General Assembly and their action upon a request for horses made by General Greene.","recordLocation":{"name":"Department of Literary and Historical Manuscripts","location":{"addressLocality":"New York","addressRegion":"NY"},"parentRecordLocation":{"name":"The Morgan Library","location":{"addressLocality":"New York","addressRegion":"NY"}}}},{"name":"1779-1782, 7 items.","recordType":["Papers"],"description":"Letters of Thomas Burke, 1779-1782.","recordLocation":{"name":"Manuscript Division","location":{"addressLocality":"Washington","addressRegion":"DC"},"parentRecordLocation":{"name":"Library of Congress","location":{"addressLocality":"Washington","addressRegion":"DC"}}}}]}}
