{"data":{"usCongressBioId":"C000050","familyName":"Call","givenName":"Richard","middleName":"Keith","honorificPrefix":"Mr.","unaccentedFamilyName":"Call","unaccentedGivenName":"Richard","unaccentedMiddleName":"Keith","birthDate":"1792-10-24","birthCirca":false,"deathDate":"1862-09-14","deathCirca":false,"profileText":"A Delegate from the Territory of Florida; born near Petersburg, Va., October 24, 1792; attended the common schools and Mount Pleasant Academy; in 1814 entered the United States Army as first lieutenant in the Forty-fourth Infantry; special aide to Major General Jackson in the Battle of New Orleans; promoted to captain in July 1818 and resigned May 1, 1822; settled in the Territory of Florida; studied law; was admitted to the bar and practiced in Pensacola; member of the Territorial council in 1822; brigadier general of the West Florida Militia in 1823; elected to the Eighteenth Congress (March 4, 1823-March 3, 1825); receiver of the land office of the Territory of Florida; Governor of the Territory 1835-1840 and 1841-1844; unsuccessful candidate of the Whig Party for Governor of the new State in 1845; died in Tallahassee, Fla., September 14, 1862; interment in a private cemetery on his estate.","relationship":[{"relationshipType":"uncle","relatedTo":{"usCongressBioId":"C000051","familyName":"Call","givenName":"Wilkinson","unaccentedFamilyName":"Call","unaccentedGivenName":"Wilkinson","birthDate":"1834","birthCirca":false,"deathDate":"1910","deathCirca":false}}],"asset":[],"jobPositions":[{"job":{"name":"Delegate","jobType":"CongressMemberJob"},"startDate":"1823-12-05","startCirca":false,"congressAffiliation":{"congress":{"name":"The 18th United States Congress","congressNumber":18,"congressType":"USCongress","startDate":"1823-12-01","endDate":"1825-03-03"},"represents":{"regionType":"StateRegion","regionCode":"FL"}}}],"creativeWork":[{"freeFormCitationText":"Call, R. K. (Richard Keith). <i>Argument of the counsel for the United States in the Supreme Court, in the cases of the United States vs. George I.F. Clark, John and Antonio Huertes, Joseph M. Hernandez, et al</i>. [Washington, D.C.?: N.p., 1834]."},{"freeFormCitationText":"___. <i>Explanation of the picture of Andrew Jackson before Judge Hall, at New Orleans, 1815 : sustaining the laws of his country, as he had defended her liberties in the field, painted by C. Schussele, of Philadelphia</i>. Philadelphia: C.J. Hedenberg, [1860?]"},{"freeFormCitationText":"___.<i> To the public</i>. [Washington, D.C.?: R.K. Call, between 1823 and 1825]."},{"freeFormCitationText":"___. <i>Union.--Slavery.--Secession. Letter from Governor R. K. Call, of Florida, to John S. Littell, of Germantown, Pennsylvania</i>. Philadelphia: C. Sherman &amp; Son, printers, 1861."},{"freeFormCitationText":"Doherty, Herbert J. <i>Richard Keith Call, Southern Unionist.</i> Gainesville: University of Florida Press, 1961."},{"freeFormCitationText":"___. \"Richard K. Call vs. The Federal Government on the Seminole War.\" <i>Florida Historical Quarterly</i> 31 (January 1953): 163-80."},{"freeFormCitationText":"Halsell, Willie D. \" Early Letters From R.K. Call.\" <i>Florida Historical Quarterly</i> 39 (January 1961): 266-69."},{"freeFormCitationText":"Martin, Sidney Walter. \"Richard Keith Call, Florida Territorial Leader.\" <i>Florida Historical Quarterly</i> 21 (April 1943): 332-51."}],"researchRecord":[{"name":"ca. 1828-1836, 2 items.","recordType":["Papers"],"description":"Letters of R. K. Call, 1828-1836.","recordLocation":{"name":"Manuscript Division","location":{"addressLocality":"Washington","addressRegion":"DC"},"parentRecordLocation":{"name":"Library of Congress","location":{"addressLocality":"Washington","addressRegion":"DC"}}}},{"name":"1861, 1 item.","recordType":["Papers"],"description":"A letter from John S. Littell to R.K. Call written on March 26, 1861. In the letter, John Littell writes concerning the condition of slaves in the South.","recordLocation":{"name":"Manuscript Division","location":{"addressLocality":"Washington","addressRegion":"DC"},"parentRecordLocation":{"name":"Library of Congress","location":{"addressLocality":"Washington","addressRegion":"DC"}}}},{"name":"In the Lewis Eller Asher Autograph Collection, 1757-1925, 93 items.","recordType":["Papers"],"description":"Correspondents include Richard K. Call.","recordLocation":{"name":"Manuscript Division","location":{"addressLocality":"Washington","addressRegion":"DC"},"parentRecordLocation":{"name":"Library of Congress","location":{"addressLocality":"Washington","addressRegion":"DC"}}}},{"name":"In the Andrew Jackson Donelson Papers, ca. 1779-1943, 4000 items.","recordType":["Papers"],"description":"Persons represented include Richard K. Call. A finding aid is available in the library.","recordLocation":{"name":"Manuscript Division","location":{"addressLocality":"Washington","addressRegion":"DC"},"parentRecordLocation":{"name":"Library of Congress","location":{"addressLocality":"Washington","addressRegion":"DC"}}}},{"name":"In the Andrew Jackson Papers, ca. 1775-1860, approximately 26,000 items.","recordType":["Papers"],"description":"Correspondents include R.K. Call. A finding aid is available in the library.","recordLocation":{"name":"Manuscript Division","location":{"addressLocality":"Washington","addressRegion":"DC"},"parentRecordLocation":{"name":"Library of Congress","location":{"addressLocality":"Washington","addressRegion":"DC"}}}},{"name":"ca. 1804-1905, 2.5 linear feet.","recordType":["Papers"],"description":"Political and personal correspondence, chiefly 1821-1849, of R.K. Call, including letters from Andrew Jackson; and correspondence, chiefly 1873-1901, of Call's daughter, Ellen Call Long, author, of Tallahassee, Fla. Also included are writings, speeches, manuscripts of histories of Florida, and miscellaneous other papers.","recordLocation":{"name":"Southern Historical Collection","location":{"addressLocality":"Chapel Hill","addressRegion":"NC"},"parentRecordLocation":{"name":"University of North Carolina","location":{"addressLocality":"Chapel Hill","addressRegion":"NC"}}}},{"name":"ca. 1791-1845, 0.25 cubic foot.","recordType":["Papers"],"description":"This collection contains correspondence, 1825-1849, of Richard Keith Call. The letters discuss the determination of land ownership; disposition of the territorial archives; the First and Second Seminole Wars, including the Battles of Withlacoochee, Fort Drane, and Wahoo Swamp; and political matters. Call's correspondents include: Secretary of State Martin Van Buren; Attorney General William Wirt; Jacob Houseman and Charles Home of Indian Key; Colonel William Bailey; William Pope DuVal; R.C. Allen; and William Reynolds. Other correspondence includes: translated copies of letters, 1791-1794, to the Captain General of Cuba, Don Luis de las Casas, from the governor of East Florida, Juan Quesada; a partial letter, 1831, probably to President Andrew Jackson; a letter from Duncan L. Clinch to R. Jones; a letter from B.K. Pierce to J.P. Crane; and the deposition of John Whitehead before the United States consul at Havana in 1830. It includes duplicate letters sent by Call and Thomas Brown to Thomas Ewing discussing political parties in 1849. Finally, it includes Call's acceptance in 1845 of the nomination as candidate for governor of Florida.","recordLocation":{"name":"Florida State Archives","location":{"addressLocality":"Tallahassee","addressRegion":"FL"}}},{"name":"1820-1860, 3 items.","recordType":["Papers"],"description":"The collection contains letters written to or relating to General Call. Included is a January 20, 1820 letter from General Edmund P. Gaines to Edmund Doyle, an Indian trader on the Apalachicola River. Gaines asks Doyle to communicate to the chiefs of the \"Seminoles\" and the Red Stick Creeks the desire of the United States Government to negotiate a treaty. Also included is a December 1826 letter from Andrew Jackson to Richard Keith Call dealing primarily with Call's disagreement with Colonel Joseph White and the settlement of Call's father-in-law's will. Jackson notes his feelings toward Call. The third letter is from Edward Everett to Richard Keith Call, dated December 31, 1860. Everett, a noted Massachusetts orator, thanks the General for sending him copies of Call's recent pro-union, anti-secession pamphlet, \"An Address to the People of Florida from General Richard Keith Call.\" Everett comments on the secession crisis and his belief that General Winfield Scott should be given temporary dictatorial powers to prevent civil war.","recordLocation":{"name":"Florida State Archives","location":{"addressLocality":"Tallahassee","addressRegion":"FL"}}},{"name":"1861, 0.25 cubic foot.","recordType":["Papers"],"description":"The collection is made up of a typescript copy of R.K. Call's reminiscences, which he recorded for his grandson at the behest of his daughter, Ellen Call Long. Call biographer, Herbert J. Doherty, Jr., said the journal was \"a valuable source for the early years of Call's life, giving information not to be found elsewhere.\" Doherty stated also that the journal was actually finished by Ellen Call Long. The journal begins with a depiction of Call's early life before coming to Florida. Much of the account deals with his military career during the Creek War and the First and Second Seminole Wars. He details his relationship with Andrew Jackson at the Battle of Withlocoohee, as well as his leadership role as territorial governor and commander of American troops fighting the Seminoles. Call includes some information on his term as Florida's territorial governor. The journal ends with Call's service in the Second Seminole War.","recordLocation":{"name":"Florida State Archives","location":{"addressLocality":"Tallahassee","addressRegion":"FL"}}},{"name":"In the Territorial Governors Correspondence, 1820-1845, 1.75 cubic feet.","recordType":["Papers"],"description":"Persons represented include Richard Keith Call. A folder listing is available in the repository.","recordLocation":{"name":"Florida State Archives","location":{"addressLocality":"Tallahassee","addressRegion":"FL"}}},{"name":"In the Territorial and State Governors Letterbooks, 1836-1909, 83 volumes.","recordType":["Papers"],"description":"Correspondents include Richard Keith Call.","recordLocation":{"name":"Florida State Archives","location":{"addressLocality":"Tallahassee","addressRegion":"FL"}}},{"name":"1834, 1 item.","recordType":["Papers"],"description":"This letter, signed by R.K. Call is as follows: \"Dear Sir. I have received your kind letter and have but a minute to say I am much obliged to you and that John W. Smith of Quincy Florida should be appointed keeper of the light house at Appalachicola\"","recordLocation":{"name":"Special Collections, Robert Manning Strozier Library","location":{"addressLocality":"Tallahassee","addressRegion":"FL"},"parentRecordLocation":{"name":"Florida State University","url":"http://pepper.cpb.fsu.edu/polaris","location":{"addressLocality":"Tallahassee","addressRegion":"FL"}}}},{"name":"In the Zachary Taylor Letters, 1839-1842, 2 items.","recordType":["Papers"],"description":"One letter (Mar. 11, 1839) from Zachary Taylor to the governor of the Florida Territory, R.K. Call, regarding plans to use militia and regular army troops to drive the Seminoles from middle Florida in response to recent deadly raids near the territorial capital.","recordLocation":{"name":"Newberry Library","location":{"addressLocality":"Chicago","addressRegion":"IL"}}},{"name":"1814-1862, 40 items","recordType":["Papers"],"description":"This collection of R.K. Call contains scattered correspondence, dating from 1814 to 1862 including letters to future Presidents Andrew Jackson and Martin Van Buren. Also of interest are letters concerning a near duel with political opponent Joseph M. White and a letter sent from Havana while on a mission to Cuba on behalf of the U.S. government to secure copies or original documents concerning land claims in Florida.","recordLocation":{"name":"University of Florida","location":{"addressLocality":"Gainesville","addressRegion":"FL"}}}]}}
