{"data":{"usCongressBioId":"C000472","familyName":"Clarkson","givenName":"Matthew","unaccentedFamilyName":"Clarkson","unaccentedGivenName":"Matthew","birthDate":"1733","birthCirca":false,"deathDate":"1800","deathCirca":false,"profileText":"A Delegate from Pennsylvania; born in New York City in April 1733; moved to Philadelphia, Pa.; was justice of the court of common pleas, quarter sessions of the peace, and of the Philadelphia orphans' court in 1771 and 1772; elected to the Continental Congress in 1785, but did not serve; member of the board of aldermen in 1789; mayor of Philadelphia 1792-1796; died in Philadelphia, Pa., October 5, 1800; interment in Christ Church Burying Ground.","relationship":[],"asset":[],"jobPositions":[],"creativeWork":[{"freeFormCitationText":"Clarkson, Matthew. <i>An Address to the Citizens of Philadelphia, Respecting the Better Government of Youth</i>. Philadelphia, PA: Printed by Ormrod &amp; Conrad, 1795."},{"freeFormCitationText":"Hall, John. <i>Memoirs of Matthew Clarkson of Philadelphia, 1735-180</i>0. Philadelphia, PA: Thomson Printing Company, 1890."}],"researchRecord":[{"name":"1795, 1 item.","recordType":["Papers"],"description":"A letter from Matthew Clarkson to Governor Trimble written on April 15, 1795.","recordLocation":{"name":"Department of Literary and Historical Manuscripts","location":{"addressLocality":"New York","addressRegion":"NY"},"parentRecordLocation":{"name":"The Morgan Library","location":{"addressLocality":"New York","addressRegion":"NY"}}}},{"name":"In the Francis Hopkinson Papers, 1780, 1 page.","recordType":["Papers"],"description":"A letter from Francis Hopkinson to Matthew Clarkson written on August 11, 1780. In the letter, Francis Hopkins, as an admiralty judge, orders a halt to the public sale of cargo of salt until after the trial of the ship <i>Albion</i>.","recordLocation":{"name":"J. S. Copley Library","location":{"addressLocality":"La Jolla","addressRegion":"CA"},"parentRecordLocation":{"name":"Copley Press, Inc.","location":{"addressLocality":"La Jolla","addressRegion":"CA"}}}},{"name":"In the William Clifton Papers, 1791-1798, 1 volume.","recordType":["Papers"],"description":"Includes several obituaries, pastoral poems and odes on the deaths of certain individuals, including Dr. Matthew Clarkson.","recordLocation":{"name":"Historical Society of Pennsylvania","location":{"addressLocality":"Philadelphia","addressRegion":"PA"}}},{"name":"In the Pennsylvania Court of Admiralty Records, 1770-1804, 3 linear feet.","recordType":["Papers"],"description":"Subjects covered include Matthew Clarkson.","recordLocation":{"name":"Historical Society of Pennsylvania","location":{"addressLocality":"Philadelphia","addressRegion":"PA"}}},{"name":"1801, 1 item.","recordType":["Papers"],"description":"A letter from Matthew Clarkson.","recordLocation":{"name":"Manuscript Division","location":{"addressLocality":"Washington","addressRegion":"DC"},"parentRecordLocation":{"name":"Library of Congress","location":{"addressLocality":"Washington","addressRegion":"DC"}}}},{"name":"In the Baynton, Wharton, and Morgan Records, 1766-1767, 9 items.","recordType":["Papers"],"description":"Other authors include Matthew Clarkson.","recordLocation":{"name":"Abraham Lincoln Presidential Library","location":{"addressLocality":"Springfield","addressRegion":"IL"}}}]}}
