{"data":{"usCongressBioId":"C000092","familyName":"Campbell","givenName":"John","middleName":"Goulder","unaccentedFamilyName":"Campbell","unaccentedGivenName":"John","unaccentedMiddleName":"Goulder","birthDate":"1827","birthCirca":false,"deathDate":"1903","deathCirca":false,"profileText":"A Delegate from the Territory of Arizona; born in Glasgow, Scotland, June 25, 1827; immigrated to the United States in 1841 and settled in the State of New York; attended the public high schools; moved to California in 1849 and engaged in numerous occupations; moved to Prescott, Ariz., in 1863 and engaged in mercantile pursuits and stock raising; member of the Territorial house of representatives, 1868-1874; county supervisor of Yavapai County; elected as a Democrat to the Forty-sixth Congress (March 4, 1879-March 3, 1881); resumed his former business pursuits; also engaged in the hotel business and in stock raising; died in Prescott, Ariz., December 22, 1903; interment in Mountain View Cemetery.","relationship":[],"asset":[],"jobPositions":[{"job":{"name":"Delegate","jobType":"CongressMemberJob"},"congressAffiliation":{"congress":{"name":"The 46th United States Congress","congressNumber":46,"congressType":"USCongress","startDate":"1879-03-18","endDate":"1881-03-03"},"partyAffiliation":[{"party":{"name":"Democrat"}}],"caucusAffiliation":[{"party":{"name":"Democrat"}}],"represents":{"regionType":"StateRegion","regionCode":"AZ"}}}],"creativeWork":[{"freeFormCitationText":"Campbell, John Goulder. <i>Reply of Hon. John G. Campbell to Judge Chas. Silent, in the matter of charges preferred by the former against the latter, and statement of Capt. Chas. P. Eagan</i>. Washington, D.C.: Gibson Bros., Printers, 1880."}],"researchRecord":[{"name":"In the Hubert Howe Bancroft Collection, n.d., 1 item.","recordType":["Papers"],"description":"One of a series of dictations, from John Goulder Campbell, regarding people and events in Arizona Territory. The dictation is also available on microfilm.","recordLocation":{"name":"The Bancroft Library","location":{"addressLocality":"Berkeley","addressRegion":"CA"},"parentRecordLocation":{"name":"University of California","location":{"addressLocality":"Berkeley","addressRegion":"CA"}}}}]}}
