{"data":{"usCongressBioId":"C000318","familyName":"Chapman","givenName":"William","middleName":"Williams","honorificPrefix":"Mr.","unaccentedFamilyName":"Chapman","unaccentedGivenName":"William","unaccentedMiddleName":"Williams","birthDate":"1808-08-11","birthCirca":false,"deathDate":"1892-10-18","deathCirca":false,"profileText":"A Delegate from the Territory of Iowa; born in Clarksburg, Marion County, Va. (now West Virginia), August 11, 1808; attended the common schools; studied law while serving as clerk of the court; was admitted to the bar and commenced practice in Middleton; was one of the first settlers in Burlington, Iowa (then Michigan Territory), in 1835; prosecuting attorney of Michigan Territory in 1836; first district attorney when Wisconsin Territory was organized in July 1836; after the Territory of Iowa was granted representation he was elected as a Democrat to the Twenty-fifth and Twenty-sixth Congresses and served from September 10, 1838, to October 27, 1840, when his term expired by law; moved to Agency City, an Indian village, in Wapello County, Iowa, in 1843; elected from that county as a delegate to the first constitutional convention in Iowa City in 1844; started across the plains to become a pioneer of Oregon in 1847; went to California in 1848; returned to Oregon; member of the Oregon house of representatives; was one of the founders of the Oregonian, the first newspaper established in the Territory; surveyor general in 1858; died in Portland, Oreg., on October 18, 1892; interment in the Lone Fir Cemetery.","relationship":[],"asset":[],"jobPositions":[{"job":{"name":"Delegate","jobType":"CongressMemberJob"},"startDate":"1838-09-10","startCirca":false,"congressAffiliation":{"congress":{"name":"The 25th United States Congress","congressNumber":25,"congressType":"USCongress","startDate":"1837-03-04","endDate":"1839-03-03"},"partyAffiliation":[{"party":{"name":"Democrat"}}],"caucusAffiliation":[{"party":{"name":"Democrat"}}],"represents":{"regionType":"StateRegion","regionCode":"IA"},"note":[{"type":"Note","noteType":"FootNote","content":"Took his seat December 3, 1838."}]}},{"job":{"name":"Delegate","jobType":"CongressMemberJob"},"startDate":"1839-03-04","startCirca":false,"endDate":"1840-10-27","endCirca":false,"departureReason":"OtherDepartureReason","congressAffiliation":{"congress":{"name":"The 26th United States Congress","congressNumber":26,"congressType":"USCongress","startDate":"1839-12-02","endDate":"1841-03-03"},"departureReason":"OtherDepartureReason","partyAffiliation":[{"party":{"name":"Democrat"}}],"caucusAffiliation":[{"party":{"name":"Democrat"}}],"represents":{"regionType":"StateRegion","regionCode":"IA"},"note":[{"type":"Note","noteType":"FootNote","content":"Served until October 27, 1840, when his term expired under the provisions of the act of March 3, 1839."}]}}],"creativeWork":[{"freeFormCitationText":"Colton, Kenneth E. \"W. W. Chapman, Delegate to Congress from Iowa Territory.\" <i>Annals of Iowa</i> 3rd Series, 21 (April 1938): 283-95."},{"freeFormCitationText":"Swisher, Jacob A. \"Iowa Delegates to Congress.\" <i>Palimpsest</i> 27 (January 1946): 19-29."}],"researchRecord":[]}}
