{"data":{"usCongressBioId":"C000246","familyName":"Caswell","givenName":"Richard","unaccentedFamilyName":"Caswell","unaccentedGivenName":"Richard","birthDate":"1729","birthCirca":false,"deathDate":"1789","deathCirca":false,"profileText":"A Delegate from North Carolina; born in Harford (now Baltimore) County, Md., August 3, 1729; moved to North Carolina in 1746; appointed deputy surveyor of the colony in 1750; clerk of the court of Orange County 1752-1754; studied law; was admitted to the bar in 1754 and commenced practice in Hillsboro, N.C.; member of the colonial house of delegates 1754-1771, and served as speaker the last two years; commanded the right wing of Governor Tryon's army at the Battle of Alamance in 1771; served in the Revolutionary Army; Member of the Continental Congress 1774-1775; commanded the patriots at the Battle of Moores Creek Bridge, North Carolina, February 23, 1776; appointed brigadier general of the New Bern District by the Provincial Congress in 1776; delegate to the State constitutional convention and its president in 1776; Governor of North Carolina 1776-1780; commanded the North Carolina troops at the Battle of Camden in 1780; comptroller general in 1782; member of the State senate 1782-1784 and served as speaker; again elected Governor in 1785 and served until 1787; appointed delegate from North Carolina to the convention that framed the Federal Constitution in 1787, but did not attend; member of the State convention at Fayetteville, N.C., that adopted the Federal Constitution in 1789; member and speaker of the State house of commons in 1789 and served until his death in Fayetteville, N.C., November 10, 1789; interment in the family cemetery on his estate near Kinston, Lenoir County, N.C.","relationship":[],"asset":[],"jobPositions":[{"job":{"name":"Delegate","jobType":"CongressMemberJob"},"congressAffiliation":{"congress":{"name":"The 1st Continental Congress","congressNumber":1,"congressType":"ContinentalCongress","startDate":"1774-09-05","endDate":"1774-10-26"},"represents":{"regionType":"StateRegion","regionCode":"NC"}}},{"job":{"name":"Delegate","jobType":"CongressMemberJob"},"congressAffiliation":{"congress":{"name":"The 2nd Continental Congress","congressNumber":2,"congressType":"ContinentalCongress","startDate":"1775-05-10","endDate":"1781-03-01"},"represents":{"regionType":"StateRegion","regionCode":"NC"}}}],"creativeWork":[{"freeFormCitationText":"Connor, R.D.W. (Robert Digges Wimberly). \"Richard Caswell, \"<i> in Revolutionary Leaders of North Carolina</i>, 79-101. 1916. Reprint, Spartanburg, S.C.: Reprint Co., 1971."}],"researchRecord":[{"name":"1777, 1 item.","recordType":["Papers"],"description":"A letter from Richard Caswell to General James Moore written on February 6, 1777. In the letter, Richard Caswell orders General Moore and his troops to join those of General Washington without delay and recommends he increase his regiments to full strength.","recordLocation":{"name":"Department of Literary and Historical Manuscripts","location":{"addressLocality":"New York","addressRegion":"NY"},"parentRecordLocation":{"name":"The Morgan Library","location":{"addressLocality":"New York","addressRegion":"NY"}}}},{"name":"1781, 1 item.","recordType":["Papers"],"description":"A letter from Richard Caswell to Major General Greene written on March 3, 1781. In the letter, Richard Caswell writes concerning the need of militia.","recordLocation":{"name":"Department of Literary and Historical Manuscripts","location":{"addressLocality":"New York","addressRegion":"NY"},"parentRecordLocation":{"name":"The Morgan Library","location":{"addressLocality":"New York","addressRegion":"NY"}}}},{"name":"In the Ford Collection, 1787, 1 item.","recordType":["Papers"],"description":"A letter from Richard Caswell to the Governor of Massachusetts written on January 12, 1787.","recordLocation":{"name":"Department of Literary and Historical Manuscripts","location":{"addressLocality":"New York","addressRegion":"NY"},"parentRecordLocation":{"name":"The Morgan Library","location":{"addressLocality":"New York","addressRegion":"NY"}}}},{"name":"In the Thomas Burke Papers, 1777, 1 item.","recordType":["Papers"],"description":"A letter from Thomas Burke to Governor Richard Caswell written on July 30, 1777. In the letter, Thomas Burke writes concerning the threatened occupation of Philadelphia by the British.","recordLocation":{"name":"Department of Literary and Historical Manuscripts","location":{"addressLocality":"New York","addressRegion":"NY"},"parentRecordLocation":{"name":"The Morgan Library","location":{"addressLocality":"New York","addressRegion":"NY"}}}},{"name":"In the John Penn Papers, n.d., 1 page.","recordType":["Papers"],"description":"A letter from John Penn to Richard Caswell.","recordLocation":{"name":"J. S. Copley Library","location":{"addressLocality":"La Jolla","addressRegion":"CA"},"parentRecordLocation":{"name":"Copley Press, Inc.","location":{"addressLocality":"La Jolla","addressRegion":"CA"}}}},{"name":"In the Jethro Sumner Papers, 1780, approximately 2 pages.","recordType":["Papers"],"description":"A letter from Jethro Sumner to Governor Richard Caswell written on January 28, 1780. In the letter, Jethro Sumner requests money from Governor Caswell to carry out General Lincoln's orders to apprehend deserters.","recordLocation":{"name":"J. S. Copley Library","location":{"addressLocality":"La Jolla","addressRegion":"CA"},"parentRecordLocation":{"name":"Copley Press, Inc.","location":{"addressLocality":"La Jolla","addressRegion":"CA"}}}},{"name":"In the William Whipple Papers, 1778, 2 pages.","recordType":["Papers"],"description":"A letter from William Whipple to Governor Richard Caswell written on November 11, 1778. In the letter, William Whipple writes about great and increasing problems with military food supplies, that Congress has had to learn more about state resources, especially \"Flour, Wheat, Rye, Barley, Oats, Corn &amp; Rice, Beef, Pork, working Oxen &amp; Horses, Cyder &amp; Vinegar.\"","recordLocation":{"name":"J. S. Copley Library","location":{"addressLocality":"La Jolla","addressRegion":"CA"},"parentRecordLocation":{"name":"Copley Press, Inc.","location":{"addressLocality":"La Jolla","addressRegion":"CA"}}}},{"name":"In Washington Irving's Life of George Washington, 1764-1805, 81 items.","recordType":["Papers"],"description":"Includes a letter from Richard Caswell to the General Assembly written on May 3, 1777.","recordLocation":{"name":"Carl A. Kroch Library","location":{"addressLocality":"Ithaca","addressRegion":"NY"},"parentRecordLocation":{"name":"Cornell University","location":{"addressLocality":"Ithaca","addressRegion":"NY"}}}},{"name":"In the North Carolina Papers, ca. 1777-1827, approximately 300 items.","recordType":["Papers"],"description":"Persons represented include Richard Caswell.","recordLocation":{"name":"Historical Society of Pennsylvania","location":{"addressLocality":"Philadelphia","addressRegion":"PA"}}},{"name":"In the Miscellaneous Manuscripts Collection, 1777-1787, 20 items.","recordType":["Papers"],"description":"Includes papers of Richard Caswell.","recordLocation":{"name":"Manuscript Division","location":{"addressLocality":"Washington","addressRegion":"DC"},"parentRecordLocation":{"name":"Library of Congress","location":{"addressLocality":"Washington","addressRegion":"DC"}}}},{"name":"In the Nathanael Greene Papers, 1781-1782, 2 volumes.","recordType":["Papers"],"description":"Correspondents include Richard Caswell. A finding aid is available in the repository.","recordLocation":{"name":"Manuscript Division","location":{"addressLocality":"Washington","addressRegion":"DC"},"parentRecordLocation":{"name":"Library of Congress","location":{"addressLocality":"Washington","addressRegion":"DC"}}}},{"name":"In the John Page Papers, 1777, 1 item.","recordType":["Papers"],"description":"A letter from John Page to Richard Caswell written on September 26, 1777. In the letter, John Page writes concerning an agreement between Virginia and North Carolina to combine resources to build new vessels to help defend the coast. John Page also mentions the North Carolina militia and states that George Washington has received reinforcements and that General William Howe has retired from Brandywine at Wilmington.","recordLocation":{"name":"John D. Rockefeller Jr. Library","location":{"addressLocality":"Williamsburg","addressRegion":"VA"},"parentRecordLocation":{"name":"Colonial Williamsburg Foundation","location":{"addressLocality":"Williamsburg","addressRegion":"VA"}}}},{"name":"ca. 1776-1914, 31 items.","recordType":["Papers"],"description":"The papers primarily include correspondence relating to North Carolina and United States military and political issues of the Revolutionary and post-Revolutionary periods.","recordLocation":{"name":"Southern Historical Collection, Manuscripts Department, Wilson Library","location":{"addressLocality":"Chapel Hill","addressRegion":"NC"},"parentRecordLocation":{"name":"University of North Carolina at Chapel Hill","location":{"addressLocality":"Chapel Hill","addressRegion":"NC"}}}},{"name":"In the Patrick Henry Papers, 1777-1786, 6 items.","recordType":["Papers"],"description":"In a letter to Richard Caswell, Patrick Henry comments on possible actions by British forces. These letters are copies of letters held in The Morgan Library, New York, NY.","recordLocation":{"name":"Archives Branch","location":{"addressLocality":"Richmond","addressRegion":"VA"},"parentRecordLocation":{"name":"Library of Virginia","location":{"addressLocality":"Richmond","addressRegion":"VA"}}}},{"name":"In the Thomas Jefferson Papers, 1779, 2 pages.","recordType":["Papers"],"description":"A letter from Thomas Jefferson to Richard Caswell written on June 30, 1779. In the letter, Thomas Jefferson refers to enclosures which are not present, relevant to galleys and to settlers in the frontier border area between Virginia and North Carolina.","recordLocation":{"name":"Archives Branch","location":{"addressLocality":"Richmond","addressRegion":"VA"},"parentRecordLocation":{"name":"Library of Virginia","location":{"addressLocality":"Richmond","addressRegion":"VA"}}}}]}}
