{"data":{"usCongressBioId":"C000712","familyName":"Conway","givenName":"Henry","middleName":"Wharton","honorificPrefix":"Mr.","unaccentedFamilyName":"Conway","unaccentedGivenName":"Henry","unaccentedMiddleName":"Wharton","birthDate":"1793-03-18","birthCirca":false,"deathDate":"1827-11-09","deathCirca":false,"profileText":"A Delegate from the Territory of Arkansas; born near Greeneville, Greene County, Tenn., March 18, 1793; educated by private tutors; enlisted as an ensign in the War of 1812 and was promoted to lieutenant in 1813; clerk in the Treasury Department, Washington, D.C., in 1817; moved to Missouri Territory in 1818 and to Arkansas Territory in 1820; receiver of public moneys in 1820 and 1821; elected a Delegate to the Eighteenth, Nineteenth, and Twentieth Congresses and served from March 4, 1823, until his death near Arkansas Post, Ark., then the Territorial seat of government, November 9, 1827; interment in Arkansas Post Cemetery.","relationship":[{"relationshipType":"cousin","relatedTo":{"usCongressBioId":"S000256","familyName":"Sevier","givenName":"Ambrose","middleName":"Hundley","honorificPrefix":"Mr.","unaccentedFamilyName":"Sevier","unaccentedGivenName":"Ambrose","unaccentedMiddleName":"Hundley","birthDate":"1801-11-04","birthCirca":false,"deathDate":"1848-12-31","deathCirca":false}}],"asset":[],"jobPositions":[{"job":{"name":"Delegate","jobType":"CongressMemberJob"},"startDate":"1824-12-09","startCirca":false,"congressAffiliation":{"congress":{"name":"The 18th United States Congress","congressNumber":18,"congressType":"USCongress","startDate":"1823-12-01","endDate":"1825-03-03"},"represents":{"regionType":"StateRegion","regionCode":"AR"}}},{"job":{"name":"Delegate","jobType":"CongressMemberJob"},"startDate":"1825-12-05","startCirca":false,"congressAffiliation":{"congress":{"name":"The 19th United States Congress","congressNumber":19,"congressType":"USCongress","startDate":"1825-03-04","endDate":"1827-03-03"},"represents":{"regionType":"StateRegion","regionCode":"AR"}}},{"job":{"name":"Delegate","jobType":"CongressMemberJob"},"endDate":"1827-11-09","endCirca":false,"departureReason":"Died","congressAffiliation":{"congress":{"name":"The 20th United States Congress","congressNumber":20,"congressType":"USCongress","startDate":"1827-12-03","endDate":"1829-03-03"},"departureReason":"Died","represents":{"regionType":"StateRegion","regionCode":"AR"},"note":[{"type":"Note","noteType":"FootNote","content":"Died November 9, 1827, before Congress assembled ."}]}}],"creativeWork":[],"researchRecord":[]}}
