{"data":{"usCongressBioId":"C000522","familyName":"Clingan","givenName":"William","unaccentedFamilyName":"Clingan","unaccentedGivenName":"William","birthDate":"1721","birthCirca":true,"deathDate":"1790","deathCirca":false,"profileText":"A Delegate from Pennsylvania; born probably near Wagontown, West Colen Township, Chester County, Pa., ca.1721; justice of the peace, Chester County, Pa., 1757-1786; Member of the Continental Congress, 1777-1779; signer of the Articles of Confederation, 1778; president of the Chester County, Pa., courts, 1780-1786; died on May 9, 1790; interment in Upper Octorara Burial Grounds, Chester County, Pa.","relationship":[],"asset":[],"jobPositions":[{"job":{"name":"Delegate","jobType":"CongressMemberJob"},"congressAffiliation":{"congress":{"name":"The 2nd Continental Congress","congressNumber":2,"congressType":"ContinentalCongress","startDate":"1775-05-10","endDate":"1781-03-01"},"represents":{"regionType":"StateRegion","regionCode":"PA"}}}],"creativeWork":[],"researchRecord":[]}}
