{"data":{"usCongressBioId":"C001115","familyName":"Cloud","givenName":"Michael","unaccentedFamilyName":"Cloud","unaccentedGivenName":"Michael","birthDate":"1975-05-13","birthCirca":false,"birthDateUnknown":false,"deathCirca":false,"deathDateUnknown":false,"profileText":"a Representative from Texas; born in Baton Rouge, East Baton Rouge Parish, La., May 13, 1975; graduated from Miamisburg High School, Miamisburg, Ohio, 1993; B.S., Oral Roberts University, Tulsa, Okla., 1997; communications director; business owner; elected as a Republican to the One Hundred Fifteenth Congress, by special election, to fill the vacancy caused by the resignation of United States Representative Blake Farenthold, and reelected to the four succeeding Congresses (June 30, 2018-present).","relationship":[],"asset":[],"jobPositions":[{"job":{"name":"Representative","jobType":"CongressMemberJob"},"startDate":"2018-06-30","startCirca":false,"endCirca":false,"congressAffiliation":{"congress":{"name":"The 115th United States Congress","congressNumber":115,"congressType":"USCongress","startDate":"2017-01-03","endDate":"2019-01-03"},"partyAffiliation":[{"party":{"name":"Republican"},"startCirca":false,"endCirca":false}],"caucusAffiliation":[{"party":{"name":"Republican"},"startCirca":false,"endCirca":false}],"represents":{"regionType":"DistrictRegion","regionCode":"TX"},"electionType":"Special"}},{"job":{"name":"Representative","jobType":"CongressMemberJob"},"congressAffiliation":{"congress":{"name":"The 116th United States Congress","congressNumber":116,"congressType":"USCongress","startDate":"2019-01-03","endDate":"2021-01-03"},"partyAffiliation":[{"party":{"name":"Republican"}}],"caucusAffiliation":[{"party":{"name":"Republican"}}],"represents":{"regionType":"StateRegion","regionCode":"TX"}}},{"job":{"name":"Representative","jobType":"CongressMemberJob"},"startCirca":false,"endCirca":false,"congressAffiliation":{"congress":{"name":"The 117th United States Congress","congressNumber":117,"congressType":"USCongress","startDate":"2021-01-03","endDate":"2023-01-03"},"partyAffiliation":[{"party":{"name":"Republican"},"startCirca":false,"endCirca":false}],"represents":{"regionType":"DistrictRegion","regionCode":"TX"}}},{"job":{"name":"Representative","jobType":"CongressMemberJob"},"startCirca":false,"endCirca":false,"congressAffiliation":{"congress":{"congressNumber":118,"congressType":"USCongress","name":"The 118th United States Congress","startDate":"2023-01-03","endDate":"2025-01-03"},"partyAffiliation":[{"party":{"name":"Republican"},"startCirca":false,"endCirca":false}],"caucusAffiliation":[{"party":{"name":"Republican"},"startCirca":false,"endCirca":false}],"represents":{"regionType":"DistrictRegion","regionCode":"TX"}}},{"job":{"name":"Representative","jobType":"CongressMemberJob"},"startDate":"2025-01-03","startCirca":false,"endCirca":false,"congressAffiliation":{"congress":{"name":"The 119th United States Congress","congressNumber":119,"congressType":"USCongress","startDate":"2025-01-03"},"electionType":"General","partyAffiliation":[{"party":{"name":"Republican"},"startCirca":false,"endCirca":false}],"caucusAffiliation":[{"party":{"name":"Republican"},"startCirca":false,"endCirca":false}],"represents":{"regionType":"DistrictRegion","regionCode":"TX"}}}],"creativeWork":[],"researchRecord":[],"deleted":false}}
