{"data":{"usCongressBioId":"D000514","familyName":"Duer","givenName":"William","unaccentedFamilyName":"Duer","unaccentedGivenName":"William","birthDate":"1747","birthCirca":false,"deathDate":"1799","deathCirca":false,"profileText":"(Grandfather of William Duer [1805-1879]), a Delegate from New York; born in Devonshire, England, March 18, 1747; completed preparatory studies and attended Eton College (England); in 1765 became aide-de-camp to Lord Clive, Governor General of India; immigrated to America in 1768 and settled in Fort Miller, N.Y.; appointed justice of the peace on July 1, 1773; first judge of Charlotte (now Washington) County; built the first saw and grist mills at Fort Miller, and later erected a snuff mill and a powder mill; was prominent in the Revolutionary movement; member of the Provincial Congress in 1776 and 1777; served in the State senate in 1777; appointed judge of the court of common pleas in 1777 and reappointed in 1778; moved to Fishkill, N.Y., and later to what is now Paterson, N.J., where he erected the first cotton mill; Member of the Continental Congress in 1777 and 1778; moved to New York City in 1783; served as a member of the State assembly in 1786; assistant secretary of the treasury department 1789-1790; died in New York City April 18, 1799; interment in the family vault under the old church of St. Thomas; reinterment in Jamaica, Long Island, N.Y.","relationship":[],"asset":[],"jobPositions":[{"job":{"name":"Delegate","jobType":"CongressMemberJob"},"congressAffiliation":{"congress":{"name":"The 2nd Continental Congress","congressNumber":2,"congressType":"ContinentalCongress","startDate":"1775-05-10","endDate":"1781-03-01"},"represents":{"regionType":"StateRegion","regionCode":"NY"}}}],"creativeWork":[{"freeFormCitationText":"Jones, Robert Francis. <i>The King of the Alley: William Duer: Politician, Entrepreneur, and Speculator, 1768-1799 (Memoirs of the American Philosophical Society, Volume 202)</i>. Philadelphia: American Philosophical Society, 1992."},{"freeFormCitationText":"----. \"The Public Career of William Duer: Rebel, Federalist Politician, Entrepreneur and Speculator 1775-1792.\" Ph.D. diss., University of Notre Dame, 1967."}],"researchRecord":[{"name":"1776, 1 item.","recordType":["Papers"],"description":"A letter from William Duer to the Pennsylvania Council of Safety written on October 11, 1776. William Duer notifies the council that thirty-three prisoners, charged with treason or otherwise too dangerous to remain in the state, have been sent to Pennsylvania.","recordLocation":{"name":"The Rosenbach Museum & Library","location":{"addressLocality":"Philadelphia","addressRegion":"PA"}}},{"name":"1790, 1 item.","recordType":["Papers"],"description":"A letter from William Duer to Benjamin Walker written on November 30, 1790. William Duer writes concerning the financial difficulties of the Scioto Land Company.","recordLocation":{"name":"The Rosenbach Museum & Library","location":{"addressLocality":"Philadelphia","addressRegion":"PA"}}},{"name":"1752-1802, approximately 4,100 items.","recordType":["Papers"],"description":"The papers include correspondence, accounts, contracts, invoices, receipts, notes, bills of exchange, leases, account books, deeds, bonds, vouchers, indentures, and legal papers relating to William Duer, his family, and associates. The business and financial papers document William Duer's sawmills and property at Fort Miller, New York; contracts to supply the Army with provisions, particularly in northern New York; distillery at Poughkeepsie; financial speculations, domestic and foreign trade, shipping, currency exchange, litigation, settlement of debts, sales of masts and spars, wholesale and retail sales and purchases, freight, and partnerships. Also documented is the formation of the Ohio and Scioto land companies and preparations for settling French immigrants on lands at Gallipolis, Ohio. The papers also include some materials on personal matters, government work, and debtor's prison in New York where the prisoners formed a \"court\" to preserve order.","recordLocation":{"name":"Manuscript Collections","location":{"addressLocality":"New York","addressRegion":"NY"},"parentRecordLocation":{"name":"The New-York Historical Society","location":{"addressLocality":"New York","addressRegion":"NY"}}}},{"name":"1774-1802, 3 volumes.","recordType":["Papers"],"description":"These volumes include correspondence, accounts, a letter book, and other papers of William Duer. Two bound volumes contain correspondence related to supplying the American army during the Revolution, the Scioto Land Company, and the settlement of Illinois. One volume is a letter book also containing copies of contracts, articles of agreement, and other items relating to ventures to supply the Royal Navy and later the governments of France and Spain with timbers for masts and spars.","recordLocation":{"name":"Manuscript Collections","location":{"addressLocality":"New York","addressRegion":"NY"},"parentRecordLocation":{"name":"The New-York Historical Society","location":{"addressLocality":"New York","addressRegion":"NY"}}}},{"name":"In the New York State Revolutionary War Collection, 1776-1785, 0.4 linear foot.","recordType":["Papers"],"description":"Persons represented include William Duer.","recordLocation":{"name":"Manuscript Collections","location":{"addressLocality":"New York","addressRegion":"NY"},"parentRecordLocation":{"name":"The New-York Historical Society","location":{"addressLocality":"New York","addressRegion":"NY"}}}},{"name":"In the Joel Barlow Papers, 1791, 6 items.","recordType":["Papers"],"description":"A letter from Joel Barlow to Colonel Benjamin Walker written on October 19, 1791. Joel Barlow writes a bitter complaint about his former employer, William Duer, chief perpetrator of the Scioto land scandal.","recordLocation":{"name":"John Hay Library","location":{"addressLocality":"Providence","addressRegion":"RI"},"parentRecordLocation":{"name":"Brown University","location":{"addressLocality":"Providence","addressRegion":"RI"}}}},{"name":"In the Duer Family Papers, 1784-1937, approximately 120 items.","recordType":["Papers"],"description":"Subjects covered include William Duer.","recordLocation":{"name":"Rare Book and Manuscript Library","location":{"addressLocality":"New York","addressRegion":"NY"},"parentRecordLocation":{"name":"Columbia University","location":{"addressLocality":"New York","addressRegion":"NY"}}}},{"name":"In Washington Irving's Life of George Washington, Volume VII, Miscellany, 1764-1792, 61 items.","recordType":["Papers"],"description":"The papers include a portrait of William Duer, as well as a letter from William Duer to James Greenleaf written on December 14, 1794.","recordLocation":{"name":"Carl A. Kroch Library","location":{"addressLocality":"Ithaca","addressRegion":"NY"},"parentRecordLocation":{"name":"Cornell University","location":{"addressLocality":"Ithaca","addressRegion":"NY"}}}},{"name":"In the United States Eastern District Court Records, 1790-1847, 23 reels.","recordType":["Microfilm"],"description":"These records include equity dockets and case files. Subjects covered in the records include William Duer.","recordLocation":{"name":"Manuscripts and Archives Department","location":{"addressLocality":"Greenville","addressRegion":"DE"},"parentRecordLocation":{"name":"Hagley Museum and Library","location":{"addressLocality":"Greenville","addressRegion":"DE"}}}},{"name":"In the United States Southern District Court Records, 1791-1846, 23 reels.","recordType":["Microfilm"],"description":"These records include equity dockets and case files. Subjects covered in the records include William Duer.","recordLocation":{"name":"Manuscripts and Archives Department","location":{"addressLocality":"Greenville","addressRegion":"DE"},"parentRecordLocation":{"name":"Hagley Museum and Library","location":{"addressLocality":"Greenville","addressRegion":"DE"}}}},{"name":"In the Hamilton Family Papers, ca. 1768-1906, 92 items.","recordType":["Papers"],"description":"Includes correspondence from William Duer concerning James A. Hamilton's bank plan, and William Duer's political difficulties.","recordLocation":{"name":"Historic Hudson Valley Library","location":{"addressLocality":"Tarrytown","addressRegion":"NY"}}},{"name":"In the Morris Family Papers, 1796-1854, 0.3 linear foot.","recordType":["Papers"],"description":"The papers include orders, 1799, to the sheriff of New York City to release William Duer from prison.","recordLocation":{"name":"Rare Books and Manuscripts Division","location":{"addressLocality":"New York","addressRegion":"NY"},"parentRecordLocation":{"name":"The New York Public Library","location":{"addressLocality":"New York","addressRegion":"NY"}}}},{"name":"In the John Williams Papers, 1767-1841, 1500 items.","recordType":["Papers"],"description":"Subjects covered include William Duer.","recordLocation":{"name":"Manuscripts and Special Collections","location":{"addressLocality":"Albany","addressRegion":"NY"},"parentRecordLocation":{"name":"New York State Library","location":{"addressLocality":"Albany","addressRegion":"NY"}}}},{"name":"In the DeWitt Family Papers, ca. 1705-1952, 3 cubic feet.","recordType":["Papers"],"description":"Correspondents include William Duer.","recordLocation":{"name":"Senate House State Historic Site","location":{"addressLocality":"Kingston","addressRegion":"NY"}}},{"name":"In the Jefferson Randolph Kean Papers, 1765-1938, approximately 50 items.","recordType":["Papers"],"description":"Correspondents include William Duer.","recordLocation":{"name":"Special Collections, Alderman Library","location":{"addressLocality":"Charlottesville","addressRegion":"VA"},"parentRecordLocation":{"name":"University of Virginia","location":{"addressLocality":"Charlottesville","addressRegion":"VA"}}}},{"name":"In the Sackett Family Papers, 1776-1814, approximately 20 items.","recordType":["Papers"],"description":"Correspondents include William Duer.","recordLocation":{"name":"Washington's Headquarters State Historic Site","location":{"addressLocality":"Newburgh","addressRegion":"NY"}}},{"name":"In the Miscellaneous Manuscripts Collection, 1776-1789, 4 items.","recordType":["Papers"],"description":"The papers include correspondence of William Duer.","recordLocation":{"name":"Manuscript Division","location":{"addressLocality":"Washington","addressRegion":"DC"},"parentRecordLocation":{"name":"Library of Congress","location":{"addressLocality":"Washington","addressRegion":"DC"}}}},{"name":"In the Simon Gratz Papers, 1677-1910, 100 linear feet.","recordType":["Papers"],"description":"Subjects covered in the papers include William Duer.","recordLocation":{"name":"Historical Society of Pennsylvania","location":{"addressLocality":"Philadelphia","addressRegion":"PA"}}},{"name":"In the Chew Family Papers, 1735-1796, 26 items.","recordType":["Papers"],"description":"Correspondents include William Duer.","recordLocation":{"name":"New Jersey Historical Society","location":{"addressLocality":"Newark","addressRegion":"NJ"}}},{"name":"In the Miscellaneous Manuscripts Collection, 1665-1956, 10 feet.","recordType":["Papers"],"description":"Persons represented include William Duer.","recordLocation":{"name":"New Jersey Historical Society","location":{"addressLocality":"Newark","addressRegion":"NJ"}}},{"name":"1790, 1 page.","recordType":["Papers"],"description":"A letter from William Duer to Bayard &amp; Company written on December 10, 1790. William Duer instructs his agents to honor a draft on his account by Joseph Hardy.","recordLocation":{"name":"Rauner Special Collections Library","location":{"addressLocality":"Hanover","addressRegion":"NH"},"parentRecordLocation":{"name":"Dartmouth College","location":{"addressLocality":"Hanover","addressRegion":"NH"}}}},{"name":"1778, 1 item.","recordType":["Papers"],"description":"A letter from William Duer to Comfort Sands written on October 17, 1778.","recordLocation":{"name":"Department of Literary and Historical Manuscripts","location":{"addressLocality":"New York","addressRegion":"NY"},"parentRecordLocation":{"name":"The Morgan Library","location":{"addressLocality":"New York","addressRegion":"NY"}}}},{"name":"1787, 1 item.","recordType":["Papers"],"description":"A letter from William Duer to Thomas Haswood written on October 30, 1787.","recordLocation":{"name":"Department of Literary and Historical Manuscripts","location":{"addressLocality":"New York","addressRegion":"NY"},"parentRecordLocation":{"name":"The Morgan Library","location":{"addressLocality":"New York","addressRegion":"NY"}}}},{"name":"1790, 1 item.","recordType":["Papers"],"description":"A letter from William Duer to General Irvine written on July 16, 1790.","recordLocation":{"name":"Department of Literary and Historical Manuscripts","location":{"addressLocality":"New York","addressRegion":"NY"},"parentRecordLocation":{"name":"The Morgan Library","location":{"addressLocality":"New York","addressRegion":"NY"}}}},{"name":"1792, 1 item.","recordType":["Papers"],"description":"A letter from William Duer to B. Walker written on January 22, 1792.","recordLocation":{"name":"Department of Literary and Historical Manuscripts","location":{"addressLocality":"New York","addressRegion":"NY"},"parentRecordLocation":{"name":"The Morgan Library","location":{"addressLocality":"New York","addressRegion":"NY"}}}},{"name":"1794, 1 item.","recordType":["Papers"],"description":"A letter from William Duer to an unidentified recipient written on October 9, 1794.","recordLocation":{"name":"Department of Literary and Historical Manuscripts","location":{"addressLocality":"New York","addressRegion":"NY"},"parentRecordLocation":{"name":"The Morgan Library","location":{"addressLocality":"New York","addressRegion":"NY"}}}},{"name":"1796, 1 item.","recordType":["Papers"],"description":"A letter from William Duer to Richard Varick, mayor of New York written on September 10, 1796.","recordLocation":{"name":"Department of Literary and Historical Manuscripts","location":{"addressLocality":"New York","addressRegion":"NY"},"parentRecordLocation":{"name":"The Morgan Library","location":{"addressLocality":"New York","addressRegion":"NY"}}}},{"name":"In the David Wooster Papers, 1777, 1 item.","recordType":["Papers"],"description":"A letter from David Wooster to Colonel William Duer written on March 2, 1777. David Wooster complains of the lack of co-operation by commanding officers and insubordination in the ranks.","recordLocation":{"name":"Department of Literary and Historical Manuscripts","location":{"addressLocality":"New York","addressRegion":"NY"},"parentRecordLocation":{"name":"The Morgan Library","location":{"addressLocality":"New York","addressRegion":"NY"}}}}]}}
