{"data":{"usCongressBioId":"E000155","familyName":"Elmer","givenName":"Jonathan","unaccentedFamilyName":"Elmer","unaccentedGivenName":"Jonathan","birthDate":"1745","birthCirca":false,"deathDate":"1817","deathCirca":false,"profileText":"a Delegate and a Senator from New Jersey; born in Cedarville, Cumberland County, N.J., November 29, 1745; completed preparatory studies; graduated from the first medical class of the University of Pennsylvania at Philadelphia in 1769 and practiced in Bridgeton, N.J.; high sheriff of Cumberland County 1772; chosen captain of a light infantry company 1775; Member of the Continental Congress 1777-1778, 1781-1783, and 1787-1788; member, State council 1780, 1784; trustee of the College of New Jersey (now Princeton University) 1782-1795; surrogate of Cumberland County 1784-1802; president of the State medical society 1787; elected to the United States Senate and served from March 4, 1789, to March 3, 1791; appointed presiding judge of the county court of common pleas in 1802 and served until his resignation in 1804; appointed to the same office in the winter of 1813, but, in February 1814, declined to serve further because of impaired health; died in Bridgeton, N.J., September 3, 1817; interment in the Old Presbyterian Cemetery.","relationship":[{"relatedTo":{"usCongressBioId":"E000154","familyName":"Elmer","givenName":"Ebenezer","honorificPrefix":"Mr.","unaccentedFamilyName":"Elmer","unaccentedGivenName":"Ebenezer","birthDate":"1752-08-23","birthCirca":false,"birthDateUnknown":false,"deathDate":"1843-10-18","deathCirca":false,"deathDateUnknown":false,"deleted":false},"relationshipType":"brother"},{"relatedTo":{"usCongressBioId":"E000156","familyName":"Elmer","givenName":"Lucius","middleName":"Quintius Cincinnatus","honorificPrefix":"Mr.","unaccentedFamilyName":"Elmer","unaccentedGivenName":"Lucius","unaccentedMiddleName":"Quintius Cincinnatus","birthDate":"1793-02-03","birthCirca":false,"deathDate":"1883-03-11","deathCirca":false},"relationshipType":"uncle"}],"asset":[],"jobPositions":[{"job":{"name":"Delegate","jobType":"CongressMemberJob"},"congressAffiliation":{"congress":{"name":"The 2nd Continental Congress","congressNumber":2,"congressType":"ContinentalCongress","startDate":"1775-05-10","endDate":"1781-03-01"},"represents":{"regionType":"StateRegion","regionCode":"NJ"}}},{"job":{"name":"Delegate","jobType":"CongressMemberJob"},"congressAffiliation":{"congress":{"name":"The Confederation Congress","congressNumber":1,"congressType":"ConfederationCongress","startDate":"1781-03-01","endDate":"1789-03-02"},"represents":{"regionType":"StateRegion","regionCode":"NJ"}}},{"job":{"name":"Senator","jobType":"CongressMemberJob"},"congressAffiliation":{"congress":{"name":"The 1st United States Congress","congressNumber":1,"congressType":"USCongress","startDate":"1789-03-04","endDate":"1791-03-03"},"partyAffiliation":[{"party":{"name":"Pro-Administration"}}],"caucusAffiliation":[{"party":{"name":"Pro-Administration"}}],"represents":{"regionType":"StateRegion","regionCode":"NJ"}}}],"creativeWork":[{"freeFormCitationText":"Sherk, Henry H. \"Two Doctors Elmer of Cumberland County: New Jersey's First United States Senator and a Revolutionary War Hero. <i>New Jersey Medicine</i> 99 (May 2002): 35-39."}],"researchRecord":[{"name":"2 speeches (1774, 1776); and 3 items (August 6, 1790-February 14, 1791) in George Washington papers.","recordType":["Papers"],"recordLocation":{"name":"Manuscript Division","location":{"addressLocality":"Washington","addressRegion":"DC"},"parentRecordLocation":{"name":"Library of Congress","location":{"addressLocality":"Washington","addressRegion":"DC"}}}},{"name":"February 5, 1791. 1 item.","recordType":["Papers"],"recordLocation":{"name":"Chicago Historical Society","location":{"addressLocality":"Chicago","addressRegion":"IL"}}},{"name":"March 26, 1789. 1 item.","recordType":["Papers"],"findingAid":false,"recordLocation":{"name":"Archives and Special Collections, Campbell Library","location":{"addressLocality":"Glassboro","addressRegion":"NJ"},"parentRecordLocation":{"name":"Rowan University","location":{"addressLocality":"Glassboro","addressRegion":"NJ"}}}},{"name":"1 item (December 8, 1789) in Gratz collection.","recordType":["Papers"],"recordLocation":{"name":"Historical Society of Pennsylvania","location":{"addressLocality":"Philadelphia","addressRegion":"PA"}}},{"name":"1 item (February 16, 1791) in J.S.H. Fogg autograph collection.","recordType":["Papers"],"recordLocation":{"name":"Maine Historical Society","location":{"addressLocality":"Portland","addressRegion":"ME"}}},{"name":"2 items (January 12, 1789; March 3, 1789) in Livingston papers.","recordType":["Papers"],"recordLocation":{"name":"Massachusetts Historical Society","url":"http://thomasjeffersonpapers.org/independence","location":{"addressLocality":"Boston","addressRegion":"MA"}}},{"name":"1 item (January 19, 1790) in Jonathan Dayton papers, 1789-1921; and correspondence in Stevens family papers, 1663-1959.","recordType":["Papers"],"recordLocation":{"name":"New Jersey Historical Society","location":{"addressLocality":"Newark","addressRegion":"NJ"}}},{"name":"2 letters (1777, 1779); and notes and a syllabus of medical lectures (1774-1775) in Ebenezer Elmer papers, 1774-1814.","recordType":["Papers"],"recordLocation":{"name":"Special Collections and University Archives","location":{"addressLocality":"New Brunswick","addressRegion":"NJ"},"parentRecordLocation":{"name":"Rutgers University Libraries","location":{"addressLocality":"New Brunswick","addressRegion":"NJ"}}}},{"name":"1766, 1771. 2 items. Medical student notebook (1766) and diploma.","recordType":["Papers"],"recordLocation":{"name":"University of Pennsylvania","location":{"addressLocality":"Philadelphia","addressRegion":"PA"}}}],"deleted":false}}
