{"data":{"usCongressBioId":"E000022","familyName":"Easton","givenName":"Rufus","honorificPrefix":"Mr.","unaccentedFamilyName":"Easton","unaccentedGivenName":"Rufus","birthDate":"1774-05-04","birthCirca":false,"deathDate":"1834-07-05","deathCirca":false,"profileText":"A Delegate from the Territory of Missouri; born in Litchfield, Conn., May 4, 1774; completed an academic course; studied law; was admitted to the bar and commenced practice in Rome, N.Y.; started west and settled in Vincennes, Indiana Territory, in 1804; moved to St. Louis, Mo. (then the District of Louisiana), and was appointed judge of the District of Louisiana in 1805; appointed the first postmaster of St. Louis and served from January 1, 1805, to January 1, 1815; elected a Delegate from the Territory of Missouri on September 17, 1814, and served until August 5, 1816; unsuccessfully contested the election of John Scott for the succeeding term; upon the organization of the State government in 1821 was appointed attorney general and served until 1826; engaged in the practice of law and in the real estate business; died in St. Charles, Mo., July 5, 1834; interment in Lindenwood College, Cemetery.","relationship":[],"asset":[],"jobPositions":[{"job":{"name":"Delegate","jobType":"CongressMemberJob"},"startDate":"1813-05-24","startCirca":false,"congressAffiliation":{"congress":{"name":"The 13th United States Congress","congressNumber":13,"congressType":"USCongress","startDate":"1813-05-24","endDate":"1815-03-03"},"represents":{"regionType":"StateRegion","regionCode":"MO"},"note":[{"type":"Note","noteType":"FootNote","content":"Presented credentials and took his seat November 16, 1814."}]}},{"job":{"name":"Delegate","jobType":"CongressMemberJob"},"startDate":"1815-12-04","startCirca":false,"congressAffiliation":{"congress":{"name":"The 14th United States Congress","congressNumber":14,"congressType":"USCongress","startDate":"1815-12-04","endDate":"1817-03-03"},"represents":{"regionType":"StateRegion","regionCode":"MO"},"note":[{"type":"Note","noteType":"FootNote","content":"Served during the first session; unsuccessfully contested the election of John Scott in the second session."}]}}],"creativeWork":[],"researchRecord":[{"name":"1796-1884. ca. 160 items and 3 volumes.","recordType":["Papers"],"description":"Business, political, and personal correspondence, biographical material, and legal papers.","recordLocation":{"name":"Missouri Historical Society","location":{"addressLocality":"St. Louis","addressRegion":"MO"}}},{"name":"1817-1833. 5 letters.","recordType":["Papers"],"description":"Finding aid in repository.","recordLocation":{"name":"New-York Historical Society","location":{"addressLocality":"New York","addressRegion":"NY"}}}]}}
