{"data":{"usCongressBioId":"F000244","familyName":"Folsom","givenName":"Nathaniel","unaccentedFamilyName":"Folsom","unaccentedGivenName":"Nathaniel","birthDate":"1726","birthCirca":false,"deathDate":"1790","deathCirca":false,"profileText":"A Delegate from New Hampshire; born in Exeter, Rockingham County, N.H., September 18, 1726; attended the public schools; served in the French and Indian Wars as a captain in Colonel Blanchard's regiment; successively major, lieutenant colonel, and colonel of the Fourth Regiment of New Hampshire Militia, which he commanded at the beginning of the Revolutionary War; brigadier general of the New Hampshire troops sent to Massachusetts and served during the siege of Boston; appointed major general and planned the details of troops sent from New Hampshire to Ticonderoga; Member of the Continental Congress in 1774 and 1777-1780; executive councilor in 1778; a delegate to the State constitutional convention of 1783, serving as its president; chief justice of the court of common pleas; died in Exeter, N.H., on May 26, 1790; interment in Winter Street Cemetery.","relationship":[],"asset":[],"jobPositions":[{"job":{"name":"Delegate","jobType":"CongressMemberJob"},"congressAffiliation":{"congress":{"name":"The 1st Continental Congress","congressNumber":1,"congressType":"ContinentalCongress","startDate":"1774-09-05","endDate":"1774-10-26"},"represents":{"regionType":"StateRegion","regionCode":"NH"}}},{"job":{"name":"Delegate","jobType":"CongressMemberJob"},"congressAffiliation":{"congress":{"name":"The 2nd Continental Congress","congressNumber":2,"congressType":"ContinentalCongress","startDate":"1775-05-10","endDate":"1781-03-01"},"represents":{"regionType":"StateRegion","regionCode":"NH"}}}],"creativeWork":[{"freeFormCitationText":"Baker, Henry M[oore].<i> General Nathaniel Folsom; An Address Delivered April 8, 1903 Before the New Hampshire Historical Society</i>. [Concord? N.H.: N.p., 1904?]."}],"researchRecord":[{"name":"In the Nathaniel Gilman Papers, 1776-1824, 165 items.","recordType":["Papers"],"description":"The papers include Treasury Department circulars and a list of notes of the estate of Nathaniel Folsom, a relative.","recordLocation":{"name":"Manuscript Division","location":{"addressLocality":"Washington","addressRegion":"DC"},"parentRecordLocation":{"name":"Library of Congress","location":{"addressLocality":"Washington","addressRegion":"DC"}}}},{"name":"In the Records of the Proprietors of the Privateer Brigantine General Sullivan, 1777-1781, 1 volume.","recordType":["Papers"],"description":"The volume includes minutes of meetings, receipts, accounts, and other papers relating to the business of this group for the purpose of preying on the British West Indies trade. The proprietors included Nathaniel Folsom. The volume is also available on microfilm.","recordLocation":{"name":"Manuscript Division","location":{"addressLocality":"Washington","addressRegion":"DC"},"parentRecordLocation":{"name":"Library of Congress","location":{"addressLocality":"Washington","addressRegion":"DC"}}}},{"name":"In the Arthur Gilman Papers, ca. 1738-1908, 1 box and 6 volumes.","recordType":["Papers"],"description":"Correspondents include Nathaniel Folsom.","recordLocation":{"name":"Massachusetts Historical Society","url":"http://thomasjeffersonpapers.org/independence","location":{"addressLocality":"Boston","addressRegion":"MA"}}}]}}
