{"data":{"usCongressBioId":"F000256","familyName":"Forbes","givenName":"James","unaccentedFamilyName":"Forbes","unaccentedGivenName":"James","birthDate":"1731","birthCirca":true,"deathDate":"1780","deathCirca":false,"profileText":"A Delegate from Maryland; born near Benedict, Charles County, Md., about 1731; appointed justice of the peace of Charles County, Md., April 1, 1777; tax commissioner of Charles County and also member of the State general assembly in 1777; Member of the Continental Congress 1778-1780; died in Philadelphia, Pa., March 25, 1780; interment in the yard surrounding Christ Church.","relationship":[],"asset":[],"jobPositions":[{"job":{"name":"Delegate","jobType":"CongressMemberJob"},"congressAffiliation":{"congress":{"name":"The 2nd Continental Congress","congressNumber":2,"congressType":"ContinentalCongress","startDate":"1775-05-10","endDate":"1781-03-01"},"represents":{"regionType":"StateRegion","regionCode":"MD"}}}],"creativeWork":[],"researchRecord":[]}}
