{"data":{"usCongressBioId":"G000002","familyName":"Gadsden","givenName":"Christopher","unaccentedFamilyName":"Gadsden","unaccentedGivenName":"Christopher","birthDate":"1723","birthCirca":false,"deathDate":"1805","deathCirca":false,"profileText":"A Delegate from South Carolina; born in Charleston, S.C., February 16, 1723; attended schools in England; employed in a commercial house in Philadelphia, Pa., 1742-1745; delegate to the Stamp Act Congress that met in New York in 1765; Member of the First Continental Congress in Philadelphia, Pa., 1774-1776; served as an officer in the Continental Army 1776-1783, and participated in the defense of Charleston in 1780; entered the service as colonel and subsequently attained the rank of brigadier general; was a framer of the State constitution in 1778; Lieutenant Governor 1778-1780; elected Governor of South Carolina in 1781, but declined; died in Charleston, S.C., September 15, 1805; interment in St. Philip's Churchyard.","relationship":[],"asset":[],"jobPositions":[{"job":{"name":"Delegate","jobType":"CongressMemberJob"},"congressAffiliation":{"congress":{"name":"The 1st Continental Congress","congressNumber":1,"congressType":"ContinentalCongress","startDate":"1774-09-05","endDate":"1774-10-26"},"represents":{"regionType":"StateRegion","regionCode":"SC"}}},{"job":{"name":"Delegate","jobType":"CongressMemberJob"},"congressAffiliation":{"congress":{"name":"The 2nd Continental Congress","congressNumber":2,"congressType":"ContinentalCongress","startDate":"1775-05-10","endDate":"1781-03-01"},"represents":{"regionType":"StateRegion","regionCode":"SC"}}}],"creativeWork":[{"freeFormCitationText":"Dennis, Jeffrey W. \"American Revolutionaries and Native Americans: The South Carolina Experience.\" Ph. D. diss., University of Notre Dame, 2003."},{"freeFormCitationText":"Gadsden, Christopher. <i>The Writings of Christopher Gadsden, 1746-1805.</i> Edited by Richard Walsh. Columbia: University of South Carolina Press, 1966."},{"freeFormCitationText":"Godbold, E. Stanly, Jr., and Robert H. Woody. <i>Christopher Gadsden and the American Revolution</i>. Knoxville: The University of Tennessee Press, 1982."},{"freeFormCitationText":"McDonough, Daniel J<i>. </i>\"Christopher Gadsden and Henry Laurens: The Parallel Lives of Two American Patriots.\"<i></i>Ph. D. diss., University of Illionis at Urbana-Champaign, 1990<i>.</i>"},{"freeFormCitationText":"<i>___. Christopher Gadsden and Henry Laurens: The Parallel Lives of Two American Patriots</i>. Sellinsgrove, Pa.: Susquehanna University Press; London: Associated University Presses, 2000."},{"freeFormCitationText":"Mettler Cecilia C. \"A Biographical Sketch of Christopher Gadsden.\" Ph. D. diss., Cornell University, 1938."},{"freeFormCitationText":"Potts, James L. \"Christopher Gadsden and the American Revolution.\" Ph. D. diss., Peabody College for Teachers of Vanderbilt University, 1958."},{"freeFormCitationText":"Renick, Edward Ireland. <i>Christopher Gadsden</i>. Harrisburg, PA.: Harrisburg Publishing Company, 1898."}],"researchRecord":[{"name":"In Washington Irving's Life of George Washington, Volume V, Miscellany, 1764-1792, 79 items.","recordType":["Papers"],"description":"Subjects covered in the papers include Christopher Gadsden.","recordLocation":{"name":"Carl A. Kroch Library","location":{"addressLocality":"Ithaca","addressRegion":"NY"},"parentRecordLocation":{"name":"Cornell University","location":{"addressLocality":"Ithaca","addressRegion":"NY"}}}},{"name":"In the Samuel Adams Papers, 1635-1826, 2.5 linear feet.","recordType":["Papers"],"description":"Other authors include Christopher Gadsden. A finding aid is available in the repository. The papers are also available on microfilm.","recordLocation":{"name":"Manuscripts and Archives Division","location":{"addressLocality":"New York","addressRegion":"NY"},"parentRecordLocation":{"name":"The New York Public Library","location":{"addressLocality":"New York","addressRegion":"NY"}}}},{"name":"In the Charleston <i>Courier</i> Records, 1803-1848, 2 volumes.","recordType":["Papers"],"description":"A ledger listing clients' names, including Christopher Gadsden.","recordLocation":{"name":"South Carolina Historical Society","location":{"addressLocality":"Charleston","addressRegion":"SC"}}},{"name":"In the John de Neufville Papers, 1780-1789, 19 items.","recordType":["Papers"],"description":"Correspondents include Christopher Gadsden.","recordLocation":{"name":"Manuscript Division","location":{"addressLocality":"Washington","addressRegion":"DC"},"parentRecordLocation":{"name":"Library of Congress","location":{"addressLocality":"Washington","addressRegion":"DC"}}}},{"name":"n.d., 1 item.","recordType":["Papers"],"description":"An autograph conclusion to a deed signed by Christopher Gadsden.","recordLocation":{"name":"Department of Literary and Historical Manuscripts","location":{"addressLocality":"New York","addressRegion":"NY"},"parentRecordLocation":{"name":"The Morgan Library","location":{"addressLocality":"New York","addressRegion":"NY"}}}},{"name":"1780, 1 item.","recordType":["Papers"],"description":"A letter from Christopher Gadsden to General Benjamin Lincoln written on May 6, 1780. Christopher Gadsden writes about provisions for the army and citizens of Charleston, with mentions of Dr. Ramsay and Captain Cattell.","recordLocation":{"name":"Department of Literary and Historical Manuscripts","location":{"addressLocality":"New York","addressRegion":"NY"},"parentRecordLocation":{"name":"The Morgan Library","location":{"addressLocality":"New York","addressRegion":"NY"}}}},{"name":"1785, 1 item.","recordType":["Papers"],"description":"A petition signed by Christopher Gadsden in 1785.","recordLocation":{"name":"Department of Literary and Historical Manuscripts","location":{"addressLocality":"New York","addressRegion":"NY"},"parentRecordLocation":{"name":"The Morgan Library","location":{"addressLocality":"New York","addressRegion":"NY"}}}}]}}
