{"data":{"usCongressBioId":"G000489","familyName":"Griswold","givenName":"Stanley","unaccentedFamilyName":"Griswold","unaccentedGivenName":"Stanley","birthDate":"1763","birthCirca":false,"deathDate":"1815","deathCirca":false,"profileText":"A Senator from Ohio; born in Torrington, Litchfield County, Conn., November 14, 1763; served in a militia company during the Revolution; pursued classical studies and graduated from Yale College in 1786; studied theology; pastor in New Milford, Conn.; editor of a newspaper in Walpole, N.H., in 1804; appointed secretary of Michigan Territory 1805-1808; moved to Ohio; appointed to the United States Senate to fill the vacancy caused by the resignation of Edward Tiffin and served from May 18 to December 11, 1809, when a successor was elected; appointed a United States judge for Illinois Territory and served from March 16, 1810, until his death in Shawneetown, Ill., August 21, 1815.","relationship":[],"asset":[],"jobPositions":[{"job":{"name":"Senator","jobType":"CongressMemberJob"},"congressAffiliation":{"congress":{"name":"The 11th United States Congress","congressNumber":11,"congressType":"USCongress","startDate":"1809-03-04","endDate":"1811-03-03"},"partyAffiliation":[{"party":{"name":"Democratic Republican"}}],"caucusAffiliation":[{"party":{"name":"Republican"}}],"represents":{"regionType":"StateRegion","regionCode":"OH"}},"endCirca":false,"endDate":"1809-12-11","startCirca":false,"startDate":"1809-05-18"}],"creativeWork":[],"researchRecord":[{"name":"Correspondence in Samuel Huntington papers, 1801-1817.","recordType":["Papers"],"recordLocation":{"name":"Western Reserve Historical Society","location":{"addressLocality":"Cleveland","addressRegion":"OH"}}},{"name":"1790, 1814. 2 items.","recordType":["Papers"],"recordLocation":{"name":"Cincinnati Historical Society","location":{"addressLocality":"Cincinnati","addressRegion":"OH"}}}]}}
