{"data":{"usCongressBioId":"H000551","familyName":"Hewes","givenName":"Joseph","unaccentedFamilyName":"Hewes","unaccentedGivenName":"Joseph","birthDate":"1730-07-09","birthCirca":false,"birthDateUnknown":false,"deathDate":"1779-11-10","deathCirca":false,"deathDateUnknown":false,"profileText":"a Delegate from North Carolina; born in Kingston, N.J., July 9, 1730; pursued classical studies and attended Princeton College; engaged in business in Philadelphia, Pa.; moved to Edenton, N.C., c. 1755; member of the North Carolina colonial assembly, 1760; member of the State house of commons 1766-1775; member of the committee of correspondence in 1773; delegate to the Provincial congress; Member of the Continental Congress 1774-1776; again served in the State house of commons in 1778 and 1779; was a signer of the Declaration of Independence; again a Member of the Continental Congress in 1779 and served until his death in Philadelphia, Pa., on November 10, 1779; interment in Christ Church Burial Ground, 5th and Arch Streets.","relationship":[],"asset":[],"jobPositions":[{"job":{"name":"Delegate","jobType":"CongressMemberJob"},"congressAffiliation":{"congress":{"name":"The 1st Continental Congress","congressNumber":1,"congressType":"ContinentalCongress","startDate":"1774-09-05","endDate":"1774-10-26"},"represents":{"regionType":"StateRegion","regionCode":"NC"}}},{"job":{"name":"Delegate","jobType":"CongressMemberJob"},"congressAffiliation":{"congress":{"name":"The 2nd Continental Congress","congressNumber":2,"congressType":"ContinentalCongress","startDate":"1775-05-10","endDate":"1781-03-01"},"represents":{"regionType":"StateRegion","regionCode":"NC"}}}],"creativeWork":[{"freeFormCitationText":"Hewes, Joseph.<i> A Collection of Occurences [sic] and Facts</i>. [N.p.], 1775."},{"freeFormCitationText":"Pittman, Thomas Merritt.<i> John Penn, by Thomas Merritt Pittman. Joseph Hewes, by Walter Sikes</i>. [Raleigh: E. M. Uzzell &amp; Co., Printers, 1904]."},{"freeFormCitationText":"Martin, Michael Glover. \"Joseph Hewes, Reluctant Revolutionary?: A Study of a North Carolina and the War for American Independence (1730-1779).\" masters' thesis, University of North Carolina at Chapel Hill, 1969."}],"researchRecord":[{"name":"In the Miscellaneous Manuscripts Collection, 1776, 1 item.","recordType":["Papers"],"description":"A letter of Joseph Hewes written in 1776.","recordLocation":{"name":"Manuscript Division","location":{"addressLocality":"Washington","addressRegion":"DC"},"parentRecordLocation":{"name":"Library of Congress","location":{"addressLocality":"Washington","addressRegion":"DC"}}}},{"name":"In the Neil Jamieson Papers, ca. 1757-1789, 23 volumes.","recordType":["Papers"],"description":"Correspondents include Joseph Hewes. A finding aid is available in the repository. The collection is also available on microfilm.","recordLocation":{"name":"Manuscript Division","location":{"addressLocality":"Washington","addressRegion":"DC"},"parentRecordLocation":{"name":"Library of Congress","location":{"addressLocality":"Washington","addressRegion":"DC"}}}},{"name":"In the Henry A. Willard Papers, ca. 1743-1888, 0.8 linear foot.","recordType":["Papers"],"description":"Joseph Hewes is represented in Series 3, the Henry A. Willard Collection of autographs of the signers of the Declaration of Independence.","recordLocation":{"name":"Manuscript Division","location":{"addressLocality":"Washington","addressRegion":"DC"},"parentRecordLocation":{"name":"Library of Congress","location":{"addressLocality":"Washington","addressRegion":"DC"}}}},{"name":"1776, 1 item.","recordType":["Papers"],"description":"A letter from Joseph Hewes to Samuel Johnson, Esq., written on February 6, 1776.","recordLocation":{"name":"Department of Literary and Historical Manuscripts","location":{"addressLocality":"New York","addressRegion":"NY"},"parentRecordLocation":{"name":"The Morgan Library","location":{"addressLocality":"New York","addressRegion":"NY"}}}},{"name":"1776, 1 item.","recordType":["Papers"],"description":"A letter from Joseph Hewes to Samuel Johnston written on March 4, 1776.","recordLocation":{"name":"Department of Literary and Historical Manuscripts","location":{"addressLocality":"New York","addressRegion":"NY"},"parentRecordLocation":{"name":"The Morgan Library","location":{"addressLocality":"New York","addressRegion":"NY"}}}},{"name":"1776, 1 item.","recordType":["Papers"],"description":"A letter from Joseph Hewes to an unidentified recipient written on November 24, 1776.","recordLocation":{"name":"Department of Literary and Historical Manuscripts","location":{"addressLocality":"New York","addressRegion":"NY"},"parentRecordLocation":{"name":"The Morgan Library","location":{"addressLocality":"New York","addressRegion":"NY"}}}},{"name":"1779, 1 item.","recordType":["Papers"],"description":"An extract of a letter from Joseph Hewes from Martinico written on July 22, 1779. Joseph Hewes writes concerning the dispatch of French and Spanish ships against Great Britain, and of French troops to the U.S.","recordLocation":{"name":"The Rosenbach Museum & Library","location":{"addressLocality":"Philadelphia","addressRegion":"PA"}}},{"name":"In the John Paul Jones Papers, 1777, 1 item.","recordType":["Papers"],"description":"A will made and signed by John Paul Jones before departing on his voyage to carry the news of Burgoyne's surrender to France. Joseph Hewes was one of the executors of the estate.","recordLocation":{"name":"The Rosenbach Museum & Library","location":{"addressLocality":"Philadelphia","addressRegion":"PA"}}},{"name":"In the A. S. W. Rosenbach Signers of the Declaration of Independence Autograph Collection, 1756-1818, 56 items.","recordType":["Papers"],"description":"Other authors include Joseph Hewes.","recordLocation":{"name":"The Rosenbach Museum & Library","location":{"addressLocality":"Philadelphia","addressRegion":"PA"}}},{"name":"In the U. S. Continental Congress Committee of Secret Correspondence Charter of the Brigantine Cornelia, February 1, 1776.","recordType":["Papers"],"description":"Other authors include Joseph Hewes.","recordLocation":{"name":"The Rosenbach Museum & Library","location":{"addressLocality":"Philadelphia","addressRegion":"PA"}}},{"name":"In the Signers Collection, 1770-1826, 60 items.","recordType":["Papers"],"description":"Subjects covered in the papers include Joseph Hewes.","recordLocation":{"name":"The John Work Garrett Library Evergreen House","location":{"addressLocality":"Baltimore","addressRegion":"MD"}}},{"name":"1779, 1 item.","recordType":["Papers"],"description":"A letter from Joseph Hewes to John Campbell describing the public attitude in North Carolina, general distress and inflation, coinage weights and values, and the need for a mint.","recordLocation":{"name":"Rare Book, Manuscript, and Special Collections Library","location":{"addressLocality":"Durham","addressRegion":"NC"},"parentRecordLocation":{"name":"Duke University","location":{"addressLocality":"Durham","addressRegion":"NC"}}}},{"name":"In the Thomas Barrowman Papers, 1930-1938, 3 items.","recordType":["Papers"],"description":"The collection includes a papers relating to Joseph Hewes read before the Historical Society of Princeton.","recordLocation":{"name":"Historical Society of Princeton","location":{"addressLocality":"Princeton","addressRegion":"NJ"}}},{"name":"In the Varnum Lansing Collins Papers, 1903-1933, approximately 225 items.","recordType":["Papers"],"description":"Subjects covered in the papers include Joseph Hewes.","recordLocation":{"name":"Historical Society of Princeton","location":{"addressLocality":"Princeton","addressRegion":"NJ"}}}],"deleted":false}}
