{"data":{"usCongressBioId":"H000830","familyName":"Houston","givenName":"William","middleName":"Churchill","unaccentedFamilyName":"Houston","unaccentedGivenName":"William","unaccentedMiddleName":"Churchill","birthDate":"1746","birthCirca":false,"deathDate":"1788","deathCirca":false,"profileText":"A Delegate from New Jersey; born in Sumter District, South Carolina, around 1746; pursued classical studies; was graduated from Princeton College in 1768; professor in the same college from 1769 to 1783, when he resigned; served as captain in the Second Regiment, Somerset Militia, during the Revolutionary War; deputy secretary of the Continental Congress in 1775 and 1776; member of the New Jersey Provincial Congress in 1776; member of the New Jersey house of assembly 1777-1779; member of the council of safety in 1778; Member of the Continental Congress 1779-1781; studied law; was admitted to the bar in 1781 and commenced practice in Trenton, N.J., in 1783; elected as the first Comptroller of the Treasury in 1781, but declined to serve; receiver of Continental taxes 1782-1785; clerk of the supreme court of New Jersey 1781-1788; again a Member of the Continental Congress in 1784 and 1785; member of the Annapolis Convention in 1786; delegate to the Philadelphia Constitutional Convention in 1787; died in Frankford, Pa., August 12, 1788; interment in the Second Presbyterian Churchyard, Philadelphia, Pa.","relationship":[],"asset":[],"jobPositions":[{"job":{"name":"Delegate","jobType":"CongressMemberJob"},"congressAffiliation":{"congress":{"name":"The 2nd Continental Congress","congressNumber":2,"congressType":"ContinentalCongress","startDate":"1775-05-10","endDate":"1781-03-01"},"represents":{"regionType":"StateRegion","regionCode":"NJ"}}},{"job":{"name":"Delegate","jobType":"CongressMemberJob"},"congressAffiliation":{"congress":{"name":"The Confederation Congress","congressNumber":1,"congressType":"ConfederationCongress","startDate":"1781-03-01","endDate":"1789-03-02"},"represents":{"regionType":"StateRegion","regionCode":"NJ"}}}],"creativeWork":[{"freeFormCitationText":"Houston, William Churchill.<i> The Melyn Patroonship of Staten Island; Address</i>. [N.p.], 1923."},{"freeFormCitationText":"Glenn, Thomas Allen.<i> William Churchill Houston, 1746-1788</i>. Norristown, Pa.: Privately printed, 1903."}],"researchRecord":[{"name":"In the New Jersey Correspondence, 1773-1954, 39 items and 1 envelope.","recordType":["Papers"],"description":"Correspondents include William Churchill Houston.","recordLocation":{"name":"Special Collections and University Archives","location":{"addressLocality":"New Brunswick","addressRegion":"NJ"},"parentRecordLocation":{"name":"Rutgers University Libraries","location":{"addressLocality":"New Brunswick","addressRegion":"NJ"}}}},{"name":"1779, 1 item.","recordType":["Papers"],"description":"A letter from W. C. Houston, professor of mathematics and natural philosophy at the College of New Jersey, to James Ewing about railing troops, supplies, and money for the Revolutionary forces.","recordLocation":{"name":"Rare Book, Manuscript, and Special Collections Library","location":{"addressLocality":"Durham","addressRegion":"NC"},"parentRecordLocation":{"name":"Duke University","location":{"addressLocality":"Durham","addressRegion":"NC"}}}},{"name":"1664-1785, 2.25 cubic feet.","recordType":["Papers"],"description":"The collection consists mainly of legal documents reflecting the career of William Houston as a lawyer and clerk of the New Jersey Supreme Court, as well as correspondence with Robert Morris and Michael Hillegas covering the period 1782-1785 when William Houston served as receiver of Continental taxes in the state. The collection contains such documents as land grants, copies of wills, notices of debt, boundary settlements, precedents, legal papers pertaining to John Hart, deeds, and documents from the Monmouth, Burlington, and Hunterdon County Common Pleas Courts. There are also documents relating to William Houston's estate. A finding aid is available in the repository and online.","recordLocation":{"name":"Department of Rare Books and Special Collections","location":{"addressLocality":"Princeton","addressRegion":"NJ"},"parentRecordLocation":{"name":"Princeton University","url":"http://infoshare1.princeton.edu","location":{"addressLocality":"Princeton","addressRegion":"NJ"}}}},{"name":"1780, 3 pages.","recordType":["Papers"],"description":"A transcription of a report from William Churchill Houston written on September 6, 1780. The report is from a congressional committee which requests that states with claims to western country \"yield up a portion of territorial Claim for the general Benefit.\" The report ends with a resolution for those states to pass such laws, and \"effectually remove the only Obstacle to a final Ratification of the Articles of Confederation.\"","recordLocation":{"name":"J. S. Copley Library","location":{"addressLocality":"La Jolla","addressRegion":"CA"},"parentRecordLocation":{"name":"Copley Press, Inc.","location":{"addressLocality":"La Jolla","addressRegion":"CA"}}}},{"name":"In the William Livingston Papers, 1749-1782, 3 linear feet.","recordType":["Papers"],"description":"Other authors include William Churchill Houston. A finding aid for the papers is available in the repository.","recordLocation":{"name":"Manuscripts & Archives Section","location":{"addressLocality":"New York","addressRegion":"NY"},"parentRecordLocation":{"name":"The New York Public Library","location":{"addressLocality":"New York","addressRegion":"NY"}}}},{"name":"In the Philemon Dickinson Papers, 1778, 1 item.","recordType":["Papers"],"description":"A letter from Phileomon Dickinson to William Churchill Houston and James Mott written on July 29, 1778. Philemon Dickinson explains that all orders issued by him on the Treasury before August 21, 1776, were based on orders from the Council of Safety, and paid to militia officers whose regiments needed money before they could march. Philemon Dickinson never received any public money except his pay.","recordLocation":{"name":"Rosenbach Museum & Library","location":{"addressLocality":"Philadelphia","addressRegion":"PA"}}},{"name":"In the Ebenezer Alfred Johnson Family Papers, ca. 1760-1969, 7.5 linear feet.","recordType":["Papers"],"description":"Subjects covered in the papers include William Churchill Houston.","recordLocation":{"name":"Manuscripts and Archives","location":{"addressLocality":"New Haven","addressRegion":"CT"},"parentRecordLocation":{"name":"Yale University","location":{"addressLocality":"New Haven","addressRegion":"CT"}}}}]}}
