{"data":{"usCongressBioId":"H000804","familyName":"Hosmer","givenName":"Titus","unaccentedFamilyName":"Hosmer","unaccentedGivenName":"Titus","birthDate":"1736","birthCirca":false,"deathDate":"1780","deathCirca":false,"profileText":"A Delegate from Connecticut; born in what is now West Hartford, Hartford County, Conn., in 1736; was graduated from Yale College in 1757; studied law; was admitted to the bar in 1760 and commenced practice in Middletown, Conn.; held several local offices; member of the State house of representatives 1773-1778, serving as speaker in 1776 and 1778; member of the council of safety in 1776 and 1777; served in the State senate from May 1778 until his death; Member of the Continental Congress in 1778; resumed the practice of law; judge of the United States Maritime Court of Appeals in 1780; died in Middletown, Conn., August 4, 1780; interment in Mortimer Cemetery.","relationship":[],"asset":[],"jobPositions":[{"job":{"name":"Delegate","jobType":"CongressMemberJob"},"congressAffiliation":{"congress":{"name":"The 2nd Continental Congress","congressNumber":2,"congressType":"ContinentalCongress","startDate":"1775-05-10","endDate":"1781-03-01"},"represents":{"regionType":"StateRegion","regionCode":"CT"}}}],"creativeWork":[{"freeFormCitationText":"Barlow, Joel. <i>An Elegy on the Late Honorable Titus Hosmer</i>. Hartford, CT: Hudson &amp; Goodwin, 1780."}],"researchRecord":[{"name":"In the Roger Sherman Papers, ca. 1721-1904, 1 linear foot.","recordType":["Papers"],"description":"Correspondents include Titus Hosmer. An unpublished finding aid for the papers is available in the repository.","recordLocation":{"name":"Manuscripts and Archives","location":{"addressLocality":"New Haven","addressRegion":"CT"},"parentRecordLocation":{"name":"Yale University","location":{"addressLocality":"New Haven","addressRegion":"CT"}}}},{"name":"1776, 1 item.","recordType":["Papers"],"description":"A note from Titus Hosmer to an unidentified recipient written on October 2, 1776.","recordLocation":{"name":"Department of Literary and Historical Manuscripts","location":{"addressLocality":"New York","addressRegion":"NY"},"parentRecordLocation":{"name":"The Morgan Library","location":{"addressLocality":"New York","addressRegion":"NY"}}}}]}}
