{"data":{"usCongressBioId":"H000619","familyName":"Hillhouse","givenName":"William","unaccentedFamilyName":"Hillhouse","unaccentedGivenName":"William","birthDate":"1728","birthCirca":false,"deathDate":"1816","deathCirca":false,"profileText":"(Father of James Hillhouse), a Delegate from Connecticut; born in Montville, Conn., August 25, 1728; received a liberal schooling; studied law; was admitted to the bar and practiced; served in the State house of representatives 1756-1760 and 1763-1785; major in the Second Regiment of the Connecticut Cavalry in the Revolutionary War; elected to the Continental Congress in 1783 and 1785, but did not attend; judge of the court of common pleas 1784-1806; member of the State senate 1785-1808; judge of probate for New London district 1786-1807; died in Montville, Conn., January 12, 1816; interment in Raymond Hill Cemetery.","relationship":[],"asset":[],"jobPositions":[],"creativeWork":[{"freeFormCitationText":"Hillhouse, William.<i> An Oration in Commeration [sic] of General Nathaniel Greene, Delivered Before the Connecticut Society of the Cincinnati, at New Haven, September 12, 1786</i>. Brooklyn, N.Y.: Privately printed, 1886."},{"freeFormCitationText":"------. <i>Reading No. 1, or, Considerations on the Statute of Distributions of 1750: Showing That in the Descent of Estates of Inheritance, These Words, \"The Residue Both of the Real and Personal Estate Equally to Every of the Next of Kin of the Inestate in Equal Degree, and Those Who Legally Represent Them,\" Mean of the Blood: Submitted to the Supreme Court, June term, 1808, in the case William Hillhouse vs. Levi Chester</i>. New-Haven: Printed by O. Steele and Co., 1808."}],"researchRecord":[]}}
