{"data":{"usCongressBioId":"H000472","familyName":"Hempstead","givenName":"Edward","honorificPrefix":"Mr.","unaccentedFamilyName":"Hempstead","unaccentedGivenName":"Edward","birthDate":"1780-06-03","birthCirca":false,"deathDate":"1817-08-10","deathCirca":false,"profileText":"A Delegate from the Territory of Missouri; born in New London, Conn., June 3, 1780; pursued academic studies; studied law; was admitted to the bar in 1801 and commenced practice in Rhode Island; moved to St. Louis, Mo. (then District of Louisiana), in 1805; attorney general of the Territory of Upper Louisiana 1809-1811; served in several expeditions against the Indians north of the Missouri River; member of the third Territorial general assembly in 1812 and served as speaker; elected as a Delegate to the Thirteenth Congress on November 9, 1812, and served until September 17, 1814; declined to be a candidate for renomination; was thrown from a horse August 4, 1817, which resulted in his death August 10, 1817, at St. Louis, Mo.; interment on Hempstead Farm, now a part of Bellefontaine Cemetery.","relationship":[],"asset":[],"jobPositions":[{"job":{"name":"Delegate","jobType":"CongressMemberJob"},"congressAffiliation":{"congress":{"name":"The 12th United States Congress","congressNumber":12,"congressType":"USCongress","startDate":"1811-11-04","endDate":"1813-03-03"},"represents":{"regionType":"StateRegion","regionCode":"MO"}}},{"job":{"name":"Delegate","jobType":"CongressMemberJob"},"congressAffiliation":{"congress":{"name":"The 13th United States Congress","congressNumber":13,"congressType":"USCongress","startDate":"1813-05-24","endDate":"1815-03-03"},"represents":{"regionType":"StateRegion","regionCode":"MO"}}}],"creativeWork":[],"researchRecord":[{"name":"In the St. Louis Land papers, 1810-ca. 1821, 5 items.","recordType":["Papers"],"description":"Agreement for property sale signed by Hempstead.","recordLocation":{"name":"Bancroft Library","location":{"addressLocality":"Berkeley","addressRegion":"CA"},"parentRecordLocation":{"name":"University of California, Berkeley","location":{"addressLocality":"Berkeley","addressRegion":"CA"}}}},{"name":"1811, 1 item.","recordType":["Papers"],"description":"A complaint signed by Hempstead.","recordLocation":{"name":"Harold B. Lee Library","location":{"addressLocality":"Provo","addressRegion":"UT"},"parentRecordLocation":{"name":"Brigham Young University","location":{"addressLocality":"Provo","addressRegion":"UT"}}}}]}}
