{"data":{"usCongressBioId":"H000262","familyName":"Harrison","givenName":"Benjamin","unaccentedFamilyName":"Harrison","unaccentedGivenName":"Benjamin","birthDate":"1726-04-05","birthCirca":false,"deathDate":"1791-04-24","deathCirca":false,"profileText":"a Delegate from Virginia; born on the plantation ``Berkeley,'' Charles City County, Va., April 5, 1726; pursued classical studies and attended the College of William and Mary, Williamsburg, Va.; member of the colonial house of burgesses 1749-1775; member of the Virginia revolutionary convention in March, July, and December, 1775; Member of the Continental Congress 1774-1777; as chairman of the Committee of the Whole House he reported the resolution on June 10, 1776, offered three days before by Richard Henry Lee, declaring the independence of the American Colonies, and reported the Declaration of Independence, of which he was one of the signers, on July 4, 1776; resigned in 1778; member of the State house of delegates 1776-1782 and 1787-1791 and served as speaker 1778-1782, 1785, and 1786; Governor of Virginia 1782-1784; delegate to the State convention for the ratification of the Federal Constitution in 1788; died at his home, ``Berkeley,'' Charles City County, Va., April 24, 1791; interment on Berkeley Plantation, Charles City, Charles City County, Va.","relationship":[{"relatedTo":{"usCongressBioId":"H000266","familyName":"Harrison","givenName":"Carter","middleName":"Bassett","honorificPrefix":"Mr.","unaccentedFamilyName":"Harrison","unaccentedGivenName":"Carter","unaccentedMiddleName":"Bassett","birthDate":"1756","birthCirca":true,"birthDateUnknown":false,"deathDate":"1808-04-18","deathCirca":false,"deathDateUnknown":false,"deleted":false},"relationshipType":"father"},{"relatedTo":{"usCongressBioId":"H000279","familyName":"Harrison","givenName":"William","middleName":"Henry","honorificPrefix":"Mr.","unaccentedFamilyName":"Harrison","unaccentedGivenName":"William","unaccentedMiddleName":"Henry","birthDate":"1773-02-09","birthCirca":false,"deathDate":"1841-04-04","deathCirca":false},"relationshipType":"father"},{"relatedTo":{"usCongressBioId":"H000272","familyName":"Harrison","givenName":"John","middleName":"Scott","honorificPrefix":"Mr.","unaccentedFamilyName":"Harrison","unaccentedGivenName":"John","unaccentedMiddleName":"Scott","birthDate":"1804-10-04","birthCirca":false,"birthDateUnknown":false,"deathDate":"1878-05-25","deathCirca":false,"deathDateUnknown":false,"deleted":false},"relationshipType":"grandfather"},{"relatedTo":{"usCongressBioId":"H000263","familyName":"Harrison","givenName":"Benjamin","honorificPrefix":"Mr.","unaccentedFamilyName":"Harrison","unaccentedGivenName":"Benjamin","birthDate":"1833-08-20","birthCirca":false,"deathDate":"1901-03-13","deathCirca":false},"relationshipType":"great-grandfather"},{"relatedTo":{"usCongressBioId":"H000278","familyName":"Harrison","givenName":"William","middleName":"Henry","unaccentedFamilyName":"Harrison","unaccentedGivenName":"William","unaccentedMiddleName":"Henry","birthDate":"1896-08-10","birthCirca":false,"deathDate":"1990-10-08","deathCirca":false,"deleted":false},"relationshipType":"great-great-great-grandfather"}],"asset":[],"jobPositions":[{"job":{"name":"Delegate","jobType":"CongressMemberJob"},"congressAffiliation":{"congress":{"name":"The 1st Continental Congress","congressNumber":1,"congressType":"ContinentalCongress","startDate":"1774-09-05","endDate":"1774-10-26"},"represents":{"regionType":"StateRegion","regionCode":"VA"}}},{"job":{"name":"Delegate","jobType":"CongressMemberJob"},"congressAffiliation":{"congress":{"name":"The 2nd Continental Congress","congressNumber":2,"congressType":"ContinentalCongress","startDate":"1775-05-10","endDate":"1781-03-01"},"represents":{"regionType":"StateRegion","regionCode":"VA"}}}],"creativeWork":[{"freeFormCitationText":"Smith, Howard W. (Howard William).<i> Benjamin Harrison and the American Revolution</i>. Edward M. Riley, editor. Williamsburg, Va.: Virginia Independence Bicentennial Commission, 1978."}],"researchRecord":[{"name":"ca. 1779-1788, 57 items.","recordType":["Papers"],"description":"The papers include letters, dispatches, communications, and petitions received by Harrison during his service as Speaker of the State House of Delegates and Governor of Virginia. Included are letters of acceptance and resignation from Virginia members of the Continental Congress, communications relating to taxation, raising of troops, procurement for the army, restitutions, bailing of prisoners, and other aspects of the Revolutionary War in Virginia. Also included is Harrison's last will and testament. The inventory of the estate includes a list of slaves. An unpublished finding aid is available in the repository.","recordLocation":{"name":"Manuscripts Department","location":{"addressLocality":"San Marino","addressRegion":"CA"},"parentRecordLocation":{"name":"Huntington Library","location":{"addressLocality":"San Marino","addressRegion":"CA"}}}},{"name":"1782, 1 item.","recordType":["Papers"],"description":"A decree appointing Harry Innes as assistant judge of the Supreme Court of the Kentucky District in the state of Virginia. He was chosen for this position by the House of Burgesses and appointed by Harrison.","recordLocation":{"name":"Kentucky Historical Society Library","location":{"addressLocality":"Frankfort","addressRegion":"KY"}}},{"name":"1760, 2 pages.","recordType":["Papers"],"description":"The papers include photocopies of a deed to land belonging to Benjamin and Elizabeth Harrison of Charles City County, Virginia.","recordLocation":{"name":"Archives Division","location":{"addressLocality":"Richmond","addressRegion":"VA"},"parentRecordLocation":{"name":"The Library of Virginia","location":{"addressLocality":"Richmond","addressRegion":"VA"}}}},{"name":"1780, 1 item.","recordType":["Papers"],"description":"A will written by Harrison on January 3, 1780. In it, Harrison leaves his estate to his wife Elizabeth Harrison, his sons and daughters, as well as his niece, nephew, and grandson. Assets of his estate include the Berkeley Plantation in Charles City County and numerous slaves.","recordLocation":{"name":"Archives Division","location":{"addressLocality":"Richmond","addressRegion":"VA"},"parentRecordLocation":{"name":"The Library of Virginia","location":{"addressLocality":"Richmond","addressRegion":"VA"}}}},{"name":"1782, 1 page.","recordType":["Papers"],"description":"A March 23, 1782 letter from Harrison notifying William Fleming that the meeting of the commissioners on the Ohio has been scheduled for November 1, 1782.","recordLocation":{"name":"Archives Division","location":{"addressLocality":"Richmond","addressRegion":"VA"},"parentRecordLocation":{"name":"The Library of Virginia","location":{"addressLocality":"Richmond","addressRegion":"VA"}}}},{"name":"In the Harrison Family papers, ca. 1774-1795, 7 items.","recordType":["Papers"],"description":"Subjects covered in the papers include Harrison. An inventory for the papers is available in the repository.","recordLocation":{"name":"Archives Division","location":{"addressLocality":"Richmond","addressRegion":"VA"},"parentRecordLocation":{"name":"The Library of Virginia","location":{"addressLocality":"Richmond","addressRegion":"VA"}}}},{"name":"1787, 1 volume.","recordType":["Papers"],"description":"A letterbook kept by Harrison at Richmond in the course of his business activities. The book contains copies of his letters to other merchants and business associates pertaining to his trade in tobacco, his coal business, credit, settlement of accounts, imports and exports, wines, wheat, ginseng, and other articles. A partial index to the papers is available in the repository.","recordLocation":{"name":"Manuscript Collection","location":{"addressLocality":"New York","addressRegion":"NY"},"parentRecordLocation":{"name":"New-York Historical Society","location":{"addressLocality":"New York","addressRegion":"NY"}}}},{"name":"In the Tracy W. McGregor collection, 1782, 1 item.","recordType":["Papers"],"description":"A letter from James Madison to Harrison regarding debates in Congress, the battle of St. Kitts and British peace proposals.","recordLocation":{"name":"Small Special Collections Library","location":{"addressLocality":"Charlottesville","addressRegion":"VA"},"parentRecordLocation":{"name":"University of Virginia","location":{"addressLocality":"Charlottesville","addressRegion":"VA"}}}},{"name":"ca. 1774-1778, 1 page.","recordType":["Papers"],"description":"A letter from Harrison, during his service as Chairman of War of Continental Congress, issuing \"A List of Necessaries wanted by the Virga. Horse...\" Including \"109 Slings... 217 Canteens... 5 Drums... 213 Carbines... 215 Tomahawks...\"","recordLocation":{"name":"J. S. Copley Library","location":{"addressLocality":"La Jolla","addressRegion":"CA"},"parentRecordLocation":{"name":"Copley Press, Inc.","location":{"addressLocality":"La Jolla","addressRegion":"CA"}}}},{"name":"1783, 1 item.","recordType":["Papers"],"description":"A certificate from Harrison, in his role as Virginia governor, certifying that Francis Turner is entitled to the allotment of land granted to a private in the U.S. army.","recordLocation":{"name":"Rauner Special Collections Library","location":{"addressLocality":"Hanover","addressRegion":"NH"},"parentRecordLocation":{"name":"Dartmouth College","location":{"addressLocality":"Hanover","addressRegion":"NH"}}}},{"name":"1780-1785, 5 items.","recordType":["Papers"],"description":"The papers include Harrison's letters as governor of Virginia concerning the importation of salt, the commission to regulate navigation on the Potomac River and a land grant to Robert Cunningham. The collection also includes two typed copies of his will.","recordLocation":{"name":"Rare Book, Manuscript, and Special Collections Library","location":{"addressLocality":"Durham","addressRegion":"NC"},"parentRecordLocation":{"name":"Duke University","location":{"addressLocality":"Durham","addressRegion":"NC"}}}},{"name":"1777, 1 item.","recordType":["Papers"],"description":"A letter from Harrison to an unidentified recipient written on November 8, 1777.","recordLocation":{"name":"Department of Literary and Historical Manuscripts","location":{"addressLocality":"New York","addressRegion":"NY"},"parentRecordLocation":{"name":"The Morgan Library","location":{"addressLocality":"New York","addressRegion":"NY"}}}},{"name":"1778, 1 item.","recordType":["Papers"],"description":"A letter from Harrison to an unidentified recipient written on March 3, 1778.","recordLocation":{"name":"Department of Literary and Historical Manuscripts","location":{"addressLocality":"New York","addressRegion":"NY"},"parentRecordLocation":{"name":"The Morgan Library","location":{"addressLocality":"New York","addressRegion":"NY"}}}},{"name":"1779, 1 item.","recordType":["Papers"],"description":"A letter from Harrison to an unidentified recipient written on November 6, 1779.","recordLocation":{"name":"Department of Literary and Historical Manuscripts","location":{"addressLocality":"New York","addressRegion":"NY"},"parentRecordLocation":{"name":"The Morgan Library","location":{"addressLocality":"New York","addressRegion":"NY"}}}},{"name":"In the Ford Collection, 1782, 1 item.","recordType":["Papers"],"description":"A letter from Harrison, in council, to Colonel Campbell written on February 13, 1782.","recordLocation":{"name":"Department of Literary and Historical Manuscripts","location":{"addressLocality":"New York","addressRegion":"NY"},"parentRecordLocation":{"name":"The Morgan Library","location":{"addressLocality":"New York","addressRegion":"NY"}}}},{"name":"1782, 1 item.","recordType":["Papers"],"description":"A letter from Harrison to an unidentified recipient written on May 27, 1782.","recordLocation":{"name":"Department of Literary and Historical Manuscripts","location":{"addressLocality":"New York","addressRegion":"NY"},"parentRecordLocation":{"name":"The Morgan Library","location":{"addressLocality":"New York","addressRegion":"NY"}}}},{"name":"1786, 1 item.","recordType":["Papers"],"description":"A letter from Harrison to Colonel Samuel Smith written on July 30, 1786, in which Harrison writes concerning the transfer of funds to Mr. Bache in New York.","recordLocation":{"name":"Department of Literary and Historical Manuscripts","location":{"addressLocality":"New York","addressRegion":"NY"},"parentRecordLocation":{"name":"The Morgan Library","location":{"addressLocality":"New York","addressRegion":"NY"}}}},{"name":"In the Ford collection, 1790, 1 item.","recordType":["Papers"],"description":"A letter from Harrison to Samuel Myers written on January 16, 1790.","recordLocation":{"name":"Department of Literary and Historical Manuscripts","location":{"addressLocality":"New York","addressRegion":"NY"},"parentRecordLocation":{"name":"The Morgan Library","location":{"addressLocality":"New York","addressRegion":"NY"}}}},{"name":"1782, 1 item.","recordType":["Papers"],"description":"A note from Harrison, Governor of Virginia, to an unidentified recipient written on March 28, 1782. Harrison directs someone to furnish provisions and guard to bring \"the negroes\" there.","recordLocation":{"name":"Ohio Historical Society","location":{"addressLocality":"Columbus","addressRegion":"OH"}}},{"name":"1777, 1 item.","recordType":["Papers"],"description":"A letter from Harrison to Robert Morris written on December 18, 1777. Harrison writes concerning popular feeling in Virginia against \"monopolists\"; attacks on George Washington's character by Samuel and John Adams; Virginia's ratification of the Articles of Confederation; and effect of the British blockade on shipping.","recordLocation":{"name":"The Rosenbach Museum & Library","location":{"addressLocality":"Philadelphia","addressRegion":"PA"}}},{"name":"1781, 1 item.","recordType":["Papers"],"description":"A letter from Harrison to Robert Morris written on December 28, 1781, concerning his election as governor of Virginia.","recordLocation":{"name":"The Rosenbach Museum & Library","location":{"addressLocality":"Philadelphia","addressRegion":"PA"}}},{"name":"1782, 1 page.","recordType":["Papers"],"description":"A letter from Harrison to George Washington written on June 23, 1782, in which Harrison informs George Washington of occurrences in the Virginia Assembly, including debate about recruiting fresh troops.","recordLocation":{"name":"The Rosenbach Museum & Library","location":{"addressLocality":"Philadelphia","addressRegion":"PA"}}},{"name":"1783, 1 item.","recordType":["Papers"],"description":"A letter from Harrison in reply to a request for a list of persons banished from Virginia during the war. He writes that the state has not kept such a list, but he names several persons who committed such depredations that they should not be allowed to return.","recordLocation":{"name":"The Rosenbach Museum & Library","location":{"addressLocality":"Philadelphia","addressRegion":"PA"}}},{"name":"1784, 1 page.","recordType":["Papers"],"description":"A document signed by Harrison granting land in Botetourt County to Robert McElhany, May 1, 1784.","recordLocation":{"name":"John D. Rockefeller Jr. Library","location":{"addressLocality":"Williamsburg","addressRegion":"VA"},"parentRecordLocation":{"name":"Colonial Williamsburg Foundation","location":{"addressLocality":"Williamsburg","addressRegion":"VA"}}}},{"name":"1770-1787, 9 items.","recordType":["Papers"],"description":"Papers dating from Harrison's time as governor of Virginia and as a member of the Continental Congress.","recordLocation":{"name":"Manuscript Division","location":{"addressLocality":"Washington","addressRegion":"DC"},"parentRecordLocation":{"name":"Library of Congress","location":{"addressLocality":"Washington","addressRegion":"DC"}}}}],"deleted":false}}
