{"data":{"usCongressBioId":"H000205","familyName":"Haring","givenName":"John","unaccentedFamilyName":"Haring","unaccentedGivenName":"John","birthDate":"1739","birthCirca":false,"deathDate":"1809","deathCirca":false,"profileText":"A Delegate from New York; born in Tappan, Rockland County, N.Y., September 28, 1739; attended school in New York City; studied law; was admitted to the bar and practiced in New York City and Rockland County; Member of the Continental Congress in 1774 and 1785-1787; judge of Orange County in 1774, 1775, and 1778-1788; member of the provincial convention of April 1775 and of the four New York Provincial Congresses 1775-1777, serving as president pro tempore of the Second and Third Provincial Congresses; served in the State senate 1781-1789; member of the council of appointment in 1781 and 1782; member of the State board of regents in 1784; member of the State convention in 1788 to consider the Federal Constitution and voted to reject it; member of the State assembly in 1806; died in Blauveltville, Rockland County, N.Y., April 1, 1809; interment in Tappan Church Cemetery, Tappan, N.Y.","relationship":[],"asset":[],"jobPositions":[{"job":{"name":"Delegate","jobType":"CongressMemberJob"},"congressAffiliation":{"congress":{"name":"The 1st Continental Congress","congressNumber":1,"congressType":"ContinentalCongress","startDate":"1774-09-05","endDate":"1774-10-26"},"represents":{"regionType":"StateRegion","regionCode":"NY"}}},{"job":{"name":"Delegate","jobType":"CongressMemberJob"},"congressAffiliation":{"congress":{"name":"The Confederation Congress","congressNumber":1,"congressType":"ConfederationCongress","startDate":"1781-03-01","endDate":"1789-03-02"},"represents":{"regionType":"StateRegion","regionCode":"NY"}}}],"creativeWork":[],"researchRecord":[{"name":"1774, 1 item.","recordType":["Papers"],"description":"Certificate of appointment of Haring and Henry Wisner as delegates to the first Continental Congress.","recordLocation":{"name":"New York State Library","location":{"addressLocality":"Albany","addressRegion":"NY"}}}]}}
