{"data":{"usCongressBioId":"H000414","familyName":"Hazard","givenName":"Jonathan","middleName":"J.","unaccentedFamilyName":"Hazard","unaccentedGivenName":"Jonathan","unaccentedMiddleName":"J.","birthDate":"1744","birthCirca":false,"deathDate":"1824","deathCirca":false,"profileText":"A Delegate from Rhode Island; born in Newport, R.I., in 1744; completed preparatory studies; member of the State house of representatives in 1776; paymaster in the Continental Battalion from Rhode Island in 1777 and joined General Washington's Army in New Jersey that year; again elected a member of the State house of representatives and a member of the council of war in 1778; Member of the Continental Congress 1788; again a member of the State house of representatives 1790-1805; moved to New York in 1805 and located upon an estate in the Friends' settlement at Verona, Oneida County, N.Y., where he died later than 1824.","relationship":[],"asset":[],"jobPositions":[{"job":{"name":"Delegate","jobType":"CongressMemberJob"},"congressAffiliation":{"congress":{"name":"The Confederation Congress","congressNumber":1,"congressType":"ConfederationCongress","startDate":"1781-03-01","endDate":"1789-03-02"},"represents":{"regionType":"StateRegion","regionCode":"RI"}}}],"creativeWork":[],"researchRecord":[{"name":"In the Hazard Family Miscellaneous papers, 1739-1950, 0.25 linear feet.","recordType":["Papers"],"description":"Hazard among people represented in the collection.","recordLocation":{"name":"Manuscripts Division","location":{"addressLocality":"Providence","addressRegion":"RI"},"parentRecordLocation":{"name":"Rhode Island Historical Society","location":{"addressLocality":"Providence","addressRegion":"RI"}}}},{"name":"In the Channing-Ellery papers, 1694-1841, 5 linear feet.","recordType":["Papers"],"description":"Subjects covered include Hazard.","recordLocation":{"name":"Manuscripts Division","location":{"addressLocality":"Providence","addressRegion":"RI"},"parentRecordLocation":{"name":"Rhode Island Historical Society","location":{"addressLocality":"Providence","addressRegion":"RI"}}}}]}}
