{"data":{"usCongressBioId":"J000261","familyName":"Jones","givenName":"William","middleName":"Theopilus","unaccentedFamilyName":"Jones","unaccentedGivenName":"William","unaccentedMiddleName":"Theopilus","birthDate":"1842","birthCirca":false,"deathDate":"1882","deathCirca":false,"profileText":"A Delegate from the Territory of Wyoming; born in Corydon, Harrison County, Ind., February 20, 1842; received a liberal schooling; studied law; was admitted to the bar in 1865 and commenced practice in Corydon, Ind.; during the Civil War served in the Union Army as major of the Seventeenth Regiment, Indiana Volunteer Infantry; appointed associate justice of the supreme court of the Territory of Wyoming in 1869; settled in Cheyenne, Wyo., in 1869; elected as a Republican a Delegate to the Forty-second Congress (March 4, 1871-March 3, 1873); unsuccessful candidate for reelection in 1872 to the Forty-third Congress; resumed the practice of law in Corydon, Ind., where he died October 9, 1882; interment in Cedar Hill Cemetery.","relationship":[],"asset":[],"jobPositions":[{"job":{"name":"Delegate","jobType":"CongressMemberJob"},"congressAffiliation":{"congress":{"name":"The 42nd United States Congress","congressNumber":42,"congressType":"USCongress","startDate":"1871-03-04","endDate":"1873-03-03"},"partyAffiliation":[{"party":{"name":"Republican"}}],"caucusAffiliation":[{"party":{"name":"Republican"}}],"represents":{"regionType":"StateRegion","regionCode":"WY"}}}],"creativeWork":[],"researchRecord":[]}}
