{"data":{"usCongressBioId":"K000225","familyName":"Kinney","givenName":"John","middleName":"Fitch","honorificPrefix":"Mr.","unaccentedFamilyName":"Kinney","unaccentedGivenName":"John","unaccentedMiddleName":"Fitch","birthDate":"1816-04-02","birthCirca":false,"deathDate":"1902-08-16","deathCirca":false,"profileText":"A Delegate from the Territory of Utah; born in New Haven, Oswego County, N.Y., April 2, 1816; completed preparatory studies; studied law; was admitted to the bar in 1837 and commenced practice in Marysville, Ohio; moved to Mount Vernon, Ohio, in 1839 and thence to Lee County, Iowa, in 1844; secretary of the State council in 1845 and 1846; prosecuting attorney of Lee County in 1846 and 1847; judge of the supreme court of Iowa from 1847 until January 1854, when he resigned; appointed by President Pierce chief justice of the supreme court of the Territory of Utah and served from January 1854 to 1857; moved to Nebraska City, Nebr., in 1857 and practiced law until 1860; again appointed by President Buchanan chief justice of the Territory of Utah June 26, 1860, and served until March 1863; elected as a Democrat to the Thirty-eighth Congress (March 4, 1863-March 3, 1865); was not a candidate for renomination in 1864; returned to Nebraska City, Nebr., and resumed the practice of law; appointed by President Johnson as a commissioner in February 1867 to visit the Sioux Indians; appointed by President Arthur as agent of the Yankton Sioux Indians and served from December 11, 1884, until January 1, 1889, when he resigned; resumed the practice of law in Nebraska City, Nebr.; moved to San Diego, Calif., in 1889; died in Salt Lake City, Utah, August 16, 1902; interment in Mount Hope Cemetery, San Diego, Calif.","relationship":[],"asset":[],"jobPositions":[{"job":{"name":"Delegate","jobType":"CongressMemberJob"},"startDate":"1863-03-04","startCirca":false,"congressAffiliation":{"congress":{"name":"The 38th United States Congress","congressNumber":38,"congressType":"USCongress","startDate":"1863-03-04","endDate":"1865-03-04"},"partyAffiliation":[{"party":{"name":"Democrat"}}],"caucusAffiliation":[{"party":{"name":"Democrat"}}],"represents":{"regionType":"StateRegion","regionCode":"UT"}}}],"creativeWork":[{"freeFormCitationText":"Haslam, Larry. \"Utah's Delegates to Congress, 1851-1896.\" masters' thesis, Utah State University, 1962."},{"freeFormCitationText":"Homer, Michael W. \"The Federal Bench and Priesthood Authority: The Rise and Fall of John Fitch Kinney's Early Relationship with the Mormons.\"<em>Journal of Mormon History</em>, vol. 13 (1986-87): 88-108."}],"researchRecord":[{"name":"Letter, November 2, 1863, 3 pages.","recordType":["Papers"],"description":"Letter written by Brigham Young to John Fitch Kinney discussing political affairs in Utah.","recordLocation":{"name":"Beinecke Rare Book and Manuscript Library","location":{"addressLocality":"New Haven","addressRegion":"CT"},"parentRecordLocation":{"name":"Yale University","location":{"addressLocality":"New Haven","addressRegion":"CT"}}}},{"name":"Letters, 1862-1867, 4 letters.","recordType":["Papers"],"description":"Collection includes correspondence with John Fitch Kinney.","recordLocation":{"name":"Beinecke Rare Book and Manuscript Library","location":{"addressLocality":"New Haven","addressRegion":"CT"},"parentRecordLocation":{"name":"Yale University","location":{"addressLocality":"New Haven","addressRegion":"CT"}}}},{"name":"In Hall-Kinney collection, 1821-1902, ca. 1,000 items.","recordType":["Papers"],"description":"Unpublished calendar of correspondence is in repository. Microfilm (1 reel) of correspondence.","recordLocation":{"name":"Nebraska State Historical Society","location":{"addressLocality":"Lincoln","addressRegion":"NE"}}},{"name":"Narrative written by Ellen Kinney Ware, 1 volume (95 pages).","recordType":["Papers"],"description":"Author was daughter of John Fitch Kinney and Hannah Hall. Narrative describes life in West Point, Iowa, and Salt Lake City, Utah.","recordLocation":{"name":"California State Library","location":{"addressLocality":"Sacramento","addressRegion":"CA"}}},{"name":"ca. 1863, 1 item.","recordType":["Papers"],"description":"Collection includes an autobiography by Kinney.","recordLocation":{"name":"Marriot Library Special Collections","location":{"addressLocality":"Salt Lake City","addressRegion":"UT"},"parentRecordLocation":{"name":"University of Utah","location":{"addressLocality":"Salt Lake City","addressRegion":"UT"}}}}]}}
