{"data":{"usCongressBioId":"K000079","familyName":"Kelly","givenName":"William","unaccentedFamilyName":"Kelly","unaccentedGivenName":"William","birthDate":"1786","birthCirca":false,"deathDate":"1834","deathCirca":false,"profileText":"A Senator from Alabama; born September 22, 1786; probably in South Carolina; received a classical education; studied law; admitted to the bar; moved to Tennessee where he practiced law and became a judge; moved to Alabama in 1818 and commenced practice in Huntsville; elected as a Democratic Republican (later Jacksonian Democrat) to the United States Senate to fill the vacancy caused by the resignation of John W. Walker and served from December 12, 1822, to March 3, 1825; member, State house of representatives 1825, 1827, serving as speaker in 1825; moved to New Orleans, La., in 1830 and died there on August 24, 1834.","relationship":[],"asset":[],"jobPositions":[{"job":{"name":"Senator","jobType":"CongressMemberJob"},"congressAffiliation":{"congress":{"name":"The 17th United States Congress","congressNumber":17,"congressType":"USCongress","startDate":"1821-12-03","endDate":"1823-03-03"},"partyAffiliation":[{"party":{"name":"Democratic Republican"}}],"caucusAffiliation":[{"party":{"name":"Republican"}}],"represents":{"regionType":"StateRegion","regionCode":"AL"}},"startCirca":false,"startDate":"1822-12-12"},{"job":{"name":"Senator","jobType":"CongressMemberJob"},"congressAffiliation":{"congress":{"name":"The 18th United States Congress","congressNumber":18,"congressType":"USCongress","startDate":"1823-12-01","endDate":"1825-03-03"},"partyAffiliation":[{"party":{"name":"Jacksonian"}}],"caucusAffiliation":[{"party":{"name":"Republican"}}],"represents":{"regionType":"StateRegion","regionCode":"AL"}}}],"creativeWork":[{"freeFormCitationText":"Watson, Elbert L. \"William Kelly.'' In <i>Alabama United States Senators</i>, pp. 23-24. Huntsville, AL: Strode Publishers, 1982."}],"researchRecord":[{"name":"In Alabama Governor administrative files, 1825-1828.","recordType":["Papers"],"recordLocation":{"name":"Alabama Department of Archives and History","location":{"addressLocality":"Montgomery","addressRegion":"AL"}}},{"name":"In House of Representatives Committee on Elections, contested election cases, 1813-1815.","recordType":["Papers"],"recordLocation":{"name":"Center for Legislative Archives","location":{"addressLocality":"Washington","addressRegion":"DC"},"parentRecordLocation":{"name":"National Archives and Records Administration","location":{"addressLocality":"Washington","addressRegion":"DC"}}}}]}}
