{"data":{"usCongressBioId":"K000031","familyName":"Kearney","givenName":"Dyre","unaccentedFamilyName":"Kearney","unaccentedGivenName":"Dyre","birthDateUnknown":true,"deathDate":"1791","deathCirca":false,"profileText":"A Delegate from Delaware; born in Kent County, Del., birth date unknown; studied law; was admitted to the bar of New Castle County, 1784, and commenced practice in Dover, Del.; Member of the Continental Congress, 1787-1788; resumed the practice of his profession in Dover, Del., where he died about November 1, 1791.","relationship":[],"asset":[],"jobPositions":[{"job":{"name":"Delegate","jobType":"CongressMemberJob"},"congressAffiliation":{"congress":{"name":"The Confederation Congress","congressNumber":1,"congressType":"ConfederationCongress","startDate":"1781-03-01","endDate":"1789-03-02"},"represents":{"regionType":"StateRegion","regionCode":"DE"}}}],"creativeWork":[],"researchRecord":[{"name":"In the alphabetical collection of Simon Gratz, 1677-1910, 100 linear feet.","recordType":["Papers"],"description":"Subjects include Dyre Kearney.","recordLocation":{"name":"Historical Society of Pennsylvania","location":{"addressLocality":"Philadelphia","addressRegion":"PA"}}}]}}
