{"data":{"usCongressBioId":"K000219","familyName":"Kingsbury","givenName":"William","middleName":"Wallace","honorificPrefix":"Mr.","unaccentedFamilyName":"Kingsbury","unaccentedGivenName":"William","unaccentedMiddleName":"Wallace","birthDate":"1828-06-04","birthCirca":false,"deathDate":"1892-04-17","deathCirca":false,"profileText":"A Delegate from the Territory of Minnesota; born in Towanda, Bradford County, Pa., June 4, 1828; attended the academies at Towanda and Athens; clerked in a store; became a surveyor; moved to Endion, Minn., in 1852; member of the Territorial house of representatives in 1857; delegate to the State constitutional convention in 1857; elected as a Democrat to the Thirty-fifth Congress and served from March 4, 1857, to May 11, 1858, when a portion of the Territory was admitted as a State into the Union; was not a candidate for renomination in 1858; returned to Towanda, Pa., in 1865 and engaged in the real estate and insurance business; engaged as a commission merchant in Baltimore, Md., for three years; moved to Tarpon Springs, Pinellas County, Fla., in 1887; engaged in real estate and mercantile pursuits until his death there on April 17, 1892; interment in Cydia Cemetery.","relationship":[],"asset":[],"jobPositions":[{"job":{"name":"Delegate","jobType":"CongressMemberJob"},"startDate":"1857-03-04","startCirca":false,"endDate":"1858-05-11","endCirca":false,"departureReason":"OtherDepartureReason","congressAffiliation":{"congress":{"name":"The 35th United States Congress","congressNumber":35,"congressType":"USCongress","startDate":"1857-03-04","endDate":"1859-03-03"},"departureReason":"OtherDepartureReason","partyAffiliation":[{"party":{"name":"Democrat"}}],"caucusAffiliation":[{"party":{"name":"Democrat"}}],"represents":{"regionType":"StateRegion","regionCode":"MN"},"note":[{"type":"Note","noteType":"FootNote","content":"Served until May 11, 1858, when a portion of the Territory was granted statehood; the House decided that the remainder was ‘‘without any legally organized government and not entitled to a Delegate in Congress,’’ although William W. Kingsbury and Alpheus G. Fuller both claimed to have been elected."}]}}],"creativeWork":[],"researchRecord":[{"name":"1856, 1 item.","recordType":["Papers"],"description":"A letter from William Wallace Kingsbury to W. H. Miller, requesting his help to secure appointment as Register of the Land Office for one of the newly created land districts, preferably one near Lake Superior. There are also comments on Democratic Party politics, particularly the presidential election of James Buchanan.","recordLocation":{"name":"Minnesota Historical Society","location":{"addressLocality":"St. Paul","addressRegion":"MN"}}},{"name":"In the Charles P. Daly Letters Received, 1855-1860, 1 microfilm reel.","recordType":["Microfilm"],"description":"The papers include letters from William W. Kingsbury to Charles P. Daly. The original papers are in the New York Public Library, New York, NY.","recordLocation":{"name":"Minnesota Historical Society","location":{"addressLocality":"St. Paul","addressRegion":"MN"}}},{"name":"In the papers of Lilburn A. Kingsbury, 1816-1983, 9.2 linear feet and 16 oversize volumes, 6 card files.","recordType":["Papers"],"description":"Collection includes papers of William Wallace Kingsbury, including a journal kept by him while ranching in New Mexico.","recordLocation":{"name":"Western Historical Manuscript Collection","location":{"addressLocality":"Columbia","addressRegion":"MO"},"parentRecordLocation":{"name":"University of Missouri - Columbia","location":{"addressLocality":"Columbia","addressRegion":"MO"}}}}]}}
