{"data":{"usCongressBioId":"K000141","familyName":"Kerr","givenName":"Joseph","unaccentedFamilyName":"Kerr","unaccentedGivenName":"Joseph","birthDate":"1765","birthCirca":false,"deathDate":"1837","deathCirca":false,"profileText":"A Senator from Ohio; born in Kerrtown (now Chambersburg), Franklin County, Pa., in 1765; was privately tutored; moved to Ohio in 1792; employed by contractors furnishing supplies to troops in the Ohio Valley; surveyor; justice of the peace at Manchester, Adams County, Ohio, in 1797; appointed as a judge of the first quarter session court of Adams County, Northwest Territory, in 1797; elected clerk of the board of commissioners of Adams County; moved to Chillicothe in 1801, and farmed; deputy surveyor of the Virginia military lands in Ohio; became a leading industrialist, shipping produce by a fleet of boats to New Orleans for export; elected to the Ohio senate in 1804 and 1810, and to the Ohio house of representatives in 1808, 1816, 1818, and 1819; appointed by President Thomas Jefferson in 1806 as one of the commissioners to survey the road from Cumberland, Md., to the Ohio River; adjutant general of Ohio 1809-1810; appointed a brigadier general of Ohio Volunteers during the War of 1812; operated a hotel, slaughter house, salting establishment, cooperage, boat building works, and general merchandise business; supplied provisions to the Army of the Northwest during the War of 1812; elected to the United States Senate to fill the vacancy caused by the resignation of Thomas Worthington and served from December 10, 1814, to March 3, 1815; was not a candidate for reelection; returned to Chillicothe, Ohio, and was proprietor of an inn 1815-1826; lost his extensive farm and was forced into bankruptcy; in 1826 moved to Tennessee, where he engaged in agricultural pursuits near Memphis until 1828, when he moved to Louisiana and purchased a homestead near Lake Providence, Carroll (now East Carroll) Parish; also purchased a plantation near Bunches Bend, La., and was engaged as a planter until his death at his homestead near Providence, August 22, 1837; interment in the family burying ground.","relationship":[],"asset":[],"jobPositions":[{"job":{"name":"Senator","jobType":"CongressMemberJob"},"congressAffiliation":{"congress":{"name":"The 13th United States Congress","congressNumber":13,"congressType":"USCongress","startDate":"1813-05-24","endDate":"1815-03-03"},"partyAffiliation":[{"party":{"name":"Democratic Republican"}}],"caucusAffiliation":[{"party":{"name":"Republican"}}],"represents":{"regionType":"StateRegion","regionCode":"OH"}},"startCirca":false,"startDate":"1814-12-10"}],"creativeWork":[{"freeFormCitationText":"Dickore, Marie, ed. <i>General Joseph Kerr of Chillicothe, Ohio: \"Ohio's Lost Senator.'' </i>Oxford, OH: Oxford Press, 1941."}],"researchRecord":[{"name":"1786-1813. Ca. 1 foot. Correspondence, ledgers, and financial papers. In part transcripts and photocopies. Available on microfilm. Also miscellaneous items in various collections including Thomas Worthington papers, 1795-1827.","recordType":["Papers"],"recordLocation":{"name":"Ohio Historical Society","location":{"addressLocality":"Columbus","addressRegion":"OH"}}},{"name":"In Anderson-Latham papers, 1771-1887.","recordType":["Papers"],"recordLocation":{"name":"Virginia State Library and Archives","location":{"addressLocality":"Richmond","addressRegion":"VA"}}}]}}
