{"data":{"usCongressBioId":"L000118","familyName":"Lattimore","givenName":"William","honorificPrefix":"Mr.","unaccentedFamilyName":"Lattimore","unaccentedGivenName":"William","birthDate":"1774-02-09","birthCirca":false,"deathDate":"1843-04-03","deathCirca":false,"profileText":"A Delegate from Mississippi Territory; born in Norfolk, Va., February 9, 1774; attended the common schools; studied medicine; moved to Natchez, Miss., and practiced his profession; on the formation of Mississippi Territory in 1798 took an active part in the organization of a government; elected as a Delegate to the Eighth and Ninth Congresses (March 4, 1803-March 3, 1807); elected to the Thirteenth and Fourteenth Congresses (March 4, 1813-March 3, 1817); delegate to the first State constitutional convention of Mississippi in 1817; appointed a censor of the medical profession under the constitution and code; one of the commissioners to select the site for the seat of the new State government; died in Natchez, Miss., April 3, 1843; interment in Lea Cemetery, Gillsburg, Miss.","relationship":[],"asset":[],"jobPositions":[{"job":{"name":"Delegate","jobType":"CongressMemberJob"},"startDate":"1803-10-17","startCirca":false,"congressAffiliation":{"congress":{"name":"The 8th United States Congress","congressNumber":8,"congressType":"USCongress","startDate":"1803-10-17","endDate":"1805-03-03"},"partyAffiliation":[{"party":{"name":"Democratic Republican"}}],"caucusAffiliation":[{"party":{"name":"Democratic Republican"}}],"represents":{"regionType":"StateRegion","regionCode":"MS"}}},{"job":{"name":"Delegate","jobType":"CongressMemberJob"},"startDate":"1805-12-02","startCirca":false,"congressAffiliation":{"congress":{"name":"The 9th United States Congress","congressNumber":9,"congressType":"USCongress","startDate":"1805-12-02","endDate":"1807-03-03"},"partyAffiliation":[{"party":{"name":"Democratic Republican"}}],"caucusAffiliation":[{"party":{"name":"Democratic Republican"}}],"represents":{"regionType":"StateRegion","regionCode":"MS"}}},{"job":{"name":"Delegate","jobType":"CongressMemberJob"},"startDate":"1813-05-24","startCirca":false,"congressAffiliation":{"congress":{"name":"The 13th United States Congress","congressNumber":13,"congressType":"USCongress","startDate":"1813-05-24","endDate":"1815-03-03"},"partyAffiliation":[{"party":{"name":"Democratic Republican"}}],"caucusAffiliation":[{"party":{"name":"Democratic Republican"}}],"represents":{"regionType":"StateRegion","regionCode":"MS"}}},{"job":{"name":"Delegate","jobType":"CongressMemberJob"},"startDate":"1815-12-04","startCirca":false,"congressAffiliation":{"congress":{"name":"The 14th United States Congress","congressNumber":14,"congressType":"USCongress","startDate":"1815-12-04","endDate":"1817-03-03"},"partyAffiliation":[{"party":{"name":"Democratic Republican"}}],"caucusAffiliation":[{"party":{"name":"Democratic Republican"}}],"represents":{"regionType":"StateRegion","regionCode":"MS"}}}],"creativeWork":[],"researchRecord":[{"name":"In the Lemuel Punderson Papers, 1810-1826, 0.4 linear foot.","recordType":["Papers"],"description":"Correspondents include William Lattimore.","recordLocation":{"name":"Archives Library","location":{"addressLocality":"Cleveland","addressRegion":"OH"},"parentRecordLocation":{"name":"Western Reserve Historical Society","location":{"addressLocality":"Cleveland","addressRegion":"OH"}}}}]}}
