{"data":{"usCongressBioId":"M000435","familyName":"McFadden","givenName":"Obadiah","middleName":"Benton","unaccentedFamilyName":"McFadden","unaccentedGivenName":"Obadiah","unaccentedMiddleName":"Benton","birthDate":"1815","birthCirca":false,"deathDate":"1875","deathCirca":false,"profileText":"A Delegate from the Territory of Washington; born in West Middletown, Washington County, Pa., November 18, 1815; attended the public schools and McKeever Academy, West Middletown, Pa.; studied law; was admitted to the bar in 1843 and commenced practice; member of the State house of representatives in 1843; elected prothonotary of Washington County; appointed associate justice of the supreme court of the Territory of Oregon in 1853 and of the Territory of Washington in 1854 and served as chief justice of the latter from 1858 to 1861; member of the legislative council and chosen its president in 1861; resumed the practice of law in Olympia, Wash., and also engaged in agricultural pursuits; elected as a Democrat to the Forty-third Congress (March 4, 1873-March 3, 1875); was not a candidate for renomination in 1874; died in Olympia, Wash., June 25, 1875; interment in the Masonic Cemetery.","relationship":[],"asset":[],"jobPositions":[{"job":{"name":"Delegate","jobType":"CongressMemberJob"},"congressAffiliation":{"congress":{"name":"The 43rd United States Congress","congressNumber":43,"congressType":"USCongress","startDate":"1873-03-04","endDate":"1875-03-03"},"partyAffiliation":[{"party":{"name":"Democrat"}}],"caucusAffiliation":[{"party":{"name":"Democrat"}}],"represents":{"regionType":"StateRegion","regionCode":"WA"}}}],"creativeWork":[{"freeFormCitationText":"Teiser, Stanley. \"Obadiah B. McFadden, Oregon and Washington Territorial Judge.\" <i>Oregon Historical Quarterly</i> 66 (March 1965): 25-37."}],"researchRecord":[{"name":"1859, 1 page.","recordType":["Papers"],"description":"A letter from Obadiah B. McFadden to the Election Board at Tumwater, instructing the Board that it may accept votes from residents of 20 days provided they have been residents of the Territory for six months.","recordLocation":{"name":"Beinecke Rare Book and Manuscript Library","location":{"addressLocality":"New Haven","addressRegion":"CT"},"parentRecordLocation":{"name":"Yale University","location":{"addressLocality":"New Haven","addressRegion":"CT"}}}},{"name":"In the William Winlock Miller Collection, 1845-1958, 16 boxes.","recordType":["Papers"],"description":"Subjects include Obadiah Benton McFadden. An unpublished finding aid is available in the repository.","recordLocation":{"name":"Beinecke Rare Book and Manuscript Library","location":{"addressLocality":"New Haven","addressRegion":"CT"},"parentRecordLocation":{"name":"Yale University","location":{"addressLocality":"New Haven","addressRegion":"CT"}}}},{"name":"In the Territory of Washington vs. Watsersmi, 1854-1855, 6 pages.","recordType":["Papers"],"description":"The brief, written by Elwood Evans, outlines the reasons why the defendant should be discharged. A verdict had been rendered by a jury and a warrant issued to hang the defendant, but Judge O. B. McFadden issued a supersedeas and the Supreme Court decided that there was no judgment and nothing to review. The brief is also available on microfilm.","recordLocation":{"name":"Beinecke Rare Book and Manuscript Library","location":{"addressLocality":"New Haven","addressRegion":"CT"},"parentRecordLocation":{"name":"Yale University","location":{"addressLocality":"New Haven","addressRegion":"CT"}}}},{"name":"In the McMicken Family Papers 1828-1921, 1.83 cubic feet.","recordType":["Papers"],"description":"Major correspondents include Obadiah Benton McFadden. A finding aid is available in the repository.","recordLocation":{"name":"Special Collections, Allen Library South","location":{"addressLocality":"Seattle","addressRegion":"WA"},"parentRecordLocation":{"name":"University of Washington","location":{"addressLocality":"Seattle","addressRegion":"WA"}}}}]}}
