{"data":{"usCongressBioId":"M000648","familyName":"Meredith","givenName":"Samuel","unaccentedFamilyName":"Meredith","unaccentedGivenName":"Samuel","birthDate":"1741","birthCirca":false,"deathDate":"1817","deathCirca":false,"profileText":"A Delegate from Pennsylvania; born in Philadelphia, Pa., in 1741; attended Doctor Allison's Academy in Philadelphia; engaged in mercantile pursuits; served in the Revolutionary War as major and lieutenant colonel of the Third Battalion of Associators in 1776; promoted to brigadier general of Pennsylvania Militia April 5, 1777; resigned in 1778; twice a member of the Pennsylvania Colonial Assembly; Member of the Continental Congress 1786-1788; appointed surveyor of the port of Philadelphia August 1, 1789; was the first United States Treasurer appointed under the Constitution, and served from September 11, 1789, until his resignation December 1, 1801; retired to his country home, ``Belmont Manor,'' near Pleasant Mount, Wayne County, Pa., where he died February 10, 1817; interment in the family cemetery on his estate.","relationship":[],"asset":[],"jobPositions":[{"job":{"name":"Delegate","jobType":"CongressMemberJob"},"congressAffiliation":{"congress":{"name":"The Confederation Congress","congressNumber":1,"congressType":"ConfederationCongress","startDate":"1781-03-01","endDate":"1789-03-02"},"represents":{"regionType":"StateRegion","regionCode":"PA"}}}],"creativeWork":[],"researchRecord":[{"name":"In the William Maclay Papers, 1789-1791, 0.5 linear foot.","recordType":["Papers"],"description":"Correspondents include Samuel Meredith.","recordLocation":{"name":"Manuscript Division","location":{"addressLocality":"Washington","addressRegion":"DC"},"parentRecordLocation":{"name":"Library of Congress","location":{"addressLocality":"Washington","addressRegion":"DC"}}}},{"name":"In the Read Family Papers, 1568-1906, 2 linear feet.","recordType":["Papers"],"description":"Correspondents include Samuel Meredith. A finding aid is available in the library.","recordLocation":{"name":"Manuscript Division","location":{"addressLocality":"Washington","addressRegion":"DC"},"parentRecordLocation":{"name":"Library of Congress","location":{"addressLocality":"Washington","addressRegion":"DC"}}}},{"name":"1776, 1 item.","recordType":["Papers"],"description":"A letter from Samuel Meredith to Colonel Charles Lewis written on June 4, 1776.","recordLocation":{"name":"Department of Literary and Historical Manuscripts","location":{"addressLocality":"New York","addressRegion":"NY"},"parentRecordLocation":{"name":"The Morgan Library","location":{"addressLocality":"New York","addressRegion":"NY"}}}},{"name":"1775-1808, 22 items.","recordType":["Papers"],"description":"The papers of Samuel Meredith include correspondence and statements of account with a dentist, physicians and pharmacists.","recordLocation":{"name":"Medical Center Library","location":{"addressLocality":"Durham","addressRegion":"NC"},"parentRecordLocation":{"name":"Duke University Libraries","location":{"addressLocality":"Durham","addressRegion":"NC"}}}}]}}
