{"data":{"usCongressBioId":"M000196","familyName":"Martin","givenName":"Morgan","middleName":"Lewis","honorificPrefix":"Mr.","unaccentedFamilyName":"Martin","unaccentedGivenName":"Morgan","unaccentedMiddleName":"Lewis","birthDate":"1805-03-31","birthCirca":false,"deathDate":"1887-12-10","deathCirca":false,"profileText":"A Delegate from the Territory of Wisconsin; born in Martinsburg, Lewis County, N.Y., March 31, 1805; attended the common schools and was graduated from Hamilton College, Clinton, N.Y., in 1824; studied law; was admitted to the bar and commenced practice in Detroit, Mich.; moved to Green Bay, Wis., in 1827 (then a part of Michigan Territory); member of the Michigan Territorial legislature 1831-1835; member of the Wisconsin Territorial legislature 1838-1844 and served as president in 1842 and 1843; elected as a Democrat to the Twenty-ninth Congress (March 4, 1845-March 3, 1847); president of the second State constitutional convention in 1847 and 1848; again elected to the State assembly in 1855; member of the State senate in 1858 and 1859; served in the Union Army as paymaster with the rank of major 1861-1865; Indian agent 1866-1869; unsuccessful candidate for election in 1866 to the Fortieth Congress; resumed the practice of his profession; elected judge of Brown County in 1875, in which capacity he served until his death at Green Bay, Brown County, Wis., December 10, 1887; interment in Woodlawn Cemetery.","relationship":[{"relationshipType":"cousin","relatedTo":{"usCongressBioId":"D000443","familyName":"Doty","givenName":"James","middleName":"Duane","honorificPrefix":"Mr.","unaccentedFamilyName":"Doty","unaccentedGivenName":"James","unaccentedMiddleName":"Duane","birthDate":"1799-11-05","birthCirca":false,"deathDate":"1865-06-13","deathCirca":false}}],"asset":[],"jobPositions":[{"job":{"name":"Delegate","jobType":"CongressMemberJob"},"startDate":"1845-03-04","startCirca":false,"congressAffiliation":{"congress":{"name":"The 29th United States Congress","congressNumber":29,"congressType":"USCongress","startDate":"1845-03-04","endDate":"1847-03-03"},"partyAffiliation":[{"party":{"name":"Democrat"}}],"caucusAffiliation":[{"party":{"name":"Democrat"}}],"represents":{"regionType":"StateRegion","regionCode":"WI"}}}],"creativeWork":[],"researchRecord":[{"name":"1645-1931. 27 volumes, 14 boxes, and 19 reels of microfilm.","recordType":["Papers"],"description":"Correspondence, business and legal papers, and reminiscences. Microfilm from originals in Neville Museum, Green Bay, WI. Described in published guide.","recordLocation":{"name":"State Historical Society of Wisconsin","location":{"addressLocality":"Madison","addressRegion":"WI"}}}]}}
