{"data":{"usCongressBioId":"M000866","familyName":"Montgomery","givenName":"John","unaccentedFamilyName":"Montgomery","unaccentedGivenName":"John","birthDate":"1722","birthCirca":false,"deathDate":"1808","deathCirca":false,"profileText":"A Delegate from Pennsylvania; born in Ireland in 1722; family migrated to Carlisle, Pa., about 1740; county justice; captain, Third Pennsylvania battalion and served in Forbes' expedition in 1758 and in the Indian wars; member, Pennsylvania's Committee of Safety, 1775-1776; colonel, Cumberland County regiment during Revolution, 1777; member, Pennsylvania Assembly, 1781-1782; Member of the Continental Congress 1782-1784; burgess of Carlisle, Pa., in 1787; commissioned an associate judge of Cumberland County in 1794; a founder of Dickinson College of Pennsylvania; died in Carlisle, Pa., September 3, 1808.","relationship":[],"asset":[],"jobPositions":[{"job":{"name":"Delegate","jobType":"CongressMemberJob"},"congressAffiliation":{"congress":{"name":"The Confederation Congress","congressNumber":1,"congressType":"ConfederationCongress","startDate":"1781-03-01","endDate":"1789-03-02"},"represents":{"regionType":"StateRegion","regionCode":"PA"}}}],"creativeWork":[],"researchRecord":[{"name":"In the Miscellaneous Manuscripts Collection, 1784, 1 item.","recordType":["Papers"],"description":"A letter of John Montgomery to an unidentified recipient written in 1784.","recordLocation":{"name":"Manuscript Division","location":{"addressLocality":"Washington","addressRegion":"DC"},"parentRecordLocation":{"name":"Library of Congress","location":{"addressLocality":"Washington","addressRegion":"DC"}}}}]}}
