{"data":{"usCongressBioId":"M000246","familyName":"Matlack","givenName":"Timothy","unaccentedFamilyName":"Matlack","unaccentedGivenName":"Timothy","birthDate":"1730","birthCirca":false,"deathDate":"1829","deathCirca":false,"profileText":"A Delegate from Pennsylvania; born in Haddonfield, Camden County, N.J., in 1730; attended Quaker schools in Haddonfield and Philadelphia; engaged in mercantile pursuits in Philadelphia; was in command of a battalion of ``Associators'' during the Revolution; member of the provincial conference held in Carpenters' Hall, Philadelphia, June 18, 1775; delegate to the convention of July 15, 1776, and appointed secretary of state; member of the committee of safety in 1776; in 1777 was appointed keeper of the great seal; member of the board of trustees of the University of Pennsylvania in 1779; Member of the Continental Congress in 1780; moved to Lancaster, Pa.; master of the rolls of Pennsylvania 1800-1809; moved to Philadelphia and was prothonotary of the district court for several years; member of the board of aldermen 1813-1818; died at Holmesburg, near Philadelphia, Pa., April 14, 1829; interment in the Free Quaker Burial Ground, Philadelphia, Pa.; reinterment in 1905 in Fatlands, on the Schuylkill River, opposite Valley Forge, Pa.","relationship":[],"asset":[],"jobPositions":[{"job":{"name":"Delegate","jobType":"CongressMemberJob"},"congressAffiliation":{"congress":{"name":"The 2nd Continental Congress","congressNumber":2,"congressType":"ContinentalCongress","startDate":"1775-05-10","endDate":"1781-03-01"},"represents":{"regionType":"StateRegion","regionCode":"PA"}}}],"creativeWork":[{"freeFormCitationText":"Matlack, Timothy. <i>An Oration Delivered March 16, 1780, Before the Patron, Vice-Presidents and Members of the American Philosophical Society, Held at Philadelphia, for Promoting Useful Knowledge</i>. Philadelphia: Printed by Styner and Cist, 1780."},{"freeFormCitationText":"Stackhouse, A. M. (Asa Matlack). <i>Col. Timothy Matlack, Patriot and Soldier</i>. [N.p.]: Privately printed, 1910."}],"researchRecord":[{"name":"In the Marian S. Carson Collection of Manuscripts, 1656-1995, 26.4 linear feet.","recordType":["Papers"],"description":"Individuals represented include Timothy Matlack. A finding aid is available in the library.","recordLocation":{"name":"Manuscript Division","location":{"addressLocality":"Washington","addressRegion":"DC"},"parentRecordLocation":{"name":"Library of Congress","location":{"addressLocality":"Washington","addressRegion":"DC"}}}},{"name":"In the Joseph Shippen Papers, 1727-1783, 103 items.","recordType":["Papers"],"description":"Correspondents include Timothy Matlack. A finding aid is available in the library.","recordLocation":{"name":"Manuscript Division","location":{"addressLocality":"Washington","addressRegion":"DC"},"parentRecordLocation":{"name":"Library of Congress","location":{"addressLocality":"Washington","addressRegion":"DC"}}}},{"name":"1783-1800, 1 volume.","recordType":["Papers"],"description":"The account book of Timothy Matlack contains receipts and expenditures for the Flying Camp, 1783. Also included are business accounts for purchase of bread and candles and for expenses of traveling and lodging, 1785-1800.","recordLocation":{"name":"American Philosophical Society Library","location":{"addressLocality":"Philadelphia","addressRegion":"PA"}}}]}}
