{"data":{"usCongressBioId":"M000050","familyName":"Maginnis","givenName":"Martin","unaccentedFamilyName":"Maginnis","unaccentedGivenName":"Martin","birthDate":"1841","birthCirca":false,"birthDateUnknown":false,"deathDate":"1919","deathCirca":false,"deathDateUnknown":false,"image":[{"contentUrl":"/bioguide-staging/assets/66d0b30bcd449f2fbe38b3d5.jpg","caption":"Image courtesy of the Library of Congress","name":"M000050_001"}],"profileText":"A Delegate from the Territory of Montana; born near Pultneyville, Wayne County, N.Y., October 27, 1841; moved with his parents to Minnesota in 1852; pursued an academic course; attended Hamline University, but left to take charge of a Democratic newspaper; enlisted as a private in the First Regiment, Minnesota Volunteer Infantry, April 18, 1861; promoted to first lieutenant in September 1862 and to captain in July 1863; appointed major of the Eleventh Minnesota Volunteers in September 1864 and ordered to join the Army of the Cumberland, where he served under the command of General Thomas until mustered out with his regiment in July 1865; moved to Helena, Mont., in 1866; engaged in mining and subsequently in publishing and editing the Helena Daily Gazette; elected as a Democrat to the Forty-third and to the five succeeding Congresses (March 4, 1873-March 3, 1885); unsuccessful Democratic candidate for election in 1890 to the Fifty-first Congress; presented credentials on May 25, 1900, as a Senator-designate to fill the vacancy caused by the resignation of William A. Clark, but was not seated; State commissioner of mineral land 1890-1893; died in Los Angeles, Calif., March 27, 1919; interment in Resurrection Cemetery, Helena, Mont.","relationship":[],"asset":[{"name":"M000050_001","assetType":"Image","contentUrl":"/bioguide-published/assets/66d0b30bcd449f2fbe38b3d5.jpg","creditLine":"Image courtesy of the Library of Congress","associatedEntity":[],"note":[{"noteType":"ImageNote","content":"https://www.loc.gov/item/2017894965/"}],"usageRight":["Import to Congress.gov"]}],"jobPositions":[{"job":{"name":"Delegate","jobType":"CongressMemberJob"},"congressAffiliation":{"congress":{"name":"The 44th United States Congress","congressNumber":44,"congressType":"USCongress","startDate":"1875-03-05","endDate":"1877-03-04"},"partyAffiliation":[{"party":{"name":"Democrat"}}],"caucusAffiliation":[{"party":{"name":"Democrat"}}],"represents":{"regionType":"StateRegion","regionCode":"MT"}}},{"job":{"name":"Delegate","jobType":"CongressMemberJob"},"congressAffiliation":{"congress":{"name":"The 45th United States Congress","congressNumber":45,"congressType":"USCongress","startDate":"1877-03-05","endDate":"1879-03-03"},"partyAffiliation":[{"party":{"name":"Democrat"}}],"caucusAffiliation":[{"party":{"name":"Democrat"}}],"represents":{"regionType":"StateRegion","regionCode":"MT"}}},{"job":{"name":"Delegate","jobType":"CongressMemberJob"},"congressAffiliation":{"congress":{"name":"The 46th United States Congress","congressNumber":46,"congressType":"USCongress","startDate":"1879-03-18","endDate":"1881-03-03"},"partyAffiliation":[{"party":{"name":"Democrat"}}],"caucusAffiliation":[{"party":{"name":"Democrat"}}],"represents":{"regionType":"StateRegion","regionCode":"MT"}}},{"job":{"name":"Delegate","jobType":"CongressMemberJob"},"congressAffiliation":{"congress":{"name":"The 47th United States Congress","congressNumber":47,"congressType":"USCongress","startDate":"1881-03-04","endDate":"1883-03-03"},"partyAffiliation":[{"party":{"name":"Democrat"}}],"caucusAffiliation":[{"party":{"name":"Democrat"}}],"represents":{"regionType":"StateRegion","regionCode":"MT"}}},{"job":{"name":"Delegate","jobType":"CongressMemberJob"},"congressAffiliation":{"congress":{"name":"The 48th United States Congress","congressNumber":48,"congressType":"USCongress","startDate":"1883-12-03","endDate":"1885-03-04"},"partyAffiliation":[{"party":{"name":"Democrat"}}],"caucusAffiliation":[{"party":{"name":"Democrat"}}],"represents":{"regionType":"StateRegion","regionCode":"MT"}}},{"job":{"name":"Delegate","jobType":"CongressMemberJob"},"congressAffiliation":{"congress":{"name":"The 43rd United States Congress","congressNumber":43,"congressType":"USCongress","startDate":"1873-03-04","endDate":"1875-03-03"},"partyAffiliation":[{"party":{"name":"Democrat"}}],"caucusAffiliation":[{"party":{"name":"Democrat"}}],"represents":{"regionType":"StateRegion","regionCode":"MT"}}}],"creativeWork":[{"freeFormCitationText":"Maginnis, Martin. <i>Heroic Aspects of the War. Address of Hon. Martin Maginnis ... on Decoration Day, 1879, at Soldier's Home, Washington, D.C.</i> Washington: R.H. Darby, printer, 1879."}],"researchRecord":[{"name":"In the Granville Stuart Papers, [1864]-1918, 0.2 linear foot.","recordType":["Papers"],"description":"Subjects include Martin Maginnis.","recordLocation":{"name":"Beinecke Rare Book and Manuscript Library","location":{"addressLocality":"New Haven","addressRegion":"CT"},"parentRecordLocation":{"name":"Yale University","location":{"addressLocality":"New Haven","addressRegion":"CT"}}}},{"name":"In the Terry Family Papers, 1795-1939, 5 linear feet.","recordType":["Papers"],"description":"Subjects covered include Martin Maginnis.","recordLocation":{"name":"Manuscripts and Archives","location":{"addressLocality":"New Haven","addressRegion":"CT"},"parentRecordLocation":{"name":"Yale University Library","location":{"addressLocality":"New Haven","addressRegion":"CT"}}}},{"name":"1864-1912, 1.5 linear feet.","recordType":["Papers"],"description":"The papers of Martin Maginnis include incoming correspondence (1873-1907) concerning politics, Indian agency administration, the military, and railroad development. In addition, there is a small amount of outgoing correspondence (1874-1881, 1904), a scrapbook, speeches, and writings.","recordLocation":{"name":"Montana Historical Society","location":{"addressLocality":"Helena","addressRegion":"MT"}}}],"deleted":false}}
