{"data":{"usCongressBioId":"M000654","familyName":"Merrick","givenName":"William","middleName":"Duhurst","unaccentedFamilyName":"Merrick","unaccentedGivenName":"William","unaccentedMiddleName":"Duhurst","birthDate":"1793","birthCirca":false,"deathDate":"1857","deathCirca":false,"profileText":"(Father of William Matthew Merrick), a Senator from Maryland; born in Annapolis, Md., October 25, 1793; completed preparatory studies and graduated from Georgetown University, Washington, D.C.; held several local offices; served in the War of 1812; register of wills of Charles County, Md., 1825-1832; studied law; admitted to the bar and commenced practice in Port Tobacco, Md.; member, State house of delegates 1832-1838; elected as a Whig to the United States Senate to fill the vacancy caused by the death of Joseph Kent; reelected in 1839 and served from January 4, 1838, to March 3, 1845; chairman, Committee on the District of Columbia (Twenty-sixth and Twenty-seventh Congresses), Committee on Post Office and Post Roads (Twenty-seventh and Twenty-eighth Congresses); member of the State constitutional convention in 1850; member, State house of delegates from January 1856, until his death in Washington, D.C., February 5, 1857; interment in Mount Olivet Cemetery.","relationship":[],"asset":[],"jobPositions":[{"job":{"name":"Senator","jobType":"CongressMemberJob"},"congressAffiliation":{"congress":{"name":"The 25th United States Congress","congressNumber":25,"congressType":"USCongress","startDate":"1837-03-04","endDate":"1839-03-03"},"partyAffiliation":[{"party":{"name":"Whig"}}],"caucusAffiliation":[{"party":{"name":"Whig"}}],"represents":{"regionType":"StateRegion","regionCode":"MD"}},"startCirca":false,"startDate":"1838-01-04"},{"job":{"name":"Senator","jobType":"CongressMemberJob"},"congressAffiliation":{"congress":{"name":"The 26th United States Congress","congressNumber":26,"congressType":"USCongress","startDate":"1839-12-02","endDate":"1841-03-03"},"partyAffiliation":[{"party":{"name":"Whig"}}],"caucusAffiliation":[{"party":{"name":"Whig"}}],"represents":{"regionType":"StateRegion","regionCode":"MD"}}},{"job":{"name":"Senator","jobType":"CongressMemberJob"},"congressAffiliation":{"congress":{"name":"The 27th United States Congress","congressNumber":27,"congressType":"USCongress","startDate":"1841-03-04","endDate":"1843-03-03"},"partyAffiliation":[{"party":{"name":"Whig"}}],"caucusAffiliation":[{"party":{"name":"Whig"}}],"represents":{"regionType":"StateRegion","regionCode":"MD"}}},{"job":{"name":"Senator","jobType":"CongressMemberJob"},"congressAffiliation":{"congress":{"name":"The 28th United States Congress","congressNumber":28,"congressType":"USCongress","startDate":"1843-12-04","endDate":"1845-03-03"},"partyAffiliation":[{"party":{"name":"Whig"}}],"caucusAffiliation":[{"party":{"name":"Whig"}}],"represents":{"regionType":"StateRegion","regionCode":"MD"}}}],"creativeWork":[],"researchRecord":[{"name":"Six letters (1817, 1838-1842) in the Aldine collection.","recordType":["Papers"],"recordLocation":{"name":"Maryland Historical Society","location":{"addressLocality":"Baltimore","addressRegion":"MD"}}},{"name":"1 printed speech (1845) on franking privilege in Maryland manuscripts collection.","recordType":["Papers"],"recordLocation":{"name":"McKeldin Library","location":{"addressLocality":"College Park","addressRegion":"MD"},"parentRecordLocation":{"name":"University of Maryland","location":{"addressLocality":"College Park","addressRegion":"MD"}}}}]}}
