{"data":{"usCongressBioId":"M000482","familyName":"McIntosh","givenName":"Lachlan","unaccentedFamilyName":"McIntosh","unaccentedGivenName":"Lachlan","birthDate":"1725","birthCirca":false,"deathDate":"1806","deathCirca":false,"profileText":"A Delegate from Georgia; born near Raits, in Badenoch, Scotland, March 17, 1725; immigrated with his parents to Georgia in 1736 and established the settlement of New Inverness; acquired an education and became a surveyor; delegate to the Provincial Congress at Savannah in 1775; entered the military service of Georgia and later served in the Continental Army and rose to the rank of brigadier general; fought a duel on May 16, 1777, with Button Gwinnett, fatally wounding his opponent; elected to the Continental Congress in 1784 but did not attend; died in Savannah, Ga., February 20, 1806; interment in Colonial Park Cemetery, Savannah, Ga.","relationship":[],"asset":[],"jobPositions":[],"creativeWork":[{"freeFormCitationText":"Jackson, Harvey H. <i>Lachlan McIntosh and the Politics of Revolutionary Georgia</i>. Athens: University of Georgia Press, 1979. Reprint, Athens: University of Georgia Press, 2003."},{"freeFormCitationText":"McIntosh, Lachlan. <i>A Historical Duel; A Letter Written by Brigadier General Lachlan McIntosh to Colonel John Laurence, Military Secretary to General Washington, Three Days After the Death of Button Gwinnett, Being a True Relation of the Duel, of the Events that Caused it and of its Consequences: After One Hundred and Sixty Years the Authentic Story of the Historical Duel, Written by the Hand that Killed Button Gwinnett Thereby Creating one of America's Greatest Autographic Rareties. Printed Here for the First Time, from the Recently Acquired Original Letter, for a Few Friends and Clients by the American Autograph Shop, Christmas, 1937</i>. [Merion Station, Pa.: N.p., 1937]."},{"freeFormCitationText":"------. <i>Lachlan McIntosh Papers in the University of Georgia Libraries</i>. Edited, with an introduction, by Lilla Mills Hawes. Athens: University of Georgia Press, 1968."}],"researchRecord":[{"name":"In the William Alexander Papers, ca. 1767-1782, 1 linear foot.","recordType":["Papers"],"description":"Subjects include Lachlan McIntosh.","recordLocation":{"name":"Archives Division","location":{"addressLocality":"New York","addressRegion":"NY"},"parentRecordLocation":{"name":"The New-York Historical Society","location":{"addressLocality":"New York","addressRegion":"NY"}}}},{"name":"1774, 2 items.","recordType":["Papers"],"description":"The collection consists of a letter from Lachlan McIntosh, Darien, Georgia dated October 1, 1774 to his son Jack McIntosh in Jamaica. The letter gives news of the McIntosh family in detail, expresses concern over Jack's welfare, and gives advice on how Jack should conduct himself. The collection also contains an engraving of Lachlan McIntosh by Hoppner Meyer.","recordLocation":{"name":"Hargrett Rare Book and Manuscript Library","location":{"addressLocality":"Athens","addressRegion":"GA"},"parentRecordLocation":{"name":"University of Georgia Libraries","location":{"addressLocality":"Athens","addressRegion":"GA"}}}},{"name":"In the Keith Read Collection, 1755-1829, 0.5 linear foot.","recordType":["Papers"],"description":"The series consists of papers of the Lachlan McIntosh family from 1755-1829. The papers include correspondence, military documents, accounts, a journal, and bills or receipts. The materials mainly document General McIntosh's activities during the Revolutionary War and contain a list of killed and wounded on British lines (1776-1777), list of Continental officers for exchange (1780), a journal (1780) documenting the siege of Charleston (S.C.), and a document containing the laws of the Creek Nation as written by Chilly McIntosh.","recordLocation":{"name":"Hargrett Rare Book and Manuscript Library","location":{"addressLocality":"Athens","addressRegion":"GA"},"parentRecordLocation":{"name":"University of Georgia Libraries","location":{"addressLocality":"Athens","addressRegion":"GA"}}}},{"name":"In the John Berrien Papers, 1786-1791, 2 items.","recordType":["Papers"],"description":"Other authors include Lachlan McIntosh. A finding aid is available in the repository.","recordLocation":{"name":"Georgia Historical Society","location":{"addressLocality":"Savannah","addressRegion":"GA"}}},{"name":"n.d., 4 pages.","recordType":["Papers"],"description":"A letter from Lachlan McIntosh to an unidentified recipient.","recordLocation":{"name":"J. S. Copley Library","location":{"addressLocality":"La Jolla","addressRegion":"CA"},"parentRecordLocation":{"name":"Copley Press, Inc.","location":{"addressLocality":"La Jolla","addressRegion":"CA"}}}},{"name":"1763-1838, 24 items.","recordType":["Papers"],"description":"The papers of Lachlan McIntosh include a letter, 1776, from British officers on board the <i>Hechenbrook</i> concerning negotiations between the Americans and the British for the release of prisoners and ships; photocopy of a 1788 copy of a 1767 survey of Darien, Ga.; protest, 1782, concerning the loss of property in Savannah; letter to the governor relating to graft by surveyors; letter concerning runaway slaves; letters pertaining to the settlement of the estates of Robert Baillie and George Baillie; letter, 1813, discussing cotton culture in East Florida; and legal papers.","recordLocation":{"name":"Rare Book, Manuscript, and Special Collections Library","location":{"addressLocality":"Durham","addressRegion":"NC"},"parentRecordLocation":{"name":"Duke University","location":{"addressLocality":"Durham","addressRegion":"NC"}}}},{"name":"1779, 1 item.","recordType":["Papers"],"description":"A letter from Lachlan McIntosh to General Lincoln written on August 12, 1779. In the letter, Lachlan McIntosh writes concerning the distress of the officers in his corps. The text is followed by a postscript concerning the military situation in Georgia.","recordLocation":{"name":"Department of Literary and Historical Manuscripts","location":{"addressLocality":"New York","addressRegion":"NY"},"parentRecordLocation":{"name":"The Morgan Library","location":{"addressLocality":"New York","addressRegion":"NY"}}}},{"name":"In Washington Irving's \"Life of George Washington Miscellany, Volume XI, 1755-1835, 84 items.","recordType":["Papers"],"description":"Correspondents include Lachlan McIntosh.","recordLocation":{"name":"Carl A. Kroch Library","location":{"addressLocality":"Ithaca","addressRegion":"NY"},"parentRecordLocation":{"name":"Cornell University","location":{"addressLocality":"Ithaca","addressRegion":"NY"}}}},{"name":"1776, 0.1 cubic foot.","recordType":["Papers"],"description":"A letter dated Savannah, Ga., from Lachlan McIntosh to his son in Jamaica, urging him to join him; and another letter describing Lachlan McIntosh's promotion.","recordLocation":{"name":"Archives Division","location":{"addressLocality":"Madison","addressRegion":"WI"},"parentRecordLocation":{"name":"Wisconsin Historical Society","location":{"addressLocality":"Madison","addressRegion":"WI"}}}},{"name":"In the Draper Manuscripts: Pittsburgh and Northwest Virginia Papers, 1768-1854, 2 cubic feet.","recordType":["Papers"],"description":"Subjects include Lachlan McIntosh.","recordLocation":{"name":"Archives Division","location":{"addressLocality":"Madison","addressRegion":"WI"},"parentRecordLocation":{"name":"Wisconsin Historical Society","location":{"addressLocality":"Madison","addressRegion":"WI"}}}},{"name":"In the Henry Laurens Letters, 1777, 0.1 cubic foot.","recordType":["Papers"],"description":"A letter from Henry Laurens, Charlestown, Massachusetts, to General Lachlan McIntosh giving news of his activities including the selling of two fugitives to a broker; his plans to equip a private vessel of war, for the good of the country or his own fortunes; and updates on British movements during the Revolutionary War.","recordLocation":{"name":"Archives Division","location":{"addressLocality":"Madison","addressRegion":"WI"},"parentRecordLocation":{"name":"Wisconsin Historical Society","location":{"addressLocality":"Madison","addressRegion":"WI"}}}},{"name":"In the Miscellaneous Manuscripts Collection, 1777-1778, 3 items.","recordType":["Papers"],"description":"Letters of Lachlan McIntosh, 1777-1778.","recordLocation":{"name":"Manuscript Division","location":{"addressLocality":"Washington","addressRegion":"DC"},"parentRecordLocation":{"name":"Library of Congress","location":{"addressLocality":"Washington","addressRegion":"DC"}}}}]}}
