{"data":{"usCongressBioId":"M000869","familyName":"Montgomery","givenName":"Joseph","unaccentedFamilyName":"Montgomery","unaccentedGivenName":"Joseph","birthDate":"1733","birthCirca":false,"deathDate":"1794","deathCirca":false,"profileText":"A Delegate from Pennsylvania; born in Paxtang, Dauphin County, Pa., September 23, 1733; pursued classical studies and was graduated from Princeton College in 1755; studied for the ministry; licensed to preach by the presbytery of Philadelphia in 1759 and ordained as a minister in 1761; held several pastorates 1761-1777; commissioned a chaplain in Col. Smallwood's Maryland Regiment of the Continental Army and served from 1777 until 1780; delegate to the general assembly of Pennsylvania 1780-1782; Member of the Continental Congress 1780-1782; recorder of deeds and register of wills for Dauphin County 1785-1794; justice of the court of common pleas 1786-1794; died in Harrisburg, Pa., on October 14, 1794; interment in the Lutheran Church Cemetery.","relationship":[],"asset":[],"jobPositions":[{"job":{"name":"Delegate","jobType":"CongressMemberJob"},"congressAffiliation":{"congress":{"name":"The 2nd Continental Congress","congressNumber":2,"congressType":"ContinentalCongress","startDate":"1775-05-10","endDate":"1781-03-01"},"represents":{"regionType":"StateRegion","regionCode":"PA"}}},{"job":{"name":"Delegate","jobType":"CongressMemberJob"},"congressAffiliation":{"congress":{"name":"The Confederation Congress","congressNumber":1,"congressType":"ConfederationCongress","startDate":"1781-03-01","endDate":"1789-03-02"},"represents":{"regionType":"StateRegion","regionCode":"PA"}}}],"creativeWork":[{"freeFormCitationText":"Forster, John Montgomery.<i> A Sketch of the Life of the Rev. Joseph Montgomery</i>. Harrisburg, Pa.: Printed for private distribution, 1879."},{"freeFormCitationText":"Montgomery, Joseph.<i> A Sermon, Preached at Christiana Bridge and Newcastle, the 20th of July, 1775</i>. Philadelphia: Printed by James Humphreys, junr., 1775."}],"researchRecord":[]}}
