{"data":{"usCongressBioId":"M000415","familyName":"McDougall","givenName":"Alexander","unaccentedFamilyName":"McDougall","unaccentedGivenName":"Alexander","birthDate":"1731","birthCirca":false,"deathDate":"1786","deathCirca":false,"profileText":"A Delegate from New York; born in the Parish of Kildalton, on the island of Islay, Scotland, in 1731; immigrated to the United States in 1740, with his parents, who settled in New York; commanded two privateers during the war with France in 1756; at the conclusion of peace engaged in mercantile pursuits; was imprisoned as the author of Revolutionary pamphlets; member of the provincial convention in April 1775; served in the Revolutionary War; commissioned colonel of the First New York Infantry June 30, 1775; promoted to brigadier general, Continental Army, August 9, 1776; and major general October 20, 1777, and served until the close of the war; Member of the Continental Congress in 1781; member of the state senate from 1783 until his death; first president of the New York Society of the Cincinnati; first president of the Bank of New York; died in New York City June 9, 1786; interment in the family vault in the First Presbyterian Church, New York City.","relationship":[],"asset":[],"jobPositions":[{"job":{"name":"Delegate","jobType":"CongressMemberJob"},"congressAffiliation":{"congress":{"name":"The Confederation Congress","congressNumber":1,"congressType":"ConfederationCongress","startDate":"1781-03-01","endDate":"1789-03-02"},"represents":{"regionType":"StateRegion","regionCode":"NY"}}}],"creativeWork":[{"freeFormCitationText":"Champagne, Roger J.<i> Alexander McDougall and the American Revolution in New York</i>. Schenectady, N.Y.: New York State American Revolution Bicentennial Commission in conjunction with Union College Press, 1975."},{"freeFormCitationText":"MacDougall, William L.<i> American Revolutionary: A Biography of General Alexander McDougall</i>. Foreword by Richard B. Morris. Westport, Conn.: Greenwood Press, 1977."},{"freeFormCitationText":"Shannon, Sister Anna M. ``General Alexander McDougall: Citizen and Soldier, 1732-1786.'' Ph.D. diss., Fordham University, 1957."}],"researchRecord":[{"name":"1777-1781, 33 items.","recordType":["Papers"],"description":"The papers received by Alexander McDougall contain correspondence on military matters including twenty-seven letters from George Washington giving orders and news of George Washington's own progress in New Jersey, anticipated movements of the British, and the privations of the American troops. Also included are two letters from Richard Platt, Alexander McDougall's aide de camp; one from Aaron Burr; one from Samuel Holden Parsons; a copy of a letter from Philemon Dickinson to John Hancock; and an extract from the same letter in the hand of Charles Thomson, secretary of the Continental Congress.","recordLocation":{"name":"The Rosenbach Museum & Library","location":{"addressLocality":"Philadelphia","addressRegion":"PA"}}},{"name":"In the Alexander McDougall Papers, ca. 1756-1795, 3.2 linear feet.","recordType":["Papers"],"description":"The papers of Alexander McDougall are mainly from the Revolutionary War, and includes muster rolls, pay rolls, and morning reports, as well as correspondence, accounts, and miscellaneous papers. The material pertains to such matters as the activities of the Sons of Liberty and Committees of Correspondence in New York; attitudes of the American colonists towards Great Britain; expeditions against Canada in 1775-1776; the First New York Regiment; the defense of Westchester County; the lack of military supplies and equipment; Alexander McDougall's command of the defenses of the Hudson River; enemy movements and plans; prisoners of war; the character of various persons, military and civilian; hardships of the army during the winter of 1781-1782; a dispute between General John Sullivan and Edmund Burke; Alexander McDougall's court martial on charges preferred by General William Heath; recruiting; the court of inquiry into the loss of Fort Clinton and Fort Montgomery; Tadeusz Kosciuszko's plans for a hospital at West Point; the building of fortifications at West Point; and the settlement of Alexander McDougall's estate. A finding aid is available in the repository.","recordLocation":{"name":"The New-York Historical Society","location":{"addressLocality":"New York","addressRegion":"NY"}}},{"name":"1767, 1 volume.","recordType":["Papers"],"description":"A waste book, 1767 Jun. 1-1771 Jan. 8, kept by New York City merchant Alexander McDougall and recording a variety of mercantile and personal financial transactions. The volume includes an inventory of Alexander McDougall's money, bills, effects, and debts, and records of accounts receivable in London, St. Croix, and elsewhere; as well as entries recording personal, household, and family expenses, such as house repairs, board for his daughter Betsey, maintenance for his widowed mother, Elizabeth, clothes and provisions for his nephew, John McDougall, etc.; along with purchases and sales of horses, sugar, slaves, oats, flour, timber, etc.; wages earned by his slave, Colerain; and various notes, bonds, commissions, bills of exchange, etc.","recordLocation":{"name":"The New-York Historical Society","location":{"addressLocality":"New York","addressRegion":"NY"}}},{"name":"In the William Alexander Selected Papers, ca. 1767-1782, 1 linear foot.","recordType":["Microfilm"],"description":"Subjects include Alexander McDougall.","recordLocation":{"name":"The New-York Historical Society","location":{"addressLocality":"New York","addressRegion":"NY"}}},{"name":"In the Aaron Burr Papers, 1777-1836, approximately 2,000 items.","recordType":["Papers"],"description":"Correspondents include Alexander McDougall. A finding aid is available in the repository.","recordLocation":{"name":"The New-York Historical Society","location":{"addressLocality":"New York","addressRegion":"NY"}}},{"name":"In the Donald F. Clark Collection, n.d., 795 items.","recordType":["Papers"],"description":"Correspondents include Alexander McDougall.","recordLocation":{"name":"The New-York Historical Society","location":{"addressLocality":"New York","addressRegion":"NY"}}},{"name":"In the John Lamb Papers, ca. 1762-1887, 2.4 linear feet.","recordType":["Papers"],"description":"Correspondents include Alexander McDougall.","recordLocation":{"name":"The New-York Historical Society","location":{"addressLocality":"New York","addressRegion":"NY"}}},{"name":"1784, 3 pages.","recordType":["Papers"],"description":"A letter from Alexander McDougall to the legislature of New York State complaining that while provision was made for the artillery regiment and two infantry regiments by a law passed on 13 April 1782, general officers who served in the war had not been properly recognized by payment for their duty. He argues that other states had given proper recognition to their officers first. Alexander McDougall also mentions General Clinton and other aides as desiring similar attention.","recordLocation":{"name":"Manuscripts and Special Collections","location":{"addressLocality":"Albany","addressRegion":"NY"},"parentRecordLocation":{"name":"New York State Library","location":{"addressLocality":"Albany","addressRegion":"NY"}}}},{"name":"In the Miscellaneous Manuscripts Collection, 1777-1783, 5 items.","recordType":["Papers"],"description":"The items include five letters from Alexander McDougall.","recordLocation":{"name":"Manuscript Division","location":{"addressLocality":"Washington","addressRegion":"DC"},"parentRecordLocation":{"name":"Library of Congress","location":{"addressLocality":"Washington","addressRegion":"DC"}}}},{"name":"In the Daniel Roberdeau Papers, 1767-1791, 1 volume.","recordType":["Papers"],"description":"Correspondents include Alexander McDougall. A finding aid is available in the library.","recordLocation":{"name":"Manuscript Division","location":{"addressLocality":"Washington","addressRegion":"DC"},"parentRecordLocation":{"name":"Library of Congress","location":{"addressLocality":"Washington","addressRegion":"DC"}}}},{"name":"In the Samuel Blachley Webb Papers, 1756-1819, 7 linear feet.","recordType":["Papers"],"description":"Subjects include Alexander McDougall. An unpublished finding aid is available in the repository.","recordLocation":{"name":"Manuscripts and Archives","location":{"addressLocality":"New Haven","addressRegion":"CT"},"parentRecordLocation":{"name":"Yale University Library","location":{"addressLocality":"New Haven","addressRegion":"CT"}}}},{"name":"1780, 1 volume.","recordType":["Papers"],"description":"A manuscript orderly book, 28 May-18 August 1780, attributed to Alexander McDougall, containing garrison and brigade orders and descriptions of general court martials, with headquarters at Highlands and Orangetown.","recordLocation":{"name":"Historical Society of Pennsylvania","location":{"addressLocality":"Philadelphia","addressRegion":"PA"}}},{"name":"1777, 24 pages.","recordType":["Papers"],"description":"An orderly book of Alexander McDougall's Division, October 26 - November 11, 1777, in Whitpain and Whitemarsh, Pennsylvania. The title page reads: \"Orderly Book No. 7 from October 26 1777 to November 27 1777.\"","recordLocation":{"name":"Manuscripts Department","location":{"addressLocality":"San Marino","addressRegion":"CA"},"parentRecordLocation":{"name":"Huntington Library","location":{"addressLocality":"San Marino","addressRegion":"CA"}}}},{"name":"1778, 31 pages.","recordType":["Papers"],"description":"An orderly book of kept by Alexander McDougall's headquarters from April 14 - May 20, 1778, during his command at the Hudson Highlands. The title page specifies the book as \"Orderly Book No. 9.\"","recordLocation":{"name":"Manuscripts Department","location":{"addressLocality":"San Marino","addressRegion":"CA"},"parentRecordLocation":{"name":"Huntington Library","location":{"addressLocality":"San Marino","addressRegion":"CA"}}}},{"name":"1777, 1 item.","recordType":["Papers"],"description":"A letter from Alexander McDougall to the Commissary of the New York troops written on July 31, 1777. In the letter, Alexander McDougall asks for rum, sugar and other necessities.","recordLocation":{"name":"Department of Literary and Historical Manuscripts","location":{"addressLocality":"New York","addressRegion":"NY"},"parentRecordLocation":{"name":"The Morgan Library","location":{"addressLocality":"New York","addressRegion":"NY"}}}},{"name":"1780, 1 item.","recordType":["Papers"],"description":"A letter from Alexander McDougall to General Nathanael Greene written on February 18, 1780. In the letter, Alexander McDougall congratulates General Greene on an increase in his family and discusses military and naval operations.","recordLocation":{"name":"Department of Literary and Historical Manuscripts","location":{"addressLocality":"New York","addressRegion":"NY"},"parentRecordLocation":{"name":"The Morgan Library","location":{"addressLocality":"New York","addressRegion":"NY"}}}},{"name":"1781, 1 item.","recordType":["Papers"],"description":"A circular letter from Alexander McDougall to John Fisher written on November 17, 1781. In the letter, Alexander McDougall appeals for hogs \"brussels\" [bristles].","recordLocation":{"name":"Department of Literary and Historical Manuscripts","location":{"addressLocality":"New York","addressRegion":"NY"},"parentRecordLocation":{"name":"The Morgan Library","location":{"addressLocality":"New York","addressRegion":"NY"}}}},{"name":"1782, 1 item.","recordType":["Papers"],"description":"A letter from Alexander McDougall to Theodorus Van Wyck and Jonathan Lawrence, Commissioners of Sequestration for Dutchess County, written on April 5, 1782. In the letter, Alexander McDougall writes concerning the application of William Denning to become a tenant on his farm.","recordLocation":{"name":"Department of Literary and Historical Manuscripts","location":{"addressLocality":"New York","addressRegion":"NY"},"parentRecordLocation":{"name":"The Morgan Library","location":{"addressLocality":"New York","addressRegion":"NY"}}}}]}}
