{"data":{"usCongressBioId":"M000662","familyName":"Merritt","givenName":"Samuel","middleName":"Augustus","unaccentedFamilyName":"Merritt","unaccentedGivenName":"Samuel","unaccentedMiddleName":"Augustus","birthDate":"1827","birthCirca":false,"deathDate":"1910","deathCirca":false,"profileText":"A Delegate from the Territory of Idaho; born in Staunton, Augusta County, Va., August 15, 1827; attended the Staunton Military Academy and was graduated from Washington College (now Washington and Lee University), Lexington, Va., in 1848; moved to Mariposa County, Calif., in 1849; county clerk and public administrator of Mariposa County in 1850; member of the State house of representatives in 1851 and 1852; studied law; was admitted to the bar in 1852 and commenced practice; served in the State senate 1857-1862; moved to the Territory of Idaho in 1862; elected as a Democrat to the Forty-second Congress (March 4, 1871-March 3, 1873); was an unsuccessful candidate for renomination in 1872; moved to Salt Lake City, Utah, in 1873 and engaged in mining operations and the practice of law; city attorney 1888-1890; member of the Democratic National Committee in 1892; chief justice of the supreme court of the Territory of Utah 1894-1896; died in Salt Lake City on September 8, 1910; interment in Salt Lake City Cemetery.","relationship":[],"asset":[],"jobPositions":[{"job":{"name":"Delegate","jobType":"CongressMemberJob"},"congressAffiliation":{"congress":{"name":"The 42nd United States Congress","congressNumber":42,"congressType":"USCongress","startDate":"1871-03-04","endDate":"1873-03-03"},"partyAffiliation":[{"party":{"name":"Democrat"}}],"caucusAffiliation":[{"party":{"name":"Democrat"}}],"represents":{"regionType":"StateRegion","regionCode":"ID"}}}],"creativeWork":[],"researchRecord":[{"name":"In the Joshua Elliot Clayton Papers, 1855-1861, 50 pages.","recordType":["Papers"],"description":"Subjects include Samuel Augustus Merritt.","recordLocation":{"name":"Beinecke Rare Book and Manuscript Library","location":{"addressLocality":"New Haven","addressRegion":"CT"},"parentRecordLocation":{"name":"Yale University","location":{"addressLocality":"New Haven","addressRegion":"CT"}}}}]}}
