{"data":{"usCongressBioId":"M001017","familyName":"Morton","givenName":"John","unaccentedFamilyName":"Morton","unaccentedGivenName":"John","birthDate":"1724","birthCirca":false,"deathDate":"1777","deathCirca":false,"profileText":"A Delegate from Pennsylvania; born near the old Morris Ferry (now the Darby Creek Bridge), Ridley Township, Delaware County, Pa., in 1724; attended the common school for about three months and received some tutoring in surveying; a land surveyor for many years; became justice of the peace in 1757; member of the colonial general assembly 1756-1766 and 1769-1775 and served as speaker 1771-1775; member of the Stamp Act Congress in 1765; high sheriff 1766-1770; appointed as a judge in 1770, serving as president judge of the court of general sessions and common pleas of the county, and in April 1774 was appointed an associate justice of the supreme court of appeals of Pennsylvania; member of the Continental Congress 1774-1776; was a signer of the Declaration of Independence; died in Ridley Park, Delaware County, Pa., in April 1777; interment in St. Paul's Burial Ground, Chester, Pa.","relationship":[],"asset":[],"jobPositions":[{"job":{"name":"Delegate","jobType":"CongressMemberJob"},"congressAffiliation":{"congress":{"name":"The 1st Continental Congress","congressNumber":1,"congressType":"ContinentalCongress","startDate":"1774-09-05","endDate":"1774-10-26"},"represents":{"regionType":"StateRegion","regionCode":"PA"}}},{"job":{"name":"Delegate","jobType":"CongressMemberJob"},"congressAffiliation":{"congress":{"name":"The 2nd Continental Congress","congressNumber":2,"congressType":"ContinentalCongress","startDate":"1775-05-10","endDate":"1781-03-01"},"represents":{"regionType":"StateRegion","regionCode":"PA"}}}],"creativeWork":[{"freeFormCitationText":"Morton, John S. <i>A History of the Origin of the Apellation Keystone State as Applied to the Commonwealth of Pennsylvania: Together with Extracts from Many Authorities Relative to the Adoption of the Declaration of Independence by the Continental Congress, July 4th, 1776; To Which is Appended the New Constitution of Pennsylvania with an Alphabetical Contents</i>. Philadelphia: Claxton, Remsen &amp; Haffelfinger, 1874."}],"researchRecord":[{"name":"In the Henry A. Willard II Collection, ca. 1743-1888, 0.8 linear foot.","recordType":["Papers"],"description":"Persons represented include John Morton. A finding aid is available in the library and online.","recordLocation":{"name":"Manuscript Division","location":{"addressLocality":"Washington","addressRegion":"DC"},"parentRecordLocation":{"name":"Library of Congress","location":{"addressLocality":"Washington","addressRegion":"DC"}}}},{"name":"1770, 2 leaves.","recordType":["Papers"],"description":"A manuscript document written in 1770 certifying the holding of Israel Pemberton in Chester County prison, by John Morton, William Parker, and James Moore.","recordLocation":{"name":"Manuscripts, Archives, and Special Collections","location":{"addressLocality":"Pullman","addressRegion":"WA"},"parentRecordLocation":{"name":"Washington State University Libraries","location":{"addressLocality":"Pullman","addressRegion":"WA"}}}}]}}
