{"data":{"usCongressBioId":"P000027","familyName":"Paine","givenName":"Ephraim","unaccentedFamilyName":"Paine","unaccentedGivenName":"Ephraim","birthDate":"1730","birthCirca":false,"deathDate":"1785","deathCirca":false,"profileText":"A Delegate from New York; was born in Canterbury, Conn., August 19, 1730; moved with his parents to Nine Partners, N.Y.; pursued preparatory studies; studied medicine and practiced in Amenia, Dutchess County, N.Y.; delegate to the Provincial Congress in 1775; county judge 1778-1781; member of the council of appointment in 1780; supervisor of Amenia in 1782 and 1783; served in the state senate 1780-1784; Member of the Continental Congress in 1784; died in Amenia, N.Y., August 10, 1785; interment in Red Meeting House Cemetery, near Amenia.","relationship":[],"asset":[],"jobPositions":[{"job":{"name":"Delegate","jobType":"CongressMemberJob"},"congressAffiliation":{"congress":{"name":"The Confederation Congress","congressNumber":1,"congressType":"ConfederationCongress","startDate":"1781-03-01","endDate":"1789-03-02"},"represents":{"regionType":"StateRegion","regionCode":"NY"}}}],"creativeWork":[],"researchRecord":[]}}
