{"data":{"usCongressBioId":"P000456","familyName":"Post","givenName":"Morton","middleName":"Everel","unaccentedFamilyName":"Post","unaccentedGivenName":"Morton","unaccentedMiddleName":"Everel","birthDate":"1840","birthCirca":false,"deathDate":"1933","deathCirca":false,"profileText":"A Delegate from the Territory of Wyoming; born in West Henrietta (near Rochester), Monroe County, N.Y., December 25, 1840; pursued an academic course in the Albion and Medina Academies, New York; moved to Denver, Colo., in 1860 and engaged in the freighting business between the Missouri River and Denver; engaged in mining in Alder Gulch, Mont., in 1864; delegate to the Democratic National Convention in 1864; moved in 1867 to that portion of Dakota which is now Wyoming; county commissioner of Laramie County 1870-1876; member of the Territorial legislative council 1878-1880; engaged in banking and stock raising near Cheyenne, Wyo.; elected as a Democrat to the Forty-seventh and Forty-eighth Congresses (March 4, 1881-March 3, 1885); declined to be a candidate for renomination in 1884; resumed banking and stock raising; moved to California in 1895 and engaged in farming and fruit growing near Cucamonga and Alhambra; retired in 1916 and resided in Los Angeles, Calif., until 1928 when he moved to Alhambra, Calif.; died in Alhambra, Calif., March 19, 1933; interment in Inglewood Park Cemetery, Inglewood, Calif.","relationship":[],"asset":[],"jobPositions":[{"job":{"name":"Delegate","jobType":"CongressMemberJob"},"congressAffiliation":{"congress":{"name":"The 47th United States Congress","congressNumber":47,"congressType":"USCongress","startDate":"1881-03-04","endDate":"1883-03-03"},"partyAffiliation":[{"party":{"name":"Democrat"}}],"caucusAffiliation":[{"party":{"name":"Democrat"}}],"represents":{"regionType":"StateRegion","regionCode":"WY"}}},{"job":{"name":"Delegate","jobType":"CongressMemberJob"},"congressAffiliation":{"congress":{"name":"The 48th United States Congress","congressNumber":48,"congressType":"USCongress","startDate":"1883-12-03","endDate":"1885-03-04"},"partyAffiliation":[{"party":{"name":"Democrat"}}],"caucusAffiliation":[{"party":{"name":"Democrat"}}],"represents":{"regionType":"StateRegion","regionCode":"WY"}}}],"creativeWork":[],"researchRecord":[{"name":"In the Post Family Papers, ca. 1826-1915, 0.45 cubic foot.","recordType":["Papers"],"description":"The papers contain mainly correspondence (1851-1910) between the Morton E. Post and members of the his family. Included also are letters to President Grover Cleveland in 1885 and 1886, recommending that Morton Post be appointed as governor of Wyoming Territory. A finding aid for the papers is available in the repository.","recordLocation":{"name":"American Heritage Center","location":{"addressLocality":"Laramie","addressRegion":"WY"},"parentRecordLocation":{"name":"University of Wyoming","url":"http://www.uwyo.edu/ahc","location":{"addressLocality":"Laramie","addressRegion":"WY"}}}},{"name":"ca. 1885, 19 leaves.","recordType":["Papers"],"description":"A dictation from Morton E. Post. Topics discussed include his relocation to Denver, Colorado from St. Joseph in 1860; first cattle-driver from Missouri to Colorado, 1863; beef contracting and freighting in Colorado, Montana, and Nebraska; at Cheyenne from 1867, as stationer, stock-raiser, miner, miller, and banker; Territorial delegate to Congress. An attached memorandum describes ranching operations on Pole Creek.","recordLocation":{"name":"The Bancroft Library","location":{"addressLocality":"Berkeley","addressRegion":"CA"},"parentRecordLocation":{"name":"University of California, Berkeley","location":{"addressLocality":"Berkeley","addressRegion":"CA"}}}}]}}
