{"data":{"usCongressBioId":"P000187","familyName":"Peery","givenName":"William","unaccentedFamilyName":"Peery","unaccentedGivenName":"William","birthDate":"1743","birthCirca":false,"deathDate":"1800","deathCirca":false,"profileText":"A Delegate from Delaware; born 1743; settled with his father's family near Lewes, Del.; farmer; Lewes, Del., militia, Revolutionary War, 1777; member of the Delaware state house of representatives, 1782, 1784, 1787, and 1793-1794; lawyer, private practice; admitted to the bar, 1785; treasurer of Sussex County, Del., 1785-1796; Member of the Continental Congress, 1786; died on December 17, 1800, in Cool Spring, Sussex County, Del.; interment in the churchyard of the Cool Spring Presbyterian Church, Sussex County, Del.","relationship":[],"asset":[],"jobPositions":[{"job":{"name":"Delegate","jobType":"CongressMemberJob"},"congressAffiliation":{"congress":{"name":"The Confederation Congress","congressNumber":1,"congressType":"ConfederationCongress","startDate":"1781-03-01","endDate":"1789-03-02"},"represents":{"regionType":"StateRegion","regionCode":"DE"}}}],"creativeWork":[{"freeFormCitationText":"Perry, Lynn.<i> Some Letters of and Concerning Major William Peery</i>. Strasburg, Va.: Shenandoah Publishing House, Inc., 1935."}],"researchRecord":[]}}
