{"data":{"usCongressBioId":"P000432","familyName":"Pope","givenName":"Nathaniel","honorificPrefix":"Mr.","unaccentedFamilyName":"Pope","unaccentedGivenName":"Nathaniel","birthDate":"1784-01-05","birthCirca":false,"deathDate":"1850-01-22","deathCirca":false,"profileText":"A Delegate from Illinois Territory; born in Louisville, Ky., January 5, 1784; attended Transylvania University, Lexington, Ky.; studied law; was admitted to the bar; settled in Ste. Genevieve, Mo., in 1804, where he commenced the practice of his profession; moved to Springfield, Ill.; appointed secretary of Illinois Territory by President Madison in 1809; reappointed in 1813 and served from March 7, 1809, until his resignation in 1816 to become Delegate; elected on September 5, 1816, a Delegate to Congress for a term of two years (Fourteenth and Fifteenth Congresses); appointed register of the land office at Edwardsville, Ill., on November 30, 1818, and served until March 3, 1819; appointed United States judge for the district of Illinois on March 3, 1819, and served in that capacity until his death; unsuccessful candidate for election to the United States Senate in 1824; died in St. Louis, Mo., January 22, 1850; interment in the Colonel O'Fallon Burying Ground, on the Bellefontaine Road.","relationship":[],"asset":[],"jobPositions":[{"job":{"name":"Delegate","jobType":"CongressMemberJob"},"startDate":"1815-12-04","startCirca":false,"congressAffiliation":{"congress":{"name":"The 14th United States Congress","congressNumber":14,"congressType":"USCongress","startDate":"1815-12-04","endDate":"1817-03-03"},"represents":{"regionType":"StateRegion","regionCode":"IL"}}},{"job":{"name":"Delegate","jobType":"CongressMemberJob"},"startDate":"1817-12-01","startCirca":false,"congressAffiliation":{"congress":{"name":"The 15th United States Congress","congressNumber":15,"congressType":"USCongress","startDate":"1817-03-04","endDate":"1819-03-03"},"represents":{"regionType":"StateRegion","regionCode":"IL"}}}],"creativeWork":[{"freeFormCitationText":"Angle, Paul M. McClelland. <i>Nathaniel Pope, 1784-1850, A Memoir</i>. [Springfield, Ill.]: Privately printed, 1937."},{"freeFormCitationText":"Bloom, Jo Tice. \"Peaceful Politics: The Delegates from Illinois Territory, 1809-1818.\" <i>The Old Northwest</i> 6 (Fall 1980): 203-15."},{"freeFormCitationText":"Illinois (Ter.) Laws, Statutes, etc. <i>Laws of the Territory of Illinois, revised and digested, under the authority of the legislature</i>. By Nathaniel Pope. Kaskaskia: Printed by Matthew Duncan Printer to the Territory, 1815."}],"researchRecord":[{"name":"April 10, 1818. 1 letter.","recordType":["Papers"],"description":"Finding aid in repository.","recordLocation":{"name":"New-York Historical Society","location":{"addressLocality":"New York","addressRegion":"NY"}}}]}}
