{"data":{"usCongressBioId":"R000303","familyName":"Roberdeau","givenName":"Daniel","unaccentedFamilyName":"Roberdeau","unaccentedGivenName":"Daniel","birthDate":"1727","birthCirca":false,"deathDate":"1795","deathCirca":false,"profileText":"A Delegate from Pennsylvania; born on the island of St. Christopher, West Indies, in 1727; immigrated to the United States and settled in Philadelphia, Pa., in boyhood; completed preparatory studies; engaged in the lumber business; member of the state assembly 1756-1760; manager of the Pennsylvania Hospital 1756-1758 and 1766-1776; member of the council of safety; first brigadier general of Pennsylvania troops in 1776; Member of the Continental Congress from 1777 to 1779; moved to Alexandria, Va., in 1785; died in Winchester, Frederick County, Va., on January 5, 1795; interment in Mount Hebron Cemetery.","relationship":[],"asset":[],"jobPositions":[{"job":{"name":"Delegate","jobType":"CongressMemberJob"},"congressAffiliation":{"congress":{"name":"The 2nd Continental Congress","congressNumber":2,"congressType":"ContinentalCongress","startDate":"1775-05-10","endDate":"1781-03-01"},"represents":{"regionType":"StateRegion","regionCode":"PA"}}}],"creativeWork":[],"researchRecord":[{"name":"1767-1791, 1 item.","recordType":["Papers"],"description":"A letterbook of Daniel Roberdeau containing outgoing correspondence pertaining chiefly to Daniel Roberdeau's commercial activities including his distillery in Alexandria, Va., and to the West Indies trade. Letters include comments on contemporary political and military events. The book is also available on microfilm.","recordLocation":{"name":"Manuscript Division","location":{"addressLocality":"Washington","addressRegion":"DC"},"parentRecordLocation":{"name":"Library of Congress","location":{"addressLocality":"Washington","addressRegion":"DC"}}}},{"name":"1777, 1 item.","recordType":["Papers"],"description":"A letter from Daniel Roberdeau to Timothy Matlack written on November 1, 1777. In the letter, Daniel Roberdeau writes concerning the Convention at Saratoga and mentions that Henry Laurens has been chosen President of Congress.","recordLocation":{"name":"Department of Literary and Historical Manuscripts","location":{"addressLocality":"New York","addressRegion":"NY"},"parentRecordLocation":{"name":"The Morgan Library","location":{"addressLocality":"New York","addressRegion":"NY"}}}},{"name":"1785, 1 item.","recordType":["Papers"],"description":"A letter from Daniel Roberdeau to an unidentified recipient written on January 25, 1785.","recordLocation":{"name":"Department of Literary and Historical Manuscripts","location":{"addressLocality":"New York","addressRegion":"NY"},"parentRecordLocation":{"name":"The Morgan Library","location":{"addressLocality":"New York","addressRegion":"NY"}}}}]}}
