{"data":{"usCongressBioId":"R000147","familyName":"Reid","givenName":"James","middleName":"Randolph","unaccentedFamilyName":"Reid","unaccentedGivenName":"James","unaccentedMiddleName":"Randolph","birthDate":"1750","birthCirca":false,"deathDate":"1789","deathCirca":false,"profileText":"A Delegate from Pennsylvania; born in Hamiltonban Township, York (now Adams) County, Pa., August 11, 1750; graduated from Princeton University with a bachelor of arts degree; served in the Revolutionary Army as a lieutenant and later was promoted to major in ``Congress' Own'' Regiment; received a land grant for services during the Revolution; Member of the Continental Congress 1787-1789; died in Middlesex, Cumberland County, Pa., January 25, 1789.","relationship":[],"asset":[],"jobPositions":[{"job":{"name":"Delegate","jobType":"CongressMemberJob"},"congressAffiliation":{"congress":{"name":"The Confederation Congress","congressNumber":1,"congressType":"ConfederationCongress","startDate":"1781-03-01","endDate":"1789-03-02"},"represents":{"regionType":"StateRegion","regionCode":"PA"}}}],"creativeWork":[],"researchRecord":[]}}
