{"data":{"usCongressBioId":"R000505","familyName":"Rumsey","givenName":"Benjamin","unaccentedFamilyName":"Rumsey","unaccentedGivenName":"Benjamin","birthDate":"1734","birthCirca":false,"deathDate":"1808","deathCirca":false,"profileText":"A Delegate from Maryland; born in Bohemia Manor, Cecil County, Md., October 6, 1734; attended Princeton College; member of the Maryland convention of December 29, 1775; was appointed by the provincial convention colonel of the Lower Battalion of Harford County in 1776; member of the council of safety in 1776; Member of the Continental Congress 1776-1777; chief justice of the Maryland Court of Appeals from 1778 to 1805, when he resigned; died in Joppa, Harford County, Md., March 7, 1808; interment in the Old St. John's Cemetery.","relationship":[],"asset":[],"jobPositions":[{"job":{"name":"Delegate","jobType":"CongressMemberJob"},"congressAffiliation":{"congress":{"name":"The 2nd Continental Congress","congressNumber":2,"congressType":"ContinentalCongress","startDate":"1775-05-10","endDate":"1781-03-01"},"represents":{"regionType":"StateRegion","regionCode":"MD"}}}],"creativeWork":[],"researchRecord":[]}}
