{"data":{"usCongressBioId":"S000856","familyName":"Stephens","givenName":"Dan","middleName":"Voorhees","honorificPrefix":"Mr.","unaccentedFamilyName":"Stephens","unaccentedGivenName":"Dan","unaccentedMiddleName":"Voorhees","birthDate":"1868-11-04","birthCirca":false,"deathDate":"1939-01-13","deathCirca":false,"profileText":"A Representative from Nebraska; born in Bloomington, Monroe County, Ind., on November 4, 1868; attended the common schools and Valparaiso College, Indiana; settled in Fremont, Dodge County, Nebr., in 1887; studied law; taught school; county superintendent of schools in Dodge County 1890-1894; author of books on education; engaged in agricultural pursuits, manufacturing, publishing, and banking; delegate to the Democratic National Conventions in 1904, 1908, 1920, 1924, and 1932; elected as a Democrat to the Sixty-second Congress to fill the vacancy caused by the death of James P. Latta; elected to the Sixty-third, Sixty-fourth, and Sixty-fifth Congresses and served from November 7, 1911, to March 3, 1919; unsuccessful candidate for reelection in 1918 to the Sixty-sixth Congress; resumed his former business pursuits; member of the State board of education of Nebraska 1923-1926; died in Fremont, Nebr., January 13, 1939, and the remains were cremated.","relationship":[],"asset":[],"jobPositions":[{"job":{"name":"Representative","jobType":"CongressMemberJob"},"startDate":"1911-03-04","startCirca":false,"congressAffiliation":{"congress":{"name":"The 62nd United States Congress","congressNumber":62,"congressType":"USCongress","startDate":"1911-04-04","endDate":"1913-03-04"},"partyAffiliation":[{"party":{"name":"Democrat"}}],"caucusAffiliation":[{"party":{"name":"Democrat"}}],"represents":{"regionType":"DistrictRegion","regionCode":"NE"},"note":[{"type":"Note","noteType":"FootNote","content":"Elected November 7, 1911, to fill vacancy caused by death of James P.Latta, and became a member of the House on December 4, 1911."}]}},{"job":{"name":"Representative","jobType":"CongressMemberJob"},"startDate":"1913-03-04","startCirca":false,"congressAffiliation":{"congress":{"name":"The 63rd United States Congress","congressNumber":63,"congressType":"USCongress","startDate":"1913-03-04","endDate":"1915-03-04"},"partyAffiliation":[{"party":{"name":"Democrat"}}],"caucusAffiliation":[{"party":{"name":"Democrat"}}],"represents":{"regionType":"DistrictRegion","regionCode":"NE"}}},{"job":{"name":"Representative","jobType":"CongressMemberJob"},"startDate":"1915-03-04","startCirca":false,"congressAffiliation":{"congress":{"name":"The 64th United States Congress","congressNumber":64,"congressType":"USCongress","startDate":"1915-12-06","endDate":"1917-03-04"},"partyAffiliation":[{"party":{"name":"Democrat"}}],"caucusAffiliation":[{"party":{"name":"Democrat"}}],"represents":{"regionType":"DistrictRegion","regionCode":"NE"}}},{"job":{"name":"Representative","jobType":"CongressMemberJob"},"startDate":"1917-03-04","startCirca":false,"congressAffiliation":{"congress":{"name":"The 65th United States Congress","congressNumber":65,"congressType":"USCongress","startDate":"1917-03-05","endDate":"1919-03-04"},"partyAffiliation":[{"party":{"name":"Democrat"}}],"caucusAffiliation":[{"party":{"name":"Democrat"}}],"represents":{"regionType":"DistrictRegion","regionCode":"NE"}}}],"creativeWork":[{"freeFormCitationText":"Stephens, Dan V. <i> Cottonwood Yarns.</i> Illustrated by Clarence Ellsworth. Fremont, Nev.: Hammond and Stephens Company, 1935."},{"freeFormCitationText":"------. <i> Passing of the Buffalo at The Cottonwoods.</i> Fremont, Nev.[?]: N.p., 1938."},{"freeFormCitationText":"------, ed. <i> Peter Stephens and Some of His Descendants, 1690-1935.</i> Fremont, Nev.: Hammond and Stephens Company, 1936."},{"freeFormCitationText":"------, ed. <i> Stephens Family Genealogies; Peter---Joshua---William---Alexander, 1690-1938.</i> Rev. ed. Fremont, Nev.: Hammond and Stephens Company, 1940."}],"researchRecord":[{"name":"1910-1936. 26 feet. (ca. 15,000 feet).","recordType":["Papers"],"description":"Correspondence relating to congressional service, clippings, mailing lists, legislative materials, printed matter, scrapbooks, and miscellany. Finding aid in repository.","recordLocation":{"name":"Nebraska State Historical Society","location":{"addressLocality":"Lincoln","addressRegion":"NE"}}}]}}
