{"data":{"usCongressBioId":"S000616","familyName":"Smith","givenName":"Thomas","unaccentedFamilyName":"Smith","unaccentedGivenName":"Thomas","birthDate":"1745","birthCirca":false,"deathDate":"1809","deathCirca":false,"profileText":"A Delegate from Pennsylvania; born near Cruden, Aberdeenshire, Scotland, in 1745; pursued preparatory studies; attended the University of Edinburgh, Scotland; immigrated to the United States and settled in Bedford, Pa., February 9, 1769; deputy surveyor in 1769; studied law; was admitted to the bar and commenced the practice of his profession in 1772; deputy register of wills and prothonotary in 1773; justice of the peace in 1774; member of the committee of correspondence in 1775; served in the Revolutionary Army as a deputy colonel of militia; delegate to the state constitutional convention in 1776; member of the state house of representatives 1776-1780; Member of the Continental Congress 1781-1782; judge of the court of common pleas in 1791; judge of the Pennsylvania Supreme Court 1794-1809; died in Philadelphia, Pa., on March 31, 1809; interment in Christ Churchyard.","relationship":[],"asset":[],"jobPositions":[{"job":{"name":"Delegate","jobType":"CongressMemberJob"},"congressAffiliation":{"congress":{"name":"The 2nd Continental Congress","congressNumber":2,"congressType":"ContinentalCongress","startDate":"1775-05-10","endDate":"1781-03-01"},"represents":{"regionType":"StateRegion","regionCode":"PA"}}},{"job":{"name":"Delegate","jobType":"CongressMemberJob"},"congressAffiliation":{"congress":{"name":"The Confederation Congress","congressNumber":1,"congressType":"ConfederationCongress","startDate":"1781-03-01","endDate":"1789-03-02"},"represents":{"regionType":"StateRegion","regionCode":"PA"}}}],"creativeWork":[{"freeFormCitationText":"Konkle, Burton Alva. <i>The Life and Times of Thomas Smith, 1745-1809, A Pennsylvania Member of the Continental Congress</i>. With an introduction by the Hon. Hampton L. Carson. Philadelphia: Campion &amp; Company, 1904."},{"freeFormCitationText":"Shippen, Edward. <i>Report of the Trial and Acquittal of Edward Shippen, Chief Justice, and Jasper Yeates and Thomas Smith, Esquires, Assistant Justices, of the Supreme Court of Pennsylvania, on an Impeachment, Before the Senate of the Commonwealth, January, 1805</i>. By William Hamilton. Lancaster: Printed by the reporter, [1805]."}],"researchRecord":[{"name":"In the John Davis Papers, 1755-1783, 5 microfilm reels.","recordType":["Microfilm"],"description":"Correspondents include Thomas Smith. A finding aid is available in the library.","recordLocation":{"name":"Manuscript Division","location":{"addressLocality":"Washington","addressRegion":"DC"},"parentRecordLocation":{"name":"Library of Congress","location":{"addressLocality":"Washington","addressRegion":"DC"}}}},{"name":"In the Thomas Smith Family Papers, ca. 1767-1841, 68 items.","recordType":["Papers"],"description":"The collection mainly consists of correspondence between members of the Thomas Smith family from 1767-1841, with the bulk between 1793-1810. The earliest letters (1767 and 1784) are from Thomas Smith to his mother Elizabeth Lawrence in Aberdeenshire, England. A group of 21 letters between Thomas Smith and his cousin Dr. Peter Smith of Aberdeenshire discuss the American lifestyle, medical schools and practices, and the judicial system. A group of letters to Judge Jasper Yeates and Governor Thomas Mifflin refer to legal decisions and court procedures. Other correspondents include Dr. Philip Physick and Smith's brother Charles of London, England. The collection also contains two proclamations awarding judgeships to Thomas Smith, legal documents pertaining to the settlement of his estate (1816), and documents relating to land sales or mortgaged property (1826 and 1841). A finding aid is available in the repository.","recordLocation":{"name":"Hargrett Rare Book and Manuscript Library","location":{"addressLocality":"Athens","addressRegion":"GA"},"parentRecordLocation":{"name":"University of Georgia Libraries","location":{"addressLocality":"Athens","addressRegion":"GA"}}}}]}}
