{"data":{"usCongressBioId":"S000201","familyName":"Scudder","givenName":"Nathaniel","unaccentedFamilyName":"Scudder","unaccentedGivenName":"Nathaniel","birthDate":"1733","birthCirca":false,"deathDate":"1781","deathCirca":false,"profileText":"A Delegate from New Jersey; born at Monmouth Court House, Monmouth County, N.J., May 10, 1733; was graduated from Princeton College in 1751; studied medicine and commenced practice in Monmouth County, N.J.; member of the committee of safety; delegate to the Provincial Congress of New Jersey in 1774; member of the state general assembly, serving as speaker in 1776; lieutenant colonel of the New Jersey Militia in 1776 and colonel in 1781; Member of the Continental Congress 1778-1779; trustee of Princeton College 1778-1781; was killed October 17, 1781, at Blacks Point, near Shrewsbury, Monmouth County, N.J., while resisting an invading party of the British Army; interment in Tennent Church Graveyard, Tennent, N.J.","relationship":[],"asset":[],"jobPositions":[{"job":{"name":"Delegate","jobType":"CongressMemberJob"},"congressAffiliation":{"congress":{"name":"The 2nd Continental Congress","congressNumber":2,"congressType":"ContinentalCongress","startDate":"1775-05-10","endDate":"1781-03-01"},"represents":{"regionType":"StateRegion","regionCode":"NJ"}}}],"creativeWork":[],"researchRecord":[{"name":"In the Pierre Eugène Du Simitière Papers, 1774-1784, 1 microfilm reel.","recordType":["Microfilm"],"description":"Correspondents include Nathaniel Scudder.","recordLocation":{"name":"Manuscript Division","location":{"addressLocality":"Washington","addressRegion":"DC"},"parentRecordLocation":{"name":"Library of Congress","location":{"addressLocality":"Washington","addressRegion":"DC"}}}},{"name":"In the Miscellaneous Manuscripts Collection, 1780, 1 item.","recordType":["Papers"],"description":"A report of James Caldwell and Nathaniel Scudder.","recordLocation":{"name":"Manuscript Division","location":{"addressLocality":"Washington","addressRegion":"DC"},"parentRecordLocation":{"name":"Library of Congress","location":{"addressLocality":"Washington","addressRegion":"DC"}}}},{"name":"1778, 1 item.","recordType":["Papers"],"description":"A circular signed by Nathaniel Scudder to the Governor of North Carolina, dated 1778 November 11.","recordLocation":{"name":"Department of Literary and Historical Manuscripts","location":{"addressLocality":"New York","addressRegion":"NY"},"parentRecordLocation":{"name":"The Morgan Library","location":{"addressLocality":"New York","addressRegion":"NY"}}}},{"name":"1780, 2 pages.","recordType":["Papers"],"description":"A letter from Nathaniel Scudder to Henry Laurens on March 6, 1780. In the letter, Nathaniel Scudder discusses personal matters and expresses concern over the safety of Henry Laurens's voyage to Europe. Nathaniel Scudder also mentions the possibility of Henry Laurens procuring a place for Nathaniel Scudder's son in Europe, sends many regards from Nathaniel Scudder's family, and also mentions briefly the state of the new country's affairs.","recordLocation":{"name":"Manuscripts and Special Collections","location":{"addressLocality":"Albany","addressRegion":"NY"},"parentRecordLocation":{"name":"New York State Library","location":{"addressLocality":"Albany","addressRegion":"NY"}}}}]}}
