{"data":{"usCongressBioId":"S000711","familyName":"Speer","givenName":"Emory","unaccentedFamilyName":"Speer","unaccentedGivenName":"Emory","birthDate":"1848","birthCirca":false,"deathDate":"1918","deathCirca":false,"profileText":"A Representative from Georgia; born in Culloden, Monroe County, Ga., September 3, 1848; pursued classical studies and was graduated from the University of Georgia at Athens in 1869; entered the Confederate Army at the age of sixteen as a volunteer in the Fifth Kentucky Regiment, Lewis brigade, and remained with that command throughout the Civil War; studied law; was admitted to the bar in 1869 and commenced practice in Athens, Ga.; solicitor general of Georgia 1873-1876; unsuccessful candidate for election to the Forty-fifth Congress to fill the unexpired term of Benjamin H. Hill; elected as an Independent Democrat to the Forty-sixth and Forty-seventh Congresses (March 4, 1879-March 3, 1883); unsuccessful candidate for reelection in 1882; United States attorney for the northern district of Georgia 1883-1885; district judge of the southern Federal judicial district of Georgia 1885-1918; dean of Mercer University Law School 1893-1918; died in Macon, Ga., December 13, 1918; interment in Riverside Cemetery.","relationship":[],"asset":[],"jobPositions":[{"job":{"name":"Representative","jobType":"CongressMemberJob"},"congressAffiliation":{"congress":{"name":"The 46th United States Congress","congressNumber":46,"congressType":"USCongress","startDate":"1879-03-18","endDate":"1881-03-03"},"partyAffiliation":[{"party":{"name":"Independent Democrat"}}],"caucusAffiliation":[{"party":{"name":"Independent Democrat"}}],"represents":{"regionType":"StateRegion","regionCode":"GA"}}},{"job":{"name":"Representative","jobType":"CongressMemberJob"},"congressAffiliation":{"congress":{"name":"The 47th United States Congress","congressNumber":47,"congressType":"USCongress","startDate":"1881-03-04","endDate":"1883-03-03"},"partyAffiliation":[{"party":{"name":"Independent Democrat"}}],"caucusAffiliation":[{"party":{"name":"Independent Democrat"}}],"represents":{"regionType":"StateRegion","regionCode":"GA"}}}],"creativeWork":[{"freeFormCitationText":"Speer, Emory. <i>Removal of Causes from the State to Federal Courts, an Analysis of the Law as Changed by Act of Congress of March 3, 1887</i>. Boston: Little, Brown, and Company, 1888."},{"freeFormCitationText":"------. <i>The Solid South</i>. [Buffalo?]: Macon Press-print, 1903."},{"freeFormCitationText":"------. <i>The Student in Politics</i>. N.p., 1900."}],"researchRecord":[{"name":"In File II Names.","recordType":["Papers"],"description":"File is primarily incoming correspondence to the Governor of Georgia. Finding aid in repository.","recordLocation":{"name":"Georgia Department of Archives and History","location":{"addressLocality":"Atlanta","addressRegion":"GA"}}}]}}
