{"data":{"usCongressBioId":"S000862","familyName":"Stephenson","givenName":"Benjamin","honorificPrefix":"Mr.","unaccentedFamilyName":"Stephenson","unaccentedGivenName":"Benjamin","birthDate":"1769-07-08","birthCirca":false,"deathDate":"1822-10-10","deathCirca":false,"profileText":"A Delegate from Illinois Territory; born in York County, Pennsylvania, July 8, 1769; moved to Illinois Territory in 1809 and settled in Randolph County; appointed as the first sheriff of Randolph County by Governor Edwards June 28, 1809; moved to Edwardsville, Madison County, and engaged in the general mercantile business; appointed adjutant general of the Territory in 1813; served as a colonel in two campaigns during the War of 1812; elected on September 3, 1814, to Congress for a term of two years (Thirteenth and Fourteenth Congresses) (November 14, 1814-March 3, 1817); was not a candidate for renomination in 1816; served as receiver of public moneys in the land office at Edwardsville from April 29, 1816, until his death; delegate to the convention in 1818 which framed the first State constitution; president of the Bank of Edwardsville in 1819; died in Edwardsville, Ill., October 10, 1822.","relationship":[],"asset":[],"jobPositions":[{"job":{"name":"Delegate","jobType":"CongressMemberJob"},"startDate":"1813-05-24","startCirca":false,"congressAffiliation":{"congress":{"name":"The 13th United States Congress","congressNumber":13,"congressType":"USCongress","startDate":"1813-05-24","endDate":"1815-03-03"},"represents":{"regionType":"StateRegion","regionCode":"IL"}}},{"job":{"name":"Delegate","jobType":"CongressMemberJob"},"startDate":"1815-12-04","startCirca":false,"congressAffiliation":{"congress":{"name":"The 14th United States Congress","congressNumber":14,"congressType":"USCongress","startDate":"1815-12-04","endDate":"1817-03-03"},"represents":{"regionType":"StateRegion","regionCode":"IL"}}}],"creativeWork":[{"freeFormCitationText":"Bloom, Jo Tice. \"Peaceful Politics: The Delegates from Illinois Territory, 1809-1818.\" <i>The Old Northwest</i> 6 (Fall 1980): 203-15."}],"researchRecord":[],"deleted":false}}
