{"data":{"usCongressBioId":"S000400","familyName":"Sibley","givenName":"Solomon","honorificPrefix":"Mr.","unaccentedFamilyName":"Sibley","unaccentedGivenName":"Solomon","birthDate":"1769-10-07","birthCirca":false,"deathDate":"1846-04-04","deathCirca":false,"profileText":"A Delegate from the Territory of Michigan; born in Sutton, Mass., October 7, 1769; completed preparatory studies, and in 1794 was graduated from the College of Rhode Island at Providence; studied law; was admitted to the bar in 1795 and commenced practice in Marietta, Ohio; moved to Detroit, Mich., in 1797 and continued the practice of law; was a member of the Territorial legislature of Northwest Territory in 1799; mayor of Detroit, Mich., in 1806; president of the board of trustees of Detroit in 1815; auditor of Michigan Territory 1814-1817; United States attorney, Michigan Territory, by appointment of President Madison 1815-1823; elected to the Sixteenth Congress to fill the vacancy caused by the resignation of William W. Woodbridge; reelected to the Seventeenth Congress and served from November 20, 1820, to March 3, 1823; was not a candidate for reelection in 1822; judge of the supreme court of Michigan Territory 1824-1837; resumed the practice of law; died in Detroit, Mich., April 4, 1846; interment in Elmwood Cemetery.","relationship":[{"relationshipType":"father","relatedTo":{"usCongressBioId":"S000396","familyName":"Sibley","givenName":"Henry","middleName":"Hastings","honorificPrefix":"Mr.","unaccentedFamilyName":"Sibley","unaccentedGivenName":"Henry","unaccentedMiddleName":"Hastings","birthDate":"1811-02-20","birthCirca":false,"deathDate":"1891-02-18","deathCirca":false}}],"asset":[],"jobPositions":[{"job":{"name":"Delegate","jobType":"CongressMemberJob"},"startDate":"1819-12-06","startCirca":false,"congressAffiliation":{"congress":{"name":"The 16th United States Congress","congressNumber":16,"congressType":"USCongress","startDate":"1819-12-06","endDate":"1821-03-03"},"represents":{"regionType":"StateRegion","regionCode":"MI"},"note":[{"type":"Note","noteType":"FootNote","content":"Elected to fill the vacancy caused by the resignation of William W. Woodbridge, and took his seat November 20, 1820."}]}},{"job":{"name":"Delegate","jobType":"CongressMemberJob"},"startDate":"1821-12-04","startCirca":false,"congressAffiliation":{"congress":{"name":"The 17th United States Congress","congressNumber":17,"congressType":"USCongress","startDate":"1821-12-03","endDate":"1823-03-03"},"represents":{"regionType":"StateRegion","regionCode":"MI"}}}],"creativeWork":[],"researchRecord":[{"name":"In the Samuel C. Vance Papers, ca. 1788-1902, 6 boxes.","recordType":["Papers"],"description":"Correspondents include Solomon Sibley.","recordLocation":{"name":"Indiana Historical Society","location":{"addressLocality":"Indianapolis","addressRegion":"IN"}}},{"name":"1750-1918, 38 linear feet.","recordType":["Papers"],"description":"The papers of Solomon Sibley contain legal cases, family items, docket books, cash book, accounts of Pontiac Mill Company, Pontiac, Michigan, and Robinson and Martin of Albany, New York. Also included are papers of the James Henry estate; daybook of Detroit Reading Club; and journal of transactions and correspondence as delegate to Congress.","recordLocation":{"name":"Burton Historical Collection","location":{"addressLocality":"Detroit","addressRegion":"MI"},"parentRecordLocation":{"name":"Detroit Public Library","location":{"addressLocality":"Detroit","addressRegion":"MI"}}}},{"name":"In the Henry Clay Papers, 1807-1852, 0.5 linear foot.","recordType":["Papers"],"description":"Correspondents include Solomon Sibley.","recordLocation":{"name":"Burton Historical Collection","location":{"addressLocality":"Detroit","addressRegion":"MI"},"parentRecordLocation":{"name":"Detroit Public Library","location":{"addressLocality":"Detroit","addressRegion":"MI"}}}},{"name":"In the Thomas Worthington Papers, 1795-1827, 22 reels.","recordType":["Microfilm"],"description":"Correspondents include Solomon Sibley.","recordLocation":{"name":"Manuscript Division","location":{"addressLocality":"Washington","addressRegion":"DC"},"parentRecordLocation":{"name":"Library of Congress","location":{"addressLocality":"Washington","addressRegion":"DC"}}}},{"name":"December 18, 1823. 1 letter.","recordType":["Papers"],"description":"Finding aid in repository.","recordLocation":{"name":"New-York Historical Society","location":{"addressLocality":"New York","addressRegion":"NY"}}},{"name":"In the Anonymous Ledger, ca. 1810-1830, 1 reel.","recordType":["Microfilm"],"description":"Persons represented include Solomon Sibley.","recordLocation":{"name":"Bentley Historical Library","location":{"addressLocality":"Ann Arbor","addressRegion":"MI"},"parentRecordLocation":{"name":"University of Michigan","location":{"addressLocality":"Ann Arbor","addressRegion":"MI"}}}},{"name":"In Michigan Territory Supreme Court records, 1805-1836. ca. 9,750 items and 15 volumes.","recordType":["Papers"],"recordLocation":{"name":"University of Michigan Law Library","location":{"addressLocality":"Ann Arbor","addressRegion":"MI"}}}]}}
