{"data":{"usCongressBioId":"S000881","familyName":"Stevens","givenName":"Isaac","middleName":"Ingalls","honorificPrefix":"Mr.","unaccentedFamilyName":"Stevens","unaccentedGivenName":"Isaac","unaccentedMiddleName":"Ingalls","birthDate":"1818-03-25","birthCirca":false,"deathDate":"1862-09-01","deathCirca":false,"profileText":"A Delegate from the Territory of Washington; born in North Andover (then a part of Andover), Essex County, Mass., March 25, 1818; attended Phillips Academy, Andover, Mass., and was graduated from the United States Military Academy at West Point in 1839; entered the Corps of Engineers and served on the staff of General Scott in Mexico; assistant in charge of the Coast Survey Office in Washington, D.C.; organized and commanded the northern Pacific exploration party which explored and surveyed the route for a railway from St. Paul to Puget Sound in 1853; resigned his commission as major in the Corps of Engineers to become Governor; Governor of the Territory of Washington from 1853 to 1857; was a candidate for the Democratic nomination to Congress in 1855, but withdrew; elected as a Democrat to the Thirty-fifth and Thirty-sixth Congresses (March 4, 1857-March 3, 1861); was not a candidate for renomination in 1860; delegate to the Democratic National Conventions at Charleston and Baltimore in 1860; during the Civil War entered the Union Army as a colonel of the Seventy-ninth New York Highlanders; appointed brigadier general and later major general in command of a division; killed at the Battle of Chantilly, Virginia, September 1, 1862; interment in Island Cemetery, Newport, R.I.","relationship":[{"relationshipType":"cousin","relatedTo":{"usCongressBioId":"S000877","familyName":"Stevens","givenName":"Charles","middleName":"Abbot","unaccentedFamilyName":"Stevens","unaccentedGivenName":"Charles","unaccentedMiddleName":"Abbot","birthDate":"1816-08-09","birthCirca":false,"deathDate":"1892-04-07","deathCirca":false,"deleted":false}},{"relationshipType":"cousin","relatedTo":{"usCongressBioId":"S000884","familyName":"Stevens","givenName":"Moses","middleName":"Tyler","honorificPrefix":"Mr.","unaccentedFamilyName":"Stevens","unaccentedGivenName":"Moses","unaccentedMiddleName":"Tyler","birthDate":"1825-10-10","birthCirca":false,"deathDate":"1907-03-25","deathCirca":false}}],"asset":[],"jobPositions":[{"job":{"name":"Delegate","jobType":"CongressMemberJob"},"startDate":"1857-03-04","startCirca":false,"congressAffiliation":{"congress":{"name":"The 35th United States Congress","congressNumber":35,"congressType":"USCongress","startDate":"1857-03-04","endDate":"1859-03-03"},"partyAffiliation":[{"party":{"name":"Democrat"}}],"caucusAffiliation":[{"party":{"name":"Democrat"}}],"represents":{"regionType":"StateRegion","regionCode":"WA"}}},{"job":{"name":"Delegate","jobType":"CongressMemberJob"},"startDate":"1859-03-04","startCirca":false,"congressAffiliation":{"congress":{"name":"The 36th United States Congress","congressNumber":36,"congressType":"USCongress","startDate":"1859-03-04","endDate":"1861-03-03"},"partyAffiliation":[{"party":{"name":"Democrat"}}],"caucusAffiliation":[{"party":{"name":"Democrat"}}],"represents":{"regionType":"StateRegion","regionCode":"WA"}}}],"creativeWork":[{"freeFormCitationText":"Doty, James. <i>Journal of operations of Governor Isaac Ingalls Stevens of Washington Territory in 1855</i>Edited by Edward J. Kowrach. Fairfield, Wash.: Ye Galleon Press, 1978."},{"freeFormCitationText":"Hazard, Joseph Taylor. <i>Companion of Adventure: A Biography of Isaac Ingalls Stevens, First Governor of Washington Territory</i>. Portland, Oreg.: Binfords, 1952."},{"freeFormCitationText":"Meinig, D. W. \"Isaac Stevens: Practical Geographer of the Early Northwest.\" <i>Geographical Review</i> 45 (October 1955): 542-58."},{"freeFormCitationText":"Mills, Hazel E. \"Governor Isaac I. Stevens and the Washington Territorial Library.\" <i>Pacific Northwest Quarterly</i> 53 (January 1962): 1-16."},{"freeFormCitationText":"Richards, Kent D. <i>Isaac I. Stevens: Young Man in a Hurry</i>. Salt Lake City: Brigham Young University Press, 1979. Reprint, Pullman, Wash.: Washington State University Press, 1993."},{"freeFormCitationText":"Stevens, Hazard. <i>The Life of Isaac Ingalls Stevens, by his son, Hazard Stevens</i>. Boston and New York: Houghton, Mifflin and Company, [1900]."},{"freeFormCitationText":"Stevens, Isaac Ingalls. <i>Address on the Northwest, before the American Geographical and Statistical Society, delivered at New York, December 2, 1858</i>. Washington: G. S. Gideon, printer, 1858."},{"freeFormCitationText":"------. <i>Campaigns of the Rio Grande and of Mexico. With notices of the recent work of Major Ripley. By Brevet-Major Isaac I. Stevens, U.S. Army</i>. New York: D. Appleton and Co., 1851."},{"freeFormCitationText":"------. <i>A circular letter to emigrants desirous of locating in Washington Territory</i>. Washington: G.S. Gideon, printer, 1858."},{"freeFormCitationText":"------. <i>Isothermal chart between the Atlantic and Pacific Ocean</i>. New York: N.p., 1850. Reprint, [N.p.: C.B. Graham, Lith., 1887]."},{"freeFormCitationText":"------. <i>Pacific Railroad</i>. [Washington: <i>Congressional Globe</i> Office, 1858]."},{"freeFormCitationText":"------. <i>Pacific Railroad Northern Route. Letter... to the railroad convention of Washington and Oregon</i>. [N.p.], 1860."},{"freeFormCitationText":"------. <i>Preliminary sketch of the Northern Pacific Rail Road exploration and survey</i>. Phila[delphia]: N.p., [1855]."},{"freeFormCitationText":"------. <i>Report of exploration of a route for the Pacific Railroad, near the 47th and 49th parallels, from St. Paul to Puget Sound</i>. [Washington: N.p., 1855]."},{"freeFormCitationText":"------. <i>Speech of Hon. Isaac I. Stevens, delegate from Washington Territory, on the Washington and Oregon War Claims. Delivered in the House of Representatives of the United States, May 31, 1858</i>. Washington: Printed by L. Towers, 1858."},{"freeFormCitationText":"------. <i>Speech of Hon. Isaac I. Stevens, of Washington Territory, on the Indian war expenses of Washington and Oregon. Delivered in the House of Representatives, February 21, 1859</i>. Washington: Printed by L. Towers, 1859."},{"freeFormCitationText":"------. <i>A true copy of the record of the official proceedings at the council in the Walla Walla Valley, 1855</i>. Edited by Darrell Scott. Fairfield, Wash.: Ye Galleon Press, 1985."},{"freeFormCitationText":"------. <i>Vindication of Governor Stevens, for proclaiming and enforcing martial law in Pierce County, W. T. </i> [Olympia: W. T.], 1856."},{"freeFormCitationText":"------. <i>War expenses of Washington and Oregon territories. Remarks of Hon. Isaac I. Stevens ... made before the Committee of Military Affairs of the House, Friday, March 15, 1860</i>. Washington: T. McGill, printer, 1860."}],"researchRecord":[{"name":"In papers of Isaac Ingalls Stevens and Hazard Stevens, 1835-1929. 173 items.","recordType":["Papers"],"description":"Includes correspondence, official papers, speeches, pamphlets, photographs, maps, and clippings. Unpublished inventory in library. Restricted.","recordLocation":{"name":"Washington State Historical Society","location":{"addressLocality":"Tacoma","addressRegion":"WA"}}},{"name":"In Washington (Territory) Governor correspondence, 1853-1855, 1889. 2 volumes.","recordType":["Papers"],"description":"Letter press books of official correspondence.","recordLocation":{"name":"Washington State Library","location":{"addressLocality":"Olympia","addressRegion":"WA"}}},{"name":"1835-1862. 5 feet (ca. 1,750 items, 3 volumes, and 10 reels of microfilm).","recordType":["Papers"],"description":"Correspondence, Mexican War diary, documents, and writings. Microfilm of originals in Yale University and National Archives. Unpublished finding aid in library. Also on microfilm (4 reels) with guide. Open under library restrictions.","recordLocation":{"name":"Manuscripts and University Archives Division","location":{"addressLocality":"Seattle","addressRegion":"WA"},"parentRecordLocation":{"name":"University of Washington","location":{"addressLocality":"Seattle","addressRegion":"WA"}}}},{"name":"In William Winlock Miller papers, 1845-1958.","recordType":["Papers"],"description":"8 feet. Unpublished register in library.","recordLocation":{"name":"Beinecke Rare Book and Manuscript Library","location":{"addressLocality":"New Haven","addressRegion":"CT"},"parentRecordLocation":{"name":"Yale University","location":{"addressLocality":"New Haven","addressRegion":"CT"}}}}]}}
