{"data":{"usCongressBioId":"S000994","familyName":"Stratton","givenName":"John","honorificPrefix":"Mr.","unaccentedFamilyName":"Stratton","unaccentedGivenName":"John","birthDate":"1769-08-19","birthCirca":false,"deathDate":"1804-05-10","deathCirca":false,"profileText":"A Representative from Virginia; born at ``Old Castle,'' near Eastville, Northampton County, Va., August 19, 1769; attended the common schools; studied law; was admitted to the bar and practiced; member of the State house of delegates 1789-1792; elected as a Federalist to the Seventh Congress (March 4, 1801-March 3, 1803); died in Norfolk, Va., May 10, 1804; interment in St. Paul's Church Cemetery.","relationship":[],"asset":[],"jobPositions":[{"job":{"name":"Representative","jobType":"CongressMemberJob"},"startDate":"1801-12-07","startCirca":false,"congressAffiliation":{"congress":{"name":"The 7th United States Congress","congressNumber":7,"congressType":"USCongress","startDate":"1801-03-04","endDate":"1803-03-03"},"partyAffiliation":[{"party":{"name":"Federalist"}}],"caucusAffiliation":[{"party":{"name":"Federalist"}}],"represents":{"regionType":"DistrictRegion","regionCode":"VA"}}}],"creativeWork":[],"researchRecord":[]}}
