{"data":{"usCongressBioId":"S000981","familyName":"Stout","givenName":"Lansing","honorificPrefix":"Mr.","unaccentedFamilyName":"Stout","unaccentedGivenName":"Lansing","birthDate":"1828-03-27","birthCirca":false,"deathDate":"1871-03-04","deathCirca":false,"profileText":"A Representative from Oregon; born in Watertown, Jefferson County, N.Y., March 27, 1828; attended the public schools; studied law; was admitted to the bar; moved to Placer County, Calif., in 1852 and commenced the practice of law; member of the California assembly in 1855; moved to Portland, Oreg., in 1857 and continued the practice of his profession; judge of the Multnomah County Court in 1858; was elected as a Democrat to the Thirty-sixth Congress (March 4, 1859-March 3, 1861); was not a candidate for renomination in 1860; resumed the practice of his profession in Portland; elected to the Oregon senate in June 1868 and served until his death in Portland, Multnomah County, Oreg., March 4, 1871; interment in Riverview Cemetery.","relationship":[],"asset":[],"jobPositions":[{"job":{"name":"Representative","jobType":"CongressMemberJob"},"startDate":"1859-03-04","startCirca":false,"congressAffiliation":{"congress":{"name":"The 36th United States Congress","congressNumber":36,"congressType":"USCongress","startDate":"1859-03-04","endDate":"1861-03-03"},"partyAffiliation":[{"party":{"name":"Democrat"}}],"caucusAffiliation":[{"party":{"name":"Democrat"}}],"represents":{"regionType":"StateRegion","regionCode":"OR"}}}],"creativeWork":[],"researchRecord":[{"name":"Correspondence in the Frederick West Lander papers, 1836-1894. ca. 1,250 items.","recordType":["Papers"],"description":"Finding aid in repository.","recordLocation":{"name":"Manuscript Division","location":{"addressLocality":"Washington","addressRegion":"DC"},"parentRecordLocation":{"name":"Library of Congress","location":{"addressLocality":"Washington","addressRegion":"DC"}}}}]}}
