{"data":{"usCongressBioId":"S000954","familyName":"Stone","givenName":"Claudius","middleName":"Ulysses","honorificPrefix":"Mr.","unaccentedFamilyName":"Stone","unaccentedGivenName":"Claudius","unaccentedMiddleName":"Ulysses","birthDate":"1879-05-11","birthCirca":false,"birthDateUnknown":false,"deathDate":"1957-11-13","deathCirca":false,"deathDateUnknown":false,"image":[{"contentUrl":"/bioguide-staging/assets/66904ee0e6bd411c797475cb.jpg","caption":"Collection of the U.S. House of Representatives"}],"profileText":"A Representative from Illinois; born on a farm in Menard County, near Greenview, Ill., May 11, 1879; attended the rural school and Western Normal College, Bushnell, Ill.; at the age of seventeen taught in the Bee Grove rural school in Menard County for one year; principal of Brimfield (Ill.) Public Schools for two years; during the Spanish-American War served as a corporal in Company K, Fourth Illinois Volunteer Infantry, from May 1898 to May 1899 with service in Cuba; studied law at the University of Michigan at Ann Arbor and at George Washington University, Washington, D.C.; elected superintendent of schools for Peoria County, Ill., in 1902, reelected in 1906 and served until 1910; president of the Association of County Superintendents of Schools of Illinois in 1909; was admitted to the bar in 1909 and commenced practice in Peoria, Ill.; elected as a Democrat to the Sixty-second, Sixty-third, and Sixty-fourth Congresses (March 4, 1911-March 3, 1917); unsuccessful candidate for reelection in 1916 to the Sixty-fifth Congress; postmaster of Peoria from 1917 until he resigned in October 1920 to practice law; master in chancery of the circuit court of Peoria County from June 5, 1928, to January 20, 1945; editor and publisher of the Peoria Star from 1938 until 1949; died in Peoria, Ill., November 13, 1957; interment in Parkview Memorial Cemetery.","relationship":[],"asset":[{"name":"S000954_001","assetType":"Image","contentUrl":"/bioguide-published/assets/66904ee0e6bd411c797475cb.jpg","creditLine":"Collection of the U.S. House of Representatives","associatedEntity":[],"accessionNumber":"PA2024.06.0004","usageRight":["Import to Congress.gov"]}],"jobPositions":[{"job":{"name":"Representative","jobType":"CongressMemberJob"},"startDate":"1911-03-04","startCirca":false,"congressAffiliation":{"congress":{"name":"The 62nd United States Congress","congressNumber":62,"congressType":"USCongress","startDate":"1911-04-04","endDate":"1913-03-04"},"partyAffiliation":[{"party":{"name":"Democrat"}}],"caucusAffiliation":[{"party":{"name":"Democrat"}}],"represents":{"regionType":"DistrictRegion","regionCode":"IL"}}},{"job":{"name":"Representative","jobType":"CongressMemberJob"},"startDate":"1915-03-04","startCirca":false,"congressAffiliation":{"congress":{"name":"The 64th United States Congress","congressNumber":64,"congressType":"USCongress","startDate":"1915-12-06","endDate":"1917-03-04"},"partyAffiliation":[{"party":{"name":"Democrat"}}],"caucusAffiliation":[{"party":{"name":"Democrat"}}],"represents":{"regionType":"DistrictRegion","regionCode":"IL"}}},{"job":{"name":"Representative","jobType":"CongressMemberJob"},"startDate":"1913-03-04","startCirca":false,"congressAffiliation":{"congress":{"name":"The 63rd United States Congress","congressNumber":63,"congressType":"USCongress","startDate":"1913-03-04","endDate":"1915-03-04"},"partyAffiliation":[{"party":{"name":"Democrat"}}],"caucusAffiliation":[{"party":{"name":"Democrat"}}],"represents":{"regionType":"DistrictRegion","regionCode":"IL"}}}],"creativeWork":[],"researchRecord":[],"deleted":false}}
