{"data":{"usCongressBioId":"S000396","familyName":"Sibley","givenName":"Henry","middleName":"Hastings","honorificPrefix":"Mr.","unaccentedFamilyName":"Sibley","unaccentedGivenName":"Henry","unaccentedMiddleName":"Hastings","birthDate":"1811-02-20","birthCirca":false,"deathDate":"1891-02-18","deathCirca":false,"profileText":"A Delegate from the Territories of Wisconsin and Minnesota; born in Detroit, Mich., February 20, 1811; attended the Detroit Academy and also studied under private tutors; studied law; moved to Sault Ste. Marie in 1828 and engaged in mercantile pursuits until 1829, when he moved to Mackinac and entered the service of the American Fur Co.; justice of the peace in 1831; moved to the mouth of the Minnesota River in 1834 and engaged in fur trading; elected as a Delegate from the Territory of Wisconsin to the Thirtieth Congress to fill the vacancy caused by the disqualification of John H. Tweedy and served from October 30, 1848, to March 3, 1849; upon the formation of the Territory of Minnesota was elected as a Delegate to the Thirty-first and Thirty-second Congresses and served from July 7, 1849, to March 3, 1853; declined to be a candidate for renomination; member of the Territorial Legislature of Minnesota in 1855; member of the constitutional convention of Minnesota in 1857, and served as president; Governor of Minnesota 1858-1860; regent of the State university 1860-1869 and president of the board of regents 1876-1891; served in the Union Army as brigadier general of Volunteers from 1862 until he was honorably mustered out April 30, 1866; moved to St. Paul, Minn.; interested in banking, railroads, and other public corporations; president of the St. Paul Gas Co. in 1866; president of the Minnesota Historical Society 1879-1891; unsuccessful candidate for election to the Forty-seventh Congress; appointed by President Arthur in 1883 as president of the commission to settle damage claims of the Ojibway Indians resulting from the construction of national reservoirs; died in St. Paul, Minn., February 18, 1891; interment in Oakland Cemetery.","relationship":[{"relationshipType":"son","relatedTo":{"usCongressBioId":"S000400","familyName":"Sibley","givenName":"Solomon","honorificPrefix":"Mr.","unaccentedFamilyName":"Sibley","unaccentedGivenName":"Solomon","birthDate":"1769-10-07","birthCirca":false,"deathDate":"1846-04-04","deathCirca":false}}],"asset":[],"jobPositions":[{"job":{"name":"Delegate","jobType":"CongressMemberJob"},"startDate":"1848-10-30","startCirca":false,"congressAffiliation":{"congress":{"name":"The 30th United States Congress","congressNumber":30,"congressType":"USCongress","startDate":"1847-12-06","endDate":"1849-03-03"},"represents":{"regionType":"StateRegion","regionCode":"WI"},"note":[{"type":"Note","noteType":"FootNote","content":"Elected to fill vacancy caused by disqualification of John H. Tweedy, and took his seat January 15, 1849."}]}},{"job":{"name":"Delegate","jobType":"CongressMemberJob"},"startDate":"1849-03-04","startCirca":false,"congressAffiliation":{"congress":{"name":"The 31st United States Congress","congressNumber":31,"congressType":"USCongress","startDate":"1849-03-05","endDate":"1851-03-03"},"represents":{"regionType":"StateRegion","regionCode":"MN"},"note":[{"type":"Note","noteType":"FootNote","content":"Took his seat December 3, 1849."}]}},{"job":{"name":"Delegate","jobType":"CongressMemberJob"},"startDate":"1851-03-04","startCirca":false,"congressAffiliation":{"congress":{"name":"The 32nd United States Congress","congressNumber":32,"congressType":"USCongress","startDate":"1851-03-04","endDate":"1853-03-03"},"represents":{"regionType":"StateRegion","regionCode":"MN"}}}],"creativeWork":[{"freeFormCitationText":"Carley, Kenneth. \"The Sioux Campaign of 1862: Sibley's Letters to His Wife.\" <i>Minnesota History</i> 38 (September 1962): 99-114."},{"freeFormCitationText":"Flanagan, John T. \"Big Game Hunter, Henry H. Sibley.\" <i>Minnesota History</i> 41 (Spring 1969): 217-28."},{"freeFormCitationText":"Gilman, Rhoda R. <i>Henry Hastings Sibley: Divided Heart</i>. St. Paul: Minnesota Historical Society Press, 2004."},{"freeFormCitationText":"Gilman, Rhoda R. \"How Henry Sibley Took the Road to New Hope.\" <i>Minnesota History</i> 52 (Summer 1991): 220-29."},{"freeFormCitationText":"Gray, James. \"Two Leaders of the Old Northwest: Hercules Dousman and Henry Sibley.\" <i>Wisconsin Magazine of History</i> 29 (March 1946): 263-80."},{"freeFormCitationText":"Jorstad, Erling T. \"The Life of Henry Hastings Sibley.\" Ph.D. diss., University of Wisconsin, 1957."},{"freeFormCitationText":"Shortridge, Wilson P. \"The Transition of a Typical Frontier, With Illustration From the Life of Henry Hastings Sibley, Fur Trader, First Delegate in Congress from Minnesota Territory, and First Governor of the State of Minnesota.\" Ph.D. diss., University of Minnesota, 1919."},{"freeFormCitationText":"------. <i>The transition of a typical frontier, with illustrations from the life of Henry Hastings Sibley, fur trader, first delegate in Congress from Minnesota Territory and first governor of the state Minnesota</i>. [Menasha, Wis.: George Banta Publishing Company, 1922]."},{"freeFormCitationText":"Sibley, Henry H. <i>Address delivered before the Minnesota Historical Society, at its sixth anniversary, February 1st, 1856</i>. St. Paul: N.p., 1856."},{"freeFormCitationText":"------. <i>Memoir of Hercules L. Dousman</i>. N.p., 1880."},{"freeFormCitationText":"------. <i>Memoir of Jean Baptiste Faribault</i>. N.p., 1880."},{"freeFormCitationText":"------. <i>Reminiscences; historical and personal</i>. St. Paul: N.p., 1872."},{"freeFormCitationText":"------. \"Reminiscences of the Early Days of Minnesota.\" In <i>Collections of the Minnesota Historical Society,</i> vol. 3, part 2. St. Paul: Saint Paul Press Company, 1874."},{"freeFormCitationText":"------. <i>Reminiscences of the Early Days of Minnesota</i>. N.p., 1880."},{"freeFormCitationText":"------. <i>Sketch of the life of Nicollet</i>. St. Paul: N.p., 1853."},{"freeFormCitationText":"------. <i>The Unfinished Autobiography of Henry Hastings Sibley, together with a selection of hitherto unpublished letters from the thirties</i>. Edited by Theodore C. Blegen. Minneapolis, Minn.: The Voyageur Press, F. T. Phelps, 1932."},{"freeFormCitationText":"West, Nathaniel. <i>The ancestry, life, and times of Hon. Henry Hastings Sibley by Nathaniel West</i>. Saint Paul, Minn.: Pioneer Press, 1889."},{"freeFormCitationText":"Williams, J. Fletcher (John Fletcher). <i>Henry Hastings Sibley: A memoir</i>. N.p., 1894."}],"researchRecord":[{"name":"1853, 1 item.","recordType":["Papers"],"description":"A letter from Henry Hastings Sibley to William R. Marcy, written on March 21, 1853. In the letter, Henry Hastings recommends Andrew G. Chatfield for the office of Justice of the Supreme Court of Minnesota Territory.","recordLocation":{"name":"Department of Literary and Historical Manuscripts","location":{"addressLocality":"New York","addressRegion":"NY"},"parentRecordLocation":{"name":"The Morgan Library","location":{"addressLocality":"New York","addressRegion":"NY"}}}},{"name":"April 20, 1850. 1 letter.","recordType":["Papers"],"description":"Finding aid in repository.","recordLocation":{"name":"Brooklyn Historical Society","location":{"addressLocality":"Brooklyn","addressRegion":"NY"}}},{"name":"1815-1930, 22 cubic feet.","recordType":["Papers"],"description":"The papers of Henry Hastings Sibley include correspondence, a diary, financial and business records, military vouchers, and other documents, relating to Indians, the frontier, fur trade, lumbering, and politics. Most of the papers are available on microfilm. A published guide for the papers is available in the repository..","recordLocation":{"name":"Minnesota Historical Society","location":{"addressLocality":"St. Paul","addressRegion":"MN"}}},{"name":"In the Charles P. Adams Papers, 1861-1921, 87 items.","recordType":["Papers"],"description":"Correspondents include Henry Hastings Sibley.","recordLocation":{"name":"Minnesota Historical Society","location":{"addressLocality":"St. Paul","addressRegion":"MN"}}},{"name":"In the Henry S. Baird Papers, 1825-1861, 1 folder.","recordType":["Papers"],"description":"Other authors include Henry H. Sibley.","recordLocation":{"name":"Minnesota Historical Society","location":{"addressLocality":"St. Paul","addressRegion":"MN"}}},{"name":"In the Luther L. Baxter and Family Papers, 1853-1950, 1 cubic foot.","recordType":["Papers"],"description":"Other authors include Henry Hastings Sibley. An inventory for the papers is available in the repository.","recordLocation":{"name":"Minnesota Historical Society","location":{"addressLocality":"St. Paul","addressRegion":"MN"}}},{"name":"In the Charles H. Berry and Family Papers, 1846-1943, 1.25 cubic feet.","recordType":["Papers"],"description":"Other authors include Henry Hastings Sibley. An inventory for the papers is available in the repository.","recordLocation":{"name":"Minnesota Historical Society","location":{"addressLocality":"St. Paul","addressRegion":"MN"}}},{"name":"In the Joseph R. and Samuel J. Brown and Family Papers, 1826-1956, 30 microfilm reels.","recordType":["Microfilm"],"description":"Other authors include Henry Hastings Sibley.","recordLocation":{"name":"Minnesota Historical Society","location":{"addressLocality":"St. Paul","addressRegion":"MN"}}},{"name":"In the Solon J. Buck Papers, ca. 1902-1960, 5.75 cubic feet.","recordType":["Papers"],"description":"Subjects include Henry Hastings Sibley. An inventory for the papers is available in the repository.","recordLocation":{"name":"Minnesota Historical Society","location":{"addressLocality":"St. Paul","addressRegion":"MN"}}},{"name":"In the Catholic Church in St. Boniface, Manitoba Correspondence, 1861-1868, 1 microfilm reel.","recordType":["Microfilm"],"description":"Correspondents include Henry Hastings Sibley. An inventory for the papers is available in the repository.","recordLocation":{"name":"Minnesota Historical Society","location":{"addressLocality":"St. Paul","addressRegion":"MN"}}},{"name":"In the Charles T. Cavileer Papers, 1849-1929, 21 items.","recordType":["Papers"],"description":"Correspondents include Henry Hastings Sibley. An inventory for the papers is available in the repository.","recordLocation":{"name":"Minnesota Historical Society","location":{"addressLocality":"St. Paul","addressRegion":"MN"}}},{"name":"In the Chambers and Johnson Family Papers, 1827-1942, 1.5 cubic feet.","recordType":["Papers"],"description":"Other authors include Henry Hastings Sibley. A box list for the papers is available in the repository.","recordLocation":{"name":"Minnesota Historical Society","location":{"addressLocality":"St. Paul","addressRegion":"MN"}}},{"name":"In the Pierre Chouteau and Family Papers, 1799-1850, 65 items.","recordType":["Papers"],"description":"Correspondents include Henry Hastings Sibley. An inventory for the papers is available in the repository.","recordLocation":{"name":"Minnesota Historical Society","location":{"addressLocality":"St. Paul","addressRegion":"MN"}}},{"name":"In the Judson Newell Cross Papers, 1861-1907, 1.25 cubic feet.","recordType":["Papers"],"description":"Other authors include Henry Hastings Sibley. An inventory for the papers is available in the repository.","recordLocation":{"name":"Minnesota Historical Society","location":{"addressLocality":"St. Paul","addressRegion":"MN"}}},{"name":"In the Democratic National Convention (1860 : Charleston, S.C. and Baltimore, Md.) Minutes of Baltimore Credentials Committee, undated and 1860 June 19, 17 pages.","recordType":["Papers"],"description":"Persons represented include Henry Hastings Sibley.","recordLocation":{"name":"Minnesota Historical Society","location":{"addressLocality":"St. Paul","addressRegion":"MN"}}},{"name":"In the Hercules L. Dousman Papers, ca. 1808-1903, 5.5 cubic feet.","recordType":["Papers"],"description":"Correspondents include Henry Hastings Sibley. An inventory for the papers is available in the repository.","recordLocation":{"name":"Minnesota Historical Society","location":{"addressLocality":"St. Paul","addressRegion":"MN"}}},{"name":"In the First Presbyterian Church (Minneapolis, Minn.) Parish Record Books, 1835-1871, 2 volumes.","recordType":["Papers"],"description":"Persons represented include Henry Hastings Sibley.","recordLocation":{"name":"Minnesota Historical Society","location":{"addressLocality":"St. Paul","addressRegion":"MN"}}},{"name":"In the Pierce Powers Furber Family Genealogical Data and Papers, 1841-1997, 0.25 cubic feet.","recordType":["Papers"],"description":"Correspondents include Henry Hastings Sibley. An inventory for the papers is available in the repository.","recordLocation":{"name":"Minnesota Historical Society","location":{"addressLocality":"St. Paul","addressRegion":"MN"}}},{"name":"In the Frank N. Gauthier Note, 1862, 1 leaf on partial microfilm reel.","recordType":["Microfilm"],"description":"A note from Frank Gauthier, of Captain Mark Hendrick's Battery of Light Artillery, to General Henry H. Sibley, written on December 15, 1862. In the note, Gauthier offers his services to hang the Dakota Indians convicted of murder following the Dakota Conflict.","recordLocation":{"name":"Minnesota Historical Society","location":{"addressLocality":"St. Paul","addressRegion":"MN"}}},{"name":"In the Ellen R. Hollinshead Reminiscences, 1892, 1 folder.","recordType":["Papers"],"description":"Persons represented include Henry Hastings Sibley.","recordLocation":{"name":"Minnesota Historical Society","location":{"addressLocality":"St. Paul","addressRegion":"MN"}}},{"name":"In the Benjamin Lacy Letters, 1858, 1919. 9 items.","recordType":["Papers"],"description":"Persons represented include Henry Hastings Sibley.","recordLocation":{"name":"Minnesota Historical Society","location":{"addressLocality":"St. Paul","addressRegion":"MN"}}},{"name":"In the Lorenzo Lawrence Papers, 1861-1960, 5 items in 1 folder.","recordType":["Papers"],"description":"Persons represented include Henry Hastings Sibley.","recordLocation":{"name":"Minnesota Historical Society","location":{"addressLocality":"St. Paul","addressRegion":"MN"}}},{"name":"In the William G. Le Duc and Family Papers, 1760-1967, 61 cubic feet.","recordType":["Papers"],"description":"Other authors include Henry Hastings Sibley. A container list for the papers is available in the repository.","recordLocation":{"name":"Minnesota Historical Society","location":{"addressLocality":"St. Paul","addressRegion":"MN"}}},{"name":"In the Robert Todd Lincoln Papers, 1859-1865, 55 items.","recordType":["Papers"],"description":"Other authors include Henry Hastings Sibley.","recordLocation":{"name":"Minnesota Historical Society","location":{"addressLocality":"St. Paul","addressRegion":"MN"}}},{"name":"In the Bushrod W. Lott Correspondence, 1849-1855, 13 items.","recordType":["Papers"],"description":"Correspondents include Henry Hastings Sibley.","recordLocation":{"name":"Minnesota Historical Society","location":{"addressLocality":"St. Paul","addressRegion":"MN"}}},{"name":"In the Frank B. Mayer Papers, 1851-1903, 0.75 cubic feet.","recordType":["Papers"],"description":"Other authors include Henry Hastings Sibley. An inventory for the papers is available in the repository.","recordLocation":{"name":"Minnesota Historical Society","location":{"addressLocality":"St. Paul","addressRegion":"MN"}}},{"name":"In the A. R. McGill and Family Papers, 1794-1931, 4.5 cubic feet.","recordType":["Papers"],"description":"Other authors include Henry Hastings Sibley. An inventory for the papers is available in the repository.","recordLocation":{"name":"Minnesota Historical Society","location":{"addressLocality":"St. Paul","addressRegion":"MN"}}},{"name":"In the Martin McLeod Papers, 1830-1883, 1.25 cubic feet.","recordType":["Papers"],"description":"Correspondents include Henry Hastings Sibley. An inventory for the papers is available in the repository.","recordLocation":{"name":"Minnesota Historical Society","location":{"addressLocality":"St. Paul","addressRegion":"MN"}}},{"name":"In the Mdewakanton Band of Dakota Indians List of recipients of federal funds, 1885, 2 items.","recordType":["Papers"],"description":"Persons represented include Henry Hastings Sibley.","recordLocation":{"name":"Minnesota Historical Society","location":{"addressLocality":"St. Paul","addressRegion":"MN"}}},{"name":"In the Minnesota District Court (Washington County) Records, 1851, 1 item..","recordType":["Papers"],"description":"A bill of complaint in Chouteau et al. vs. Rice et al., 1851 May 8. Other authors include Henry Hastings Sibley.","recordLocation":{"name":"Minnesota Historical Society","location":{"addressLocality":"St. Paul","addressRegion":"MN"}}},{"name":"Minnesota Governor Executive Journals, 1849-1858, 2 volumes.","recordType":["Papers"],"description":"Correspondents include Henry Hastings Sibley.","recordLocation":{"name":"Minnesota Historical Society","location":{"addressLocality":"St. Paul","addressRegion":"MN"}}},{"name":"In the Minnesota Governor Records, 1858-1859, 1 cubic foot.","recordType":["Papers"],"description":"The collection includes the gubernatorial records of Henry Hastings Sibley, while he was governor of Minnesota. The records contain accounting records, appointment records, records concerning charges against public officials, letters received, attorney general's opinions, and records relating to pardons and reprieves. Also included are poll books from Goodhue, LeSueur, McLeod, and Rice counties documenting the election for the first two amendments to the state constitution (April 15, 1858), as well as accounts of the state's salt lands commission. There is also substantial correspondence concerning railroads. A file list for the records is available in the repository.","recordLocation":{"name":"Minnesota Historical Society","location":{"addressLocality":"St. Paul","addressRegion":"MN"}}},{"name":"In the Minutes and Stock Records, 1857-1859, 2 volumes.","recordType":["Papers"],"description":"Persons represented include Henry H. Sibley.","recordLocation":{"name":"Minnesota Historical Society","location":{"addressLocality":"St. Paul","addressRegion":"MN"}}},{"name":"In the William Pitt Murray and Family Papers, 1836-1944, 2.25 cubic feet.","recordType":["Papers"],"description":"Correspondents include Henry Hastings Sibley. An inventory for the papers is available in the repository.","recordLocation":{"name":"Minnesota Historical Society","location":{"addressLocality":"St. Paul","addressRegion":"MN"}}},{"name":"In the John Nicols and Family Papers, 1818-1873, 0.4 cubic foot.","recordType":["Papers"],"description":"Other authors include Henry Hastings Sibley. An inventory for the papers is available in the repository.","recordLocation":{"name":"Minnesota Historical Society","location":{"addressLocality":"St. Paul","addressRegion":"MN"}}},{"name":"In the William Cox Pope and Family Papers, 1858-1976, 2 cubic feet.","recordType":["Papers"],"description":"Other authors include Henry Hastings Sibley. An inventory for the papers is available in the repository.","recordLocation":{"name":"Minnesota Historical Society","location":{"addressLocality":"St. Paul","addressRegion":"MN"}}},{"name":"In the Ramsey County Pioneer Association Records, 1871-1886, 89 items.","recordType":["Papers"],"description":"Other authors include Henry Hastings Sibley. An inventory for the papers is available in the repository.","recordLocation":{"name":"Minnesota Historical Society","location":{"addressLocality":"St. Paul","addressRegion":"MN"}}},{"name":"In the Recommendation of Wounded Man (Ta-o-pe), 1862, 1 item.","recordType":["Microfilm"],"description":"States that Ta-o-pe is a civilized Dakota who aided the whites during the Dakota Conflict.","recordLocation":{"name":"Minnesota Historical Society","location":{"addressLocality":"St. Paul","addressRegion":"MN"}}},{"name":"In the Records of Company F, 1862-1863, 1 volume.","recordType":["Papers"],"description":"The Rangers, commanded by Colonel Samuel McPhail, accompanied General Henry H. Sibley on his punitive expedition against the Dakota in 1863.","recordLocation":{"name":"Minnesota Historical Society","location":{"addressLocality":"St. Paul","addressRegion":"MN"}}},{"name":"In the Stephen R. Riggs and Family Papers, 1837-1958, 1.75 cubic feet.","recordType":["Papers"],"description":"Other authors include Henry Hastings Sibley. An inventory for the papers is available in the repository.","recordLocation":{"name":"Minnesota Historical Society","location":{"addressLocality":"St. Paul","addressRegion":"MN"}}},{"name":"In the Daniel A. Robertson and Family Papers, 1814-1933, 1 cubic foot.","recordType":["Papers"],"description":"Correspondents include Henry Hastings Sibley. An inventory for the papers is available in the repository.","recordLocation":{"name":"Minnesota Historical Society","location":{"addressLocality":"St. Paul","addressRegion":"MN"}}},{"name":"In the Selected Land Records Relating to Henry Hastings Sibley, Alexander Faribault, and Pierre Chouteau, Jr., 1854-1922, 1 folder.","recordType":["Papers"],"description":"Persons represented include Henry Hastings Sibley.","recordLocation":{"name":"Minnesota Historical Society","location":{"addressLocality":"St. Paul","addressRegion":"MN"}}},{"name":"In the Rollin L. Smith Papers, [undated] and 1938-1941, 0.5 cubic foot.","recordType":["Papers"],"description":"Persons represented include Henry Hastings Sibley.","recordLocation":{"name":"Minnesota Historical Society","location":{"addressLocality":"St. Paul","addressRegion":"MN"}}},{"name":"In the St. Paul's Church-on-the-Hill (Saint Paul, Minn.) Records, 1874-1988, 3.25 cubic feet.","recordType":["Papers"],"description":"Other authors include Henry Hastings Sibley. A container list for the papers is available in the repository.","recordLocation":{"name":"Minnesota Historical Society","location":{"addressLocality":"St. Paul","addressRegion":"MN"}}},{"name":"In the John Steele and Family Papers, ca. 1780-1883, 0.25 cubic feet.","recordType":["Papers"],"description":"Correspondents include Henry Hastings Sibley.","recordLocation":{"name":"Minnesota Historical Society","location":{"addressLocality":"St. Paul","addressRegion":"MN"}}},{"name":"In the John H. Stevens Papers, 1839-1889, 1.25 cubic feet.","recordType":["Papers"],"description":"Correspondents include Henry Hastings Sibley. An inventory for the papers is available in the repository.","recordLocation":{"name":"Minnesota Historical Society","location":{"addressLocality":"St. Paul","addressRegion":"MN"}}},{"name":"In the James Wickes Taylor Papers, 1834-1957, 11 microfilm reels.","recordType":["Microfilm"],"description":"Other authors include Henry Hastings Sibley.","recordLocation":{"name":"Minnesota Historical Society","location":{"addressLocality":"St. Paul","addressRegion":"MN"}}},{"name":"In the John H. Thurston Papers, 1860-1880, 20 items.","recordType":["Papers"],"description":"Correspondents include Henry Hastings Sibley.","recordLocation":{"name":"Minnesota Historical Society","location":{"addressLocality":"St. Paul","addressRegion":"MN"}}},{"name":"In the U.S. Army Continental Commands Records, Daily Journal of the Sibley Expedition, 1863, 1 microfilm reel.","recordType":["Microfilm"],"description":"The journal appears to be the official daily log of Henry H. Sibley's 1863 punitive expedition against the Dakota Indians from the time it left Camp Pope in Renville County, Minnesota, on June 16, until it returned to Fort Snelling on September 10. The journal was kept by an unspecified member of the expedition, but was frequently annotated in Henry H. Sibley's hand. The original journal is in the National Archives and Records Administration, Record Group 393.","recordLocation":{"name":"Minnesota Historical Society","location":{"addressLocality":"St. Paul","addressRegion":"MN"}}},{"name":"In the U.S. Department of Interior Indian Division Records, 1848-1901, 0.75 cubic foot.","recordType":["Papers"],"description":"Other authors include Henry Hastings Sibley. An inventory for the papers is available in the repository.","recordLocation":{"name":"Minnesota Historical Society","location":{"addressLocality":"St. Paul","addressRegion":"MN"}}},{"name":"In the U.S. Office of Indian Affairs, 1824-1880, 274 microfilm reels.","recordType":["Microfilm"],"description":"Other authors include Henry Hastings Sibley. The original papers are in the National Archives and Records Administration.","recordLocation":{"name":"Minnesota Historical Society","location":{"addressLocality":"St. Paul","addressRegion":"MN"}}},{"name":"In the U.S. Office of Indian Affairs, Letters Received, St. Peters, 1837, 1 microfilm reel.","recordType":["Microfilm"],"description":"Other authors include Henry Hastings Sibley. The original papers are in the National Archives and Records Administration.","recordLocation":{"name":"Minnesota Historical Society","location":{"addressLocality":"St. Paul","addressRegion":"MN"}}},{"name":"In the Horatio P. Van Cleve and Family Papers, 1827-1970, 13.5 cubic feet.","recordType":["Papers"],"description":"Other authors include Henry Hastings Sibley. An inventory for the papers is available in the repository.","recordLocation":{"name":"Minnesota Historical Society","location":{"addressLocality":"St. Paul","addressRegion":"MN"}}},{"name":"In the Whipple-Scandrett Family Papers, 1829-1959, 4.5 cubic feet.","recordType":["Papers"],"description":"Other authors include Henry Hastings Sibley. An inventory for the papers is available in the repository.","recordLocation":{"name":"Minnesota Historical Society","location":{"addressLocality":"St. Paul","addressRegion":"MN"}}},{"name":"In the James W. Taylor Papers, ca. 1834-1957, 42 items and 10 microfilm reels.","recordType":["Papers"],"description":"Correspondents include Henry Hastings Sibley.","recordLocation":{"name":"State Historical Society of North Dakota","location":{"addressLocality":"Bismarck","addressRegion":"ND"}}},{"name":"In the George Bailey Winship Papers, ca. 1922, 0.25 feet.","recordType":["Papers"],"description":"Subjects include Henry Hastings Sibley.","recordLocation":{"name":"State Historical Society of North Dakota","location":{"addressLocality":"Bismarck","addressRegion":"ND"}}},{"name":"1863, 1 volume.","recordType":["Papers"],"description":"Persons represented include Henry Hastings Sibley.","recordLocation":{"name":"Special Collections Department","location":{"addressLocality":"Evanston","addressRegion":"IL"},"parentRecordLocation":{"name":"Northwestern University Libraries","location":{"addressLocality":"Evanston","addressRegion":"IL"}}}},{"name":"1862, 1 item.","recordType":["Papers"],"description":"A letter from Henry Hastings Sibley to the Headquarters of the Department of the Northwest written on December 30, 1862. In the letter, Henry Hastings Sibley requests that the 3rd Regiment of Minnesota Volunteers be furnished with Springfield muskets and be placed in the command of Major General Rosecrans.","recordLocation":{"name":"William E. Barton Collection of Lincolniana","location":{"addressLocality":"Chicago","addressRegion":"IL"},"parentRecordLocation":{"name":"University of Chicago","location":{"addressLocality":"Chicago","addressRegion":"IL"}}}},{"name":"1826-1848, 1 reel.","recordType":["Microfilm"],"description":"This collection includes papers of Minnesota's first governor, Henry Hastings Sibley, during his years as a fur trader, consisting primarily of correspondence among the various American Fur Company agents located in the Wisconsin Territory. The original papers are at the Minnesota Historical Society.","recordLocation":{"name":"River Falls Area Research Center","location":{"addressLocality":"River Falls","addressRegion":"WI"},"parentRecordLocation":{"name":"University of Wisconsin","location":{"addressLocality":"Green Bay","addressRegion":"WI"}}}},{"name":"1826-1848, 1 reel.","recordType":["Microfilm"],"description":"This collection includes papers of Minnesota's first governor, Henry Hastings Sibley, during his years as a fur trader, consisting primarily of correspondence among the various American Fur Company agents located in the Wisconsin Territory. The original papers are at the Minnesota Historical Society.","recordLocation":{"name":"Vaughn Public Library","location":{"addressLocality":"Ashland","addressRegion":"WI"}}},{"name":"In the Lambert A. Martin Letters and Diary, 1861-1863, 64 items.","recordType":["Papers"],"description":"Subjects covered include Henry Hastings Sibley.","recordLocation":{"name":"Western Americana Collection, Beinecke Rare Book and Manuscript Library","location":{"addressLocality":"New Haven","addressRegion":"CT"},"parentRecordLocation":{"name":"Yale University","location":{"addressLocality":"New Haven","addressRegion":"CT"}}}},{"name":"In the Alexander H. Sibley Papers, 1821-1855, 25 items.","recordType":["Papers"],"description":"Correspondents include Henry Hastings Sibley.","recordLocation":{"name":"Manuscripts Department","location":{"addressLocality":"San Marino","addressRegion":"CA"},"parentRecordLocation":{"name":"Huntington Library","location":{"addressLocality":"San Marino","addressRegion":"CA"}}}}]}}
