{"data":{"usCongressBioId":"S000987","familyName":"Strader","givenName":"Peter","middleName":"Wilson","unaccentedFamilyName":"Strader","unaccentedGivenName":"Peter","unaccentedMiddleName":"Wilson","birthDate":"1818","birthCirca":false,"deathDate":"1881","deathCirca":false,"profileText":"A Representative from Ohio; born in Shawnee, Warren County, N.J., November 6, 1818; moved with his parents to Lebanon, Ohio, in 1819; attended the common schools; worked in a printing office for three years; moved to Cincinnati, Ohio, in 1835; connected with the steamboat interests on the Ohio and Mississippi Rivers as a clerk and an engineer 1835-1848; general ticket agent of the Little Miami Railroad 1848-1867; elected as a Democrat to the Forty-first Congress (March 4, 1869-March 3, 1871); was not a candidate for renomination in 1870; resumed his former business interests; moved to Ashtabula, Ohio, in 1876, where he died February 25, 1881; interment in Spring Grove Cemetery, Cincinnati, Ohio.","relationship":[],"asset":[],"jobPositions":[{"job":{"name":"Representative","jobType":"CongressMemberJob"},"congressAffiliation":{"congress":{"name":"The 41st United States Congress","congressNumber":41,"congressType":"USCongress","startDate":"1869-03-04","endDate":"1871-03-03"},"partyAffiliation":[{"party":{"name":"Democrat"}}],"caucusAffiliation":[{"party":{"name":"Democrat"}}],"represents":{"regionType":"StateRegion","regionCode":"OH"},"note":[{"type":"Note","noteType":"FootNote","content":"Election unsuccessfully contested by Benjamin Eggleston."}]}}],"creativeWork":[],"researchRecord":[]}}
