{"data":{"usCongressBioId":"S001031","familyName":"Stuart","givenName":"Andrew","honorificPrefix":"Mr.","unaccentedFamilyName":"Stuart","unaccentedGivenName":"Andrew","birthDate":"1823-08-03","birthCirca":false,"deathDate":"1872-04-30","deathCirca":false,"profileText":"A Representative from Ohio; born near Pittsburgh, Pa., August 3, 1823; moved to Pittsburgh with his mother in 1834; received limited schooling; worked in a newspaper office; moved to Steubenville, Ohio, in 1850; was editor of the American Union 1850-1857; elected as a Democrat to the Thirty-third Congress (March 4, 1853-March 3, 1855); unsuccessful candidate for reelection; engaged in the shipping business on the Gulf of Mexico and in the transportation of mails and supplies from Leavenworth, Kans., to Santa Fe, N.Mex.; resided in Washington, D.C., from 1869 until his death, April 30, 1872; interment in Union Cemetery, Steubenville, Ohio.","relationship":[],"asset":[],"jobPositions":[{"job":{"name":"Representative","jobType":"CongressMemberJob"},"startDate":"1853-03-04","startCirca":false,"congressAffiliation":{"congress":{"name":"The 33rd United States Congress","congressNumber":33,"congressType":"USCongress","startDate":"1853-03-04","endDate":"1855-03-03"},"partyAffiliation":[{"party":{"name":"Democrat"}}],"caucusAffiliation":[{"party":{"name":"Democrat"}}],"represents":{"regionType":"DistrictRegion","regionCode":"OH"}}}],"creativeWork":[],"researchRecord":[]}}
