{"data":{"usCongressBioId":"S001070","familyName":"Sumner","givenName":"Daniel","middleName":"Hadley","unaccentedFamilyName":"Sumner","unaccentedGivenName":"Daniel","unaccentedMiddleName":"Hadley","birthDate":"1837","birthCirca":false,"deathDate":"1903","deathCirca":false,"profileText":"A Representative from Wisconsin; born in Malone, Franklin County, N.Y., September 15, 1837; moved to Michigan in 1843 with his parents, who settled in Richland; attended the common schools and Prairie Seminary, Richland, Mich.; studied law; was admitted to the bar in 1868 and commenced practice in Kalamazoo, Mich.; moved to Oconomowoc, Wis., in 1868 and practiced law; also published the La Belle Mirror; moved to Waukesha, Wis., in 1870 and continued the practice of his profession; town superintendent of schools; member of the county board of supervisors; district attorney of Waukesha County in 1876 and 1877; elected as a Democrat to the Forty-eighth Congress (March 4, 1883-March 3, 1885); was not a candidate for renomination in 1884; resumed the practice of law; died in Waukesha, Wis., May 29, 1903; interment in Prairie Home Cemetery.","relationship":[],"asset":[],"jobPositions":[{"job":{"name":"Representative","jobType":"CongressMemberJob"},"congressAffiliation":{"congress":{"name":"The 48th United States Congress","congressNumber":48,"congressType":"USCongress","startDate":"1883-12-03","endDate":"1885-03-04"},"partyAffiliation":[{"party":{"name":"Democrat"}}],"caucusAffiliation":[{"party":{"name":"Democrat"}}],"represents":{"regionType":"StateRegion","regionCode":"WI"}}}],"creativeWork":[],"researchRecord":[]}}
