{"data":{"usCongressBioId":"S001030","familyName":"Stuart","givenName":"Alexander","middleName":"Hugh Holmes","honorificPrefix":"Mr.","unaccentedFamilyName":"Stuart","unaccentedGivenName":"Alexander","unaccentedMiddleName":"Hugh Holmes","birthDate":"1807-04-02","birthCirca":false,"deathDate":"1891-02-13","deathCirca":false,"profileText":"A Representative from Virginia; born in Staunton, Va., April 2, 1807; attended Staunton Academy and the College of William and Mary, Williamsburg, Va.; was graduated from the University of Virginia at Charlottesville in 1828; studied law; was admitted to the bar in 1828 and commenced practice in Staunton; member of the State house of delegates 1836-1839; elected as a Whig to the Twenty-seventh Congress (March 4, 1841-March 3, 1843); unsuccessful candidate for reelection in 1842 to the Twenty-eighth Congress; served as Secretary of the Interior in the Cabinet of President Fillmore from September 16, 1850, to March 6, 1853; member of the State senate 1857-1861; member of the State secession convention in 1861; delegate to the National Convention of Conservatives at Philadelphia in 1866; presented credentials as a Member-elect to the Thirty-ninth Congress in 1865 but was not admitted; chairman of the committee of nine, which was instrumental in restoring Virginia to the Union in 1870; member of the State house of delegates from 1874 to 1877; rector of the University of Virginia from 1874 to 1882; president of the Virginia Historical Society; resumed the practice of law; died in Staunton, Va., February 13, 1891; interment in Thornrose Cemetery.","relationship":[{"relationshipType":"cousin","relatedTo":{"usCongressBioId":"S001032","familyName":"Stuart","givenName":"Archibald","honorificPrefix":"Mr.","unaccentedFamilyName":"Stuart","unaccentedGivenName":"Archibald","birthDate":"1795-12-02","birthCirca":false,"deathDate":"1855-09-20","deathCirca":false}}],"asset":[],"jobPositions":[{"job":{"name":"Representative","jobType":"CongressMemberJob"},"startDate":"1841-03-04","startCirca":false,"congressAffiliation":{"congress":{"name":"The 27th United States Congress","congressNumber":27,"congressType":"USCongress","startDate":"1841-03-04","endDate":"1843-03-03"},"partyAffiliation":[{"party":{"name":"Whig"}}],"caucusAffiliation":[{"party":{"name":"Whig"}}],"represents":{"regionType":"DistrictRegion","regionCode":"VA"}}}],"creativeWork":[{"freeFormCitationText":"Robertson, Alexander F. <i>Alexander Hugh Holmes Stuart, 1807-1891: A Biography.</i> Richmond: The William Byrd Press, 1925."},{"freeFormCitationText":"Stuart, Alexander Hugh Holmes. <i>A narrative of the leading incidents of the organization of the first popular movement in Virginia in 1865 to re-establish peaceful relations between the Northern and Southern States, and of the subsequent efforts of the \"Committee of Nine,\" in 1869, to secure the restoration of Virginia to the Union</i>. Richmond: W. E. Jones, 1888. Reprint, [New York: AMS Press, 1973]."},{"freeFormCitationText":"------. <i>The recent revolution; its causes and its consequences, and the duties and responsibilities which it has imposed on the people, and especially the young men, of the South</i>. Richmond: Printed at the <i>Examiner Job</i> Office, 1866."},{"freeFormCitationText":"------. <i>Speech of Mr. Stuart, of Virginia, on the bill to incorporate the subscribers to the fiscal bank of the United States. Delivered in the House of Representatives, August 2, 1841</i>. Washington: Printed by Gales and Seaton, 1841."}],"researchRecord":[{"name":"1790-1868. 33 items.","recordType":["Papers"],"recordLocation":{"name":"Manuscript Division","location":{"addressLocality":"Washington","addressRegion":"DC"},"parentRecordLocation":{"name":"Library of Congress","location":{"addressLocality":"Washington","addressRegion":"DC"}}}},{"name":"1 letter.","recordType":["Papers"],"recordLocation":{"name":"Boston Public Library","location":{"addressLocality":"Boston","addressRegion":"MA"}}},{"name":"1791-1928. ca. 500 items.","recordType":["Papers"],"description":"Family correspondence and material relating to the Department of Interior, political parties, the University of Virginia, and Reconstruction.","recordLocation":{"name":"University of Virginia Library","location":{"addressLocality":"Charlottesville","addressRegion":"VA"}}},{"name":"Correspondence in papers of Archibald Stuart and Briscoe G. Baldwin, 1742-1865. 10 feet (ca. 4,500 items).","recordType":["Papers"],"recordLocation":{"name":"University of Virginia Library","location":{"addressLocality":"Charlottesville","addressRegion":"VA"}}},{"name":"In the McCue and Robertson family papers, 1831-1927. 131 items.","recordType":["Papers"],"description":"Collection has been analyzed by repository.","recordLocation":{"name":"Virginia Historical Society","location":{"addressLocality":"Richmond","addressRegion":"VA"}}},{"name":"In Stuart family papers, 1757-1888. 1,233 items.","recordType":["Papers"],"description":"Collection has been analyzed by repository.","recordLocation":{"name":"Virginia Historical Society","location":{"addressLocality":"Richmond","addressRegion":"VA"}}},{"name":"1768-1912. 650 items.","recordType":["Papers"],"description":"Personal and business papers and correspondence. In part copies of originals at Mary Baldwin College. Finding aid in repository.","recordLocation":{"name":"Archives Branch","location":{"addressLocality":"Richmond","addressRegion":"VA"},"parentRecordLocation":{"name":"Virginia State Library and Archives","location":{"addressLocality":"Richmond","addressRegion":"VA"}}}},{"name":"1875. 1 item.","recordType":["Papers"],"description":"Letter to F.S. Woods. Finding aid in repository.","recordLocation":{"name":"Archives Branch","location":{"addressLocality":"Richmond","addressRegion":"VA"},"parentRecordLocation":{"name":"Virginia State Library and Archives","location":{"addressLocality":"Richmond","addressRegion":"VA"}}}},{"name":"1864. 1 item.","recordType":["Papers"],"description":"Judah P. Benjamin to Stuart. Finding aid in repository.","recordLocation":{"name":"Archives Branch","location":{"addressLocality":"Richmond","addressRegion":"VA"},"parentRecordLocation":{"name":"Virginia State Library and Archives","location":{"addressLocality":"Richmond","addressRegion":"VA"}}}},{"name":"In the Colonel James Lilley testimonial book, 1857-1861. 1 volume.","recordType":["Papers"],"description":"Finding aid in repository.","recordLocation":{"name":"Archives Branch","location":{"addressLocality":"Richmond","addressRegion":"VA"},"parentRecordLocation":{"name":"Virginia State Library and Archives","location":{"addressLocality":"Richmond","addressRegion":"VA"}}}},{"name":"In Tazewell family papers, 1780-1867 (1931). 4,700 items and 14 volumes.","recordType":["Papers"],"description":"Personal and business papers and correspondence. Finding aid in repository.","recordLocation":{"name":"Archives Branch","location":{"addressLocality":"Richmond","addressRegion":"VA"},"parentRecordLocation":{"name":"Virginia State Library and Archives","location":{"addressLocality":"Richmond","addressRegion":"VA"}}}},{"name":"In the Vanmeter family papers, 1773-1855. 1,000 items.","recordType":["Papers"],"description":"Personal papers and correspondence. Finding aid in repository.","recordLocation":{"name":"Archives Branch","location":{"addressLocality":"Richmond","addressRegion":"VA"},"parentRecordLocation":{"name":"Virginia State Library and Archives","location":{"addressLocality":"Richmond","addressRegion":"VA"}}}},{"name":"In Washington and Lee University miscellaneous manuscript collection, 1777-1869. 37 items.","recordType":["Papers"],"description":"Personal and business papers and correspondence. Copies of originals at Washington and Lee. Finding aid in repository.","recordLocation":{"name":"Archives Branch","location":{"addressLocality":"Richmond","addressRegion":"VA"},"parentRecordLocation":{"name":"Virginia State Library and Archives","location":{"addressLocality":"Richmond","addressRegion":"VA"}}}}]}}
