{"data":{"usCongressBioId":"S001023","familyName":"Strother","givenName":"George","middleName":"French","honorificPrefix":"Mr.","unaccentedFamilyName":"Strother","unaccentedGivenName":"George","unaccentedMiddleName":"French","birthDate":"1783","birthCirca":false,"birthDateUnknown":false,"deathDate":"1840-11-28","deathCirca":false,"deathDateUnknown":false,"profileText":"a Representative from Virginia; born in Stevensburg, Culpeper County, Va., in 1783; attended the College of William and Mary, Williamsburg, Va.; studied law; was admitted to the bar and commenced practice in Culpeper; member of the Virginia state house of delegates, 1806-1809; elected as a Democratic Republican to the Fifteenth and to the succeeding Congress and served from March 4, 1817, until his resignation February 10, 1820; receiver of public moneys at St. Louis, Mo.; died in St. Louis November 28, 1840; interment in Christ Church Cemetery; reinterment in Bellefontaine Cemetery in 1860.","relationship":[{"relationshipType":"great-grandfather","relatedTo":{"usCongressBioId":"S001024","familyName":"Strother","givenName":"James","middleName":"French","honorificPrefix":"Mr.","unaccentedFamilyName":"Strother","unaccentedGivenName":"James","unaccentedMiddleName":"French","birthDate":"1868-06-29","birthCirca":false,"deathDate":"1930-04-10","deathCirca":false}},{"relationshipType":"father","relatedTo":{"usCongressBioId":"S001025","familyName":"Strother","givenName":"James","middleName":"French","honorificPrefix":"Mr.","unaccentedFamilyName":"Strother","unaccentedGivenName":"James","unaccentedMiddleName":"French","birthDate":"1811-09-04","birthCirca":false,"deathDate":"1860-09-20","deathCirca":false}}],"asset":[],"jobPositions":[{"job":{"name":"Representative","jobType":"CongressMemberJob"},"startDate":"1817-12-01","startCirca":false,"endCirca":false,"congressAffiliation":{"congress":{"name":"The 15th United States Congress","congressNumber":15,"congressType":"USCongress","startDate":"1817-03-04","endDate":"1819-03-03"},"partyAffiliation":[{"party":{"name":"Democratic Republican"},"startCirca":false,"endCirca":false}],"caucusAffiliation":[{"party":{"name":"Democratic Republican"},"startCirca":false,"endCirca":false}],"represents":{"regionType":"DistrictRegion","regionCode":"VA"}}},{"job":{"name":"Representative","jobType":"CongressMemberJob"},"startDate":"1819-12-06","startCirca":false,"endDate":"1820-02-10","endCirca":false,"departureReason":"Resigned","congressAffiliation":{"congress":{"name":"The 16th United States Congress","congressNumber":16,"congressType":"USCongress","startDate":"1819-12-06","endDate":"1821-03-03"},"departureReason":"Resigned","partyAffiliation":[{"party":{"name":"Democratic Republican"},"startCirca":false,"endCirca":false}],"caucusAffiliation":[{"party":{"name":"Democratic Republican"},"startCirca":false,"endCirca":false}],"represents":{"regionType":"DistrictRegion","regionCode":"VA"},"note":[{"type":"Note","content":"Resigned February 10, 1820.","noteType":"FootNote"}]}}],"creativeWork":[],"researchRecord":[],"deleted":false}}
