{"data":{"usCongressBioId":"S001132","familyName":"Sykes","givenName":"James","unaccentedFamilyName":"Sykes","unaccentedGivenName":"James","birthDate":"1725","birthCirca":false,"deathDate":"1792","deathCirca":false,"profileText":"A Delegate from Delaware; born in 1725; studied law; was admitted to the bar and commenced practice; lieutenant in Capt. Caesar Rodney's company of Dover Militia in 1756; member of the council of safety in 1776; delegate to the state constitutional convention held at New Castle, Del., in 1776; member of the Continental Congress in 1777; clerk of the peace 1777-1792; prothonotary of Kent County 1777-1793; served in the state council in 1780; member of the state legislature which ratified the Federal Constitution on December 7, 1787; again a delegate to the state constitutional convention in 1790; judge of the High Court of Errors and Appeals of Delaware; died in Dover, Del., April 4, 1792; interment in the burial ground of Christ Church.","relationship":[],"asset":[],"jobPositions":[{"job":{"name":"Delegate","jobType":"CongressMemberJob"},"congressAffiliation":{"congress":{"name":"The 2nd Continental Congress","congressNumber":2,"congressType":"ContinentalCongress","startDate":"1775-05-10","endDate":"1781-03-01"},"represents":{"regionType":"StateRegion","regionCode":"DE"}}}],"creativeWork":[],"researchRecord":[{"name":"ca. 1775-1786, 3 items.","recordType":["Papers"],"description":"These items contain three letter from Sophia Byron to James Sykes written between 1775 and 1786. Topics covered include money matters, the will of Admiral Byron, the wife of Admiral Byron, and the grandmother of the poet Byron.","recordLocation":{"name":"Department of Literary and Historical Manuscripts","location":{"addressLocality":"New York","addressRegion":"NY"},"parentRecordLocation":{"name":"The Morgan Library","location":{"addressLocality":"New York","addressRegion":"NY"}}}},{"name":"1783, 1 item.","recordType":["Papers"],"description":"A letter from John Byron to James Sykes written on September 17, 1783. In the letter, John Byron asks for money for his daughter's marriage.","recordLocation":{"name":"Department of Literary and Historical Manuscripts","location":{"addressLocality":"New York","addressRegion":"NY"},"parentRecordLocation":{"name":"The Morgan Library","location":{"addressLocality":"New York","addressRegion":"NY"}}}},{"name":"1784, 1 item.","recordType":["Papers"],"description":"A letter from John Byron to James Sykes written on March 14, 1784. In the letter, John Byron asks James Sykes for money.","recordLocation":{"name":"Department of Literary and Historical Manuscripts","location":{"addressLocality":"New York","addressRegion":"NY"},"parentRecordLocation":{"name":"The Morgan Library","location":{"addressLocality":"New York","addressRegion":"NY"}}}}]}}
