{"data":{"usCongressBioId":"S001019","familyName":"Strong","givenName":"Sterling","middleName":"Price","honorificPrefix":"Mr.","unaccentedFamilyName":"Strong","unaccentedGivenName":"Sterling","unaccentedMiddleName":"Price","birthDate":"1862-08-17","birthCirca":false,"deathDate":"1936-03-28","deathCirca":false,"profileText":"A Representative from Texas; born on a farm near Jefferson City, Cole County, Mo., August 17, 1862; moved to Texas in 1871 with his parents, who settled in Montague County; attended the rural schools of Montague County, Tex., and was graduated from Eastman's National Business College, Poughkeepsie, N.Y., in 1884; county clerk of Montague County 1884-1888 and 1898-1904; engrossing clerk of the State senate in 1889; county and district clerk of Hale County 1889-1892; traveling salesman 1892-1898 and 1911-1932; cashier in the National Bank of Bowie, Tex., 1908-1911; member of Texas State Democratic executive committee 1900-1902; unsuccessful candidate for Lieutenant Governor of Texas in 1930; elected as a Democrat to the Seventy-third Congress (March 4, 1933-January 3, 1935); unsuccessful candidate for renomination in 1934; died in Dallas, Tex., March 28, 1936; interment in Old Oak Cliff Cemetery.","relationship":[],"asset":[],"jobPositions":[{"job":{"name":"Representative","jobType":"CongressMemberJob"},"startDate":"1933-03-04","startCirca":false,"congressAffiliation":{"congress":{"name":"The 73rd United States Congress","congressNumber":73,"congressType":"USCongress","startDate":"1933-03-04","endDate":"1935-01-03"},"partyAffiliation":[{"party":{"name":"Democrat"}}],"caucusAffiliation":[{"party":{"name":"Democrat"}}],"represents":{"regionType":"StateRegion","regionCode":"TX"}}}],"creativeWork":[],"researchRecord":[]}}
