{"data":{"usCongressBioId":"S001074","familyName":"Sumter","givenName":"Thomas","middleName":"De Lage","honorificPrefix":"Mr.","unaccentedFamilyName":"Sumter","unaccentedGivenName":"Thomas","unaccentedMiddleName":"De Lage","birthDate":"1809-11-14","birthCirca":false,"deathDate":"1874-07-02","deathCirca":false,"profileText":"A Representative from South Carolina; born in Germantown, Pa., November 14, 1809; attended the common schools at Edgehill, near Stateburg, S.C.; was graduated from the United States Military Academy at West Point, N.Y., in 1835; entered the United States Army as first lieutenant the same year and served until 1841, attaining the rank of colonel; engaged in the war against the Seminole Indians; moved to Stateburg, S.C.; elected as a Democrat to the Twenty-sixth and Twenty-seventh Congresses (March 4, 1839-March 3, 1843); was not a candidate for renomination; engaged in teaching, surveying, and agricultural pursuits; connected as agent with the South Carolina Railroad Co.; died on his plantation, ``South Mount,'' near Stateburg, S.C., July 2, 1874; interment in the private burial ground on his estate.","relationship":[{"relationshipType":"grandson","relatedTo":{"usCongressBioId":"S001073","familyName":"Sumter","givenName":"Thomas","honorificPrefix":"Mr.","unaccentedFamilyName":"Sumter","unaccentedGivenName":"Thomas","birthDate":"1734-08-14","birthCirca":false,"deathDate":"1832-06-01","deathCirca":false}}],"asset":[],"jobPositions":[{"job":{"name":"Representative","jobType":"CongressMemberJob"},"startDate":"1839-03-04","startCirca":false,"congressAffiliation":{"congress":{"name":"The 26th United States Congress","congressNumber":26,"congressType":"USCongress","startDate":"1839-12-02","endDate":"1841-03-03"},"partyAffiliation":[{"party":{"name":"Democrat"}}],"caucusAffiliation":[{"party":{"name":"Democrat"}}],"represents":{"regionType":"DistrictRegion","regionCode":"SC"}}},{"job":{"name":"Representative","jobType":"CongressMemberJob"},"startDate":"1841-03-04","startCirca":false,"congressAffiliation":{"congress":{"name":"The 27th United States Congress","congressNumber":27,"congressType":"USCongress","startDate":"1841-03-04","endDate":"1843-03-03"},"partyAffiliation":[{"party":{"name":"Democrat"}}],"caucusAffiliation":[{"party":{"name":"Democrat"}}],"represents":{"regionType":"DistrictRegion","regionCode":"SC"}}}],"creativeWork":[],"researchRecord":[]}}
