{"data":{"usCongressBioId":"S001047","familyName":"Sturges","givenName":"Jonathan","honorificPrefix":"Mr.","unaccentedFamilyName":"Sturges","unaccentedGivenName":"Jonathan","birthDate":"1740-08-23","birthCirca":false,"deathDate":"1819-10-04","deathCirca":false,"profileText":"A Delegate and a Representative from Connecticut; born in Fairfield, Conn., August 23, 1740; was graduated from Yale College in 1759; was admitted to the bar in May 1772 and commenced practice in Fairfield, Conn.; member of the state house of representatives in 1772 and 1773-1784; justice of the peace in 1773; Member of the Continental Congress in 1786; judge of the probate court for the district of Fairfield in 1775; again a member of the state house of representatives in 1786; elected as a Pro-Administration candidate to the First and Second Congresses (March 4, 1789-March 3, 1793); associate justice of the state supreme court 1793-1805; died in Fairfield, Fairfield County, Conn., October 4, 1819; interment in the Old Burying Ground.","relationship":[{"relationshipType":"father","relatedTo":{"usCongressBioId":"S001048","familyName":"Sturges","givenName":"Lewis","middleName":"Burr","honorificPrefix":"Mr.","unaccentedFamilyName":"Sturges","unaccentedGivenName":"Lewis","unaccentedMiddleName":"Burr","birthDate":"1763-03-15","birthCirca":false,"deathDate":"1844-03-30","deathCirca":false}}],"asset":[],"jobPositions":[{"job":{"name":"Delegate","jobType":"CongressMemberJob"},"congressAffiliation":{"congress":{"name":"The Confederation Congress","congressNumber":1,"congressType":"ConfederationCongress","startDate":"1781-03-01","endDate":"1789-03-02"},"represents":{"regionType":"StateRegion","regionCode":"CT"}}},{"job":{"name":"Delegate","jobType":"CongressMemberJob"},"startDate":"1786","startCirca":true,"congressAffiliation":{"congress":{"name":"The Confederation Congress","congressNumber":1,"congressType":"ConfederationCongress","startDate":"1781-03-01","endDate":"1789-03-02"},"caucusAffiliation":[{"party":{"name":"NA"}}],"represents":{"regionType":"StateRegion","regionCode":"CT"}}},{"job":{"name":"Representative","jobType":"CongressMemberJob"},"startDate":"1789-03-04","startCirca":false,"congressAffiliation":{"congress":{"name":"The 1st United States Congress","congressNumber":1,"congressType":"USCongress","startDate":"1789-03-04","endDate":"1791-03-03"},"partyAffiliation":[{"party":{"name":"Pro-Administration"}}],"caucusAffiliation":[{"party":{"name":"Pro-Administration"}}],"represents":{"regionType":"StateRegion","regionCode":"CT"}}},{"job":{"name":"Representative","jobType":"CongressMemberJob"},"startDate":"1791-10-24","startCirca":false,"congressAffiliation":{"congress":{"name":"The 2nd United States Congress","congressNumber":2,"congressType":"USCongress","startDate":"1791-03-04","endDate":"1793-03-02"},"partyAffiliation":[{"party":{"name":"Pro-Administration"}}],"caucusAffiliation":[{"party":{"name":"Pro-Administration"}}],"represents":{"regionType":"StateRegion","regionCode":"CT"}}}],"creativeWork":[],"researchRecord":[{"name":"In the Chauncey Family Papers, ca. 1675-1928, 8 linear feet.","recordType":["Papers"],"description":"Subjects include Jonathan Sturges. An unpublished finding aid is available in the repository.","recordLocation":{"name":"Manuscripts and Archives","location":{"addressLocality":"New Haven","addressRegion":"CT"},"parentRecordLocation":{"name":"Yale University Library","location":{"addressLocality":"New Haven","addressRegion":"CT"}}}},{"name":"1770-1810. 11 items in various collections.","recordType":["Papers"],"description":"Index in repository.","recordLocation":{"name":"Connecticut Historical Society","location":{"addressLocality":"Hartford","addressRegion":"CT"}}},{"name":"At least 1 item (1789) in the Benjamin Goodhue letters.","recordType":["Papers"],"recordLocation":{"name":"New York Society Library","location":{"addressLocality":"New York","addressRegion":"NY"}}}]}}
