{"data":{"usCongressBioId":"S001017","familyName":"Strong","givenName":"Solomon","honorificPrefix":"Mr.","unaccentedFamilyName":"Strong","unaccentedGivenName":"Solomon","birthDate":"1780-03-02","birthCirca":false,"deathDate":"1850-09-16","deathCirca":false,"profileText":"A Representative from Massachusetts; born in Amherst, Mass., March 2, 1780; was graduated from Williams College, Williamstown, Mass., in 1798; studied law; was admitted to the bar in Northampton, Mass., in 1800 and commenced the practice of law; member of the State senate in 1812 and 1813; judge of the circuit court of common pleas in 1818 and judge of the court of common pleas from 1821 until his resignation in 1842; elected as a Federalist to the Fourteenth and Fifteenth Congresses (March 4, 1815-March 3, 1819); was not a candidate for renomination in 1818; again a member of the State senate in 1843 and 1844; died in Leominster, Mass., on September 16, 1850; interment in Evergreen Cemetery.","relationship":[],"asset":[],"jobPositions":[{"job":{"name":"Representative","jobType":"CongressMemberJob"},"startDate":"1815-12-04","startCirca":false,"congressAffiliation":{"congress":{"name":"The 14th United States Congress","congressNumber":14,"congressType":"USCongress","startDate":"1815-12-04","endDate":"1817-03-03"},"partyAffiliation":[{"party":{"name":"Federalist"}}],"caucusAffiliation":[{"party":{"name":"Federalist"}}],"represents":{"regionType":"StateRegion","regionCode":"MA"},"note":[{"type":"Note","noteType":"FootNote","content":"Represented district of Worcester - North."}]}},{"job":{"name":"Representative","jobType":"CongressMemberJob"},"startDate":"1817-12-01","startCirca":false,"congressAffiliation":{"congress":{"name":"The 15th United States Congress","congressNumber":15,"congressType":"USCongress","startDate":"1817-03-04","endDate":"1819-03-03"},"partyAffiliation":[{"party":{"name":"Federalist"}}],"caucusAffiliation":[{"party":{"name":"Federalist"}}],"represents":{"regionType":"StateRegion","regionCode":"MA"},"note":[{"type":"Note","noteType":"FootNote","content":"Represented district of Worcester - North."}]}}],"creativeWork":[],"researchRecord":[{"name":"3 letters.","recordType":["Papers"],"recordLocation":{"name":"Boston Public Library","location":{"addressLocality":"Boston","addressRegion":"MA"}}}]}}
