{"data":{"usCongressBioId":"S001053","familyName":"Sullivan","givenName":"James","unaccentedFamilyName":"Sullivan","unaccentedGivenName":"James","birthDate":"1744","birthCirca":false,"deathDate":"1808","deathCirca":false,"profileText":"(Brother of John Sullivan and uncle of George Sullivan), a Delegate from Massachusetts; born in Berwick, Maine (then a part of Massachusetts), April 22, 1744; completed preparatory studies; studied law; was admitted to the bar about 1782 and commenced practice in Biddeford; King's attorney for York County; active in pre-Revolutionary movements; member of the Provincial Congress of Massachusetts in 1774 and 1775; member of the general court in 1775 and 1776; justice of the superior court 1776-1782; elected to the Continental Congress in 1782 and 1783 but did not attend; member of the executive council in 1787; judge of probate for Suffolk County in 1788; state attorney general 1790-1807; governor of Massachusetts in 1807 and 1808; died in Boston, Mass., December 10, 1808; interment in Central Boston Common Cemetery.","relationship":[],"asset":[],"jobPositions":[],"creativeWork":[{"freeFormCitationText":"Sprague, John Francis.<i> Three Men from Maine: Sir William Pepperrell, Sir William Phips, James Sullivan</i>. And <i>A Bit of Old England in New England</i> by Bertram E. Packard. Dover-Foxcroft, Maine: Sprague's Journal of Maine History, 1924."},{"freeFormCitationText":"Sullivan, James. <i>The History of Land Titles in Massachusetts</i>. 1801. Reprint, buffalo: W. S. Hein, 1981."},{"freeFormCitationText":"------. <i>History of the District of Maine</i>. 1795. Reprint, Augusta: Maine State Museum, [1970]."},{"freeFormCitationText":"------. <i>An Impartial Review of the Causes and Principles of the French Revolution</i>. Boston: Printed by Benjamin Edes, 1798."},{"freeFormCitationText":"------. <i>Interesting Correspondence Between His Excellency Governor Sullivan and Col. Pickering; in which the Latter Vindicates Himself Against the Groundless Charges Made Against Him by the Governor and Others</i>. Newburyport: From the Herald-Office. Sold at the Bookstore of Thomas &amp; Whipple, 1808."},{"freeFormCitationText":"------. <i>The Path to Riches. An Inquity into the Origin and Use of Money, and Into the Principles of Stocks and Banks. To Which are Subjoined Some Thoughts Respecting a Bank for the Commonwealth. By a Citizen of Massachusetts</i>. 1792. Reprint, [New York: Reprinted, W. Abbatt, 1933]."}],"researchRecord":[{"name":"1770-1809, 2 boxes.","recordType":["Papers"],"description":"Transcripts of letters, newspaper columns, and other documents written by James Sullivan, including some during his term as governor of Massachusetts (1807-1808), notes, and drafts, apparently collected and created by Thomas C. Amory in preparation of his \"Life of James Sullivan\" (Boston: 1859). The collection also includes some transcripts of material on John Sullivan, presumably gathered for Amory's \"Military Services and Public Life of Major General John Sullivan, of the American Revolutionary Army\" (Boston: 1868).","recordLocation":{"name":"Massachusetts Historical Society","url":"http://thomasjeffersonpapers.org/independence","location":{"addressLocality":"Boston","addressRegion":"MA"}}},{"name":"1793-1808, 1 folder.","recordType":["Papers"],"description":"Five personal letters (with partial typescripts) from James Sullivan, attorney general of Massachusetts, to his brother-in-law and fellow Federalist James Langdon of New Hampshire. Topics include a legal case, introductions, James Sullivan's attempts to procure a \"chariot\" in Philadelphia, plans for visits, and the health of family.","recordLocation":{"name":"Massachusetts Historical Society","url":"http://thomasjeffersonpapers.org/independence","location":{"addressLocality":"Boston","addressRegion":"MA"}}},{"name":"In the Elbridge Gerry Papers, ca. 1706-1830, 3 boxes and 1 oversize volume.","recordType":["Papers"],"description":"Correspondents include James Sullivan.","recordLocation":{"name":"Massachusetts Historical Society","url":"http://thomasjeffersonpapers.org/independence","location":{"addressLocality":"Boston","addressRegion":"MA"}}},{"name":"In the Elbridge Gerry Papers, ca. 1772-1936, 8 boxes.","recordType":["Papers"],"description":"Correspondents include James Sullivan.","recordLocation":{"name":"Massachusetts Historical Society","url":"http://thomasjeffersonpapers.org/independence","location":{"addressLocality":"Boston","addressRegion":"MA"}}},{"name":"In the Elbridge Gerry Papers II, 1770-1848, 2 boxes.","recordType":["Papers"],"description":"Correspondents include James Sullivan.","recordLocation":{"name":"Massachusetts Historical Society","url":"http://thomasjeffersonpapers.org/independence","location":{"addressLocality":"Boston","addressRegion":"MA"}}},{"name":"In the Northeast Boundary Papers, 1796-1799, 1 narrow box.","recordType":["Papers"],"description":"Persons represented include James Sullivan.","recordLocation":{"name":"Massachusetts Historical Society","url":"http://thomasjeffersonpapers.org/independence","location":{"addressLocality":"Boston","addressRegion":"MA"}}},{"name":"In the Harrison Gray Otis Papers II, 1660-1852, 1 narrow box.","recordType":["Papers"],"description":"Persons represented include James Sullivan.","recordLocation":{"name":"Massachusetts Historical Society","url":"http://thomasjeffersonpapers.org/independence","location":{"addressLocality":"Boston","addressRegion":"MA"}}},{"name":"In the Sullivan Family Papers, 1735-1857, 1 box, 1 case, and 1 oversize container.","recordType":["Papers"],"description":"Persons represented include James Sullivan.","recordLocation":{"name":"Massachusetts Historical Society","url":"http://thomasjeffersonpapers.org/independence","location":{"addressLocality":"Boston","addressRegion":"MA"}}},{"name":"In the Thacher Family Papers II, 1788-1791, 1 narrow box.","recordType":["Papers"],"description":"Correspondents include James Sullivan.","recordLocation":{"name":"Massachusetts Historical Society","url":"http://thomasjeffersonpapers.org/independence","location":{"addressLocality":"Boston","addressRegion":"MA"}}}]}}
