{"data":{"usCongressBioId":"S001111","familyName":"Sweetser","givenName":"Charles","honorificPrefix":"Mr.","unaccentedFamilyName":"Sweetser","unaccentedGivenName":"Charles","birthDate":"1808-01-22","birthCirca":false,"deathDate":"1864-04-14","deathCirca":false,"profileText":"A Representative from Ohio; born in Dummerston, Vt., January 22, 1808; moved with his parents to Delaware, Ohio, in 1817; attended the public schools; engaged in mercantile pursuits; studied law; was admitted to the bar in 1832 and commenced practice in Delaware, Delaware County, Ohio; elected as a Democrat to the Thirty-first and Thirty-second Congresses (March 4, 1849-March 3, 1853); chairman, Committee on Public Expenditures (Thirty-second Congress); resumed the practice of law; died in Delaware, Ohio, April 14, 1864; interment in Oak Grove Cemetery.","relationship":[],"asset":[],"jobPositions":[{"job":{"name":"Representative","jobType":"CongressMemberJob"},"startDate":"1849-03-04","startCirca":false,"congressAffiliation":{"congress":{"name":"The 31st United States Congress","congressNumber":31,"congressType":"USCongress","startDate":"1849-03-05","endDate":"1851-03-03"},"partyAffiliation":[{"party":{"name":"Democrat"}}],"caucusAffiliation":[{"party":{"name":"Democrat"}}],"represents":{"regionType":"DistrictRegion","regionCode":"OH"}}},{"job":{"name":"Representative","jobType":"CongressMemberJob"},"startDate":"1851-03-04","startCirca":false,"congressAffiliation":{"congress":{"name":"The 32nd United States Congress","congressNumber":32,"congressType":"USCongress","startDate":"1851-03-04","endDate":"1853-03-03"},"partyAffiliation":[{"party":{"name":"Democrat"}}],"caucusAffiliation":[{"party":{"name":"Democrat"}}],"represents":{"regionType":"DistrictRegion","regionCode":"OH"}}}],"creativeWork":[],"researchRecord":[]}}
