{"data":{"usCongressBioId":"S001005","familyName":"Stringer","givenName":"Lawrence","middleName":"Beaumont","honorificPrefix":"Mr.","unaccentedFamilyName":"Stringer","unaccentedGivenName":"Lawrence","unaccentedMiddleName":"Beaumont","birthDate":"1866-02-24","birthCirca":false,"deathDate":"1942-12-05","deathCirca":false,"profileText":"A Representative from Illinois; born near Atlantic City, N.J., February 24, 1866; moved with his parents to Lincoln, Ill., in 1876; attended the public schools; was graduated from Lincoln University (later Lincoln College) in 1887; reporter on a local paper; member of the State house of representatives 1890-1892; entered the Chicago College of Law (law department of Lake Forest University), and was graduated in 1896; returned to Lincoln, Ill., in 1898 and commenced practice; delegate to the Democratic State convention in 1900 and served as chairman; member of the State senate 1900-1904; unsuccessful Democratic candidate for Governor of Illinois in 1904; appointed chief justice of the Illinois State Court of Claims in 1905 and served until 1913; unsuccessful candidate for the Democratic nomination for United States Senator in 1908; elected as a Democrat to the Sixty-third Congress (March 4, 1913-March 3, 1915); did not seek renomination in 1914, but was an unsuccessful candidate for United States Senator; resumed the practice of law; unsuccessful candidate for justice of the supreme court of Illinois in 1924; elected judge of Logan County in 1918 and served until his death in Lincoln, Ill., December 5, 1942; interment in Union Cemetery.","relationship":[],"asset":[],"jobPositions":[{"job":{"name":"Representative","jobType":"CongressMemberJob"},"startDate":"1913-03-04","startCirca":false,"congressAffiliation":{"congress":{"name":"The 63rd United States Congress","congressNumber":63,"congressType":"USCongress","startDate":"1913-03-04","endDate":"1915-03-04"},"partyAffiliation":[{"party":{"name":"Democrat"}}],"caucusAffiliation":[{"party":{"name":"Democrat"}}],"represents":{"regionType":"StateRegion","regionCode":"IL"}}}],"creativeWork":[{"freeFormCitationText":"Lindstrom, Andrew F. \"Lawrence Stringer: A Wilson Democrat.\" <i>Journal of the Illinois State Historical Society</i> 66 (Spring 1973): 20-40."}],"researchRecord":[{"name":"1898-1942. 2 1/4 inches.","recordType":["Papers"],"description":"Correspondence regarding Illinois politics and Woodrow Wilson's unsuccessful 1912 presidential primary in Illinois; Stringer's manuscript biography of Lincoln; very little concerning Stringer's 1912 congressional campaign. Finding aid in repository.","recordLocation":{"name":"Abraham Lincoln Presidential Library","location":{"addressLocality":"Springfield","addressRegion":"IL"}}}]}}
