{"data":{"usCongressBioId":"S001066","familyName":"Summers","givenName":"George","middleName":"William","honorificPrefix":"Mr.","unaccentedFamilyName":"Summers","unaccentedGivenName":"George","unaccentedMiddleName":"William","birthDate":"1804-03-04","birthCirca":false,"deathDate":"1868-09-19","deathCirca":false,"profileText":"A Representative from Virginia; born near Alexandria, Va., March 4, 1804; attended school at Charleston, Va. (now West Virginia) and Washington College (now Washington and Lee University), Lexington, Va.; was graduated from the Ohio University at Athens in 1826; studied law; was admitted to the bar in 1827 and commenced practice in Charleston, Va.; member of the State house of delegates 1830-1832 and 1834-1836; elected as a Whig to the Twenty-seventh and Twenty-eighth Congresses (March 4, 1841-March 3, 1845); unsuccessful candidate for reelection in 1844 to the Twenty-ninth Congress; elected as a delegate to the State constitutional convention in 1850; unsuccessful Whig candidate for Governor in 1851; judge of the eighteenth judicial circuit of Virginia 1852-1858; member of the peace conference held at Washington, D.C., in 1861 in an effort to devise means to prevent the impending war; delegate to the secession convention in 1861 at Richmond, Va.; resumed the practice of his profession; died in Charleston, W.Va., September 19, 1868; interment in Walnut Grove Cemetery, Putnam County, W.Va.","relationship":[],"asset":[],"jobPositions":[{"job":{"name":"Representative","jobType":"CongressMemberJob"},"startDate":"1841-03-04","startCirca":false,"congressAffiliation":{"congress":{"name":"The 27th United States Congress","congressNumber":27,"congressType":"USCongress","startDate":"1841-03-04","endDate":"1843-03-03"},"partyAffiliation":[{"party":{"name":"Whig"}}],"caucusAffiliation":[{"party":{"name":"Whig"}}],"represents":{"regionType":"DistrictRegion","regionCode":"VA"}}},{"job":{"name":"Representative","jobType":"CongressMemberJob"},"startDate":"1843-03-04","startCirca":false,"congressAffiliation":{"congress":{"name":"The 28th United States Congress","congressNumber":28,"congressType":"USCongress","startDate":"1843-12-04","endDate":"1845-03-03"},"partyAffiliation":[{"party":{"name":"Whig"}}],"caucusAffiliation":[{"party":{"name":"Whig"}}],"represents":{"regionType":"DistrictRegion","regionCode":"VA"}}}],"creativeWork":[],"researchRecord":[{"name":"6 letters (1826-1845) in the Ezra Walker collection, 1826-1853. ca. 45 items.","recordType":["Papers"],"description":"Letters from Summers to Walker.","recordLocation":{"name":"Alden Library Archives and Special Collections","location":{"addressLocality":"Athens","addressRegion":"OH"},"parentRecordLocation":{"name":"Ohio University","location":{"addressLocality":"Athens","addressRegion":"OH"}}}},{"name":"75 items (1840-1861) in the Laidley collection.","recordType":["Papers"],"description":"Concern legal and political affairs. Finding aid in repository.","recordLocation":{"name":"William L. Clements Library","location":{"addressLocality":"Ann Arbor","addressRegion":"MI"},"parentRecordLocation":{"name":"University of Michigan","location":{"addressLocality":"Ann Arbor","addressRegion":"MI"}}}},{"name":"In papers of Lewis and George W. Summers, 1828-1935. ca. 200 items.","recordType":["Papers"],"recordLocation":{"name":"West Virginia University Library","location":{"addressLocality":"Morgantown","addressRegion":"WV"}}}]}}
