{"data":{"usCongressBioId":"S001088","familyName":"Swan","givenName":"Samuel","honorificPrefix":"Mr.","unaccentedFamilyName":"Swan","unaccentedGivenName":"Samuel","birthDate":"1771","birthCirca":false,"birthDateUnknown":false,"deathDate":"1844-08-24","deathCirca":false,"deathDateUnknown":false,"profileText":"a Representative from New Jersey; born near Scotch Plains, Somerset County, N.J., in 1771; studied medicine, and practiced in Boundbrook, N.J., 1800-1806 and in Somerville, N.J., 1806-1809; commissioned as sheriff of Somerset County October 13, 1804, for two years; county clerk 1809-1820; elected as a Democratic Republican to the Seventeenth Congress; reelected as a Jackson Republican to the Eighteenth Congress; reelected as an Adams candidate to the Nineteenth and Twentieth Congresses; and reelected as an Anti-Jacksonian candidate to the Twenty-first Congress (March 4, 1821-March 3, 1831); did not seek renomination in 1830 to the Twenty-second Congress; affiliated with the Whig Party; resumed the practice of medicine; died at Boundbrook, N.J., August 24, 1844; interment in the De Groot vault in the Presbyterian Cemetery.","relationship":[],"asset":[],"jobPositions":[{"job":{"name":"Representative","jobType":"CongressMemberJob"},"startDate":"1821-12-03","startCirca":false,"endCirca":false,"congressAffiliation":{"congress":{"name":"The 17th United States Congress","congressNumber":17,"congressType":"USCongress","startDate":"1821-12-03","endDate":"1823-03-03"},"partyAffiliation":[{"party":{"name":"Democratic Republican"},"startCirca":false,"endCirca":false}],"caucusAffiliation":[{"party":{"name":"Democratic Republican"},"startCirca":false,"endCirca":false}],"represents":{"regionType":"StateRegion","regionCode":"NJ"}}},{"job":{"name":"Representative","jobType":"CongressMemberJob"},"startDate":"1823-12-01","startCirca":false,"congressAffiliation":{"congress":{"name":"The 18th United States Congress","congressNumber":18,"congressType":"USCongress","startDate":"1823-12-01","endDate":"1825-03-03"},"partyAffiliation":[{"party":{"name":"Jackson Republican"}}],"caucusAffiliation":[{"party":{"name":"Jackson Republican"}}],"represents":{"regionType":"StateRegion","regionCode":"NJ"}}},{"job":{"name":"Representative","jobType":"CongressMemberJob"},"startDate":"1825-12-05","startCirca":false,"congressAffiliation":{"congress":{"name":"The 19th United States Congress","congressNumber":19,"congressType":"USCongress","startDate":"1825-03-04","endDate":"1827-03-03"},"partyAffiliation":[{"party":{"name":"Adams"}}],"caucusAffiliation":[{"party":{"name":"Adams"}}],"represents":{"regionType":"StateRegion","regionCode":"NJ"}}},{"job":{"name":"Representative","jobType":"CongressMemberJob"},"startDate":"1827-12-03","startCirca":false,"congressAffiliation":{"congress":{"name":"The 20th United States Congress","congressNumber":20,"congressType":"USCongress","startDate":"1827-12-03","endDate":"1829-03-03"},"partyAffiliation":[{"party":{"name":"Adams"}}],"caucusAffiliation":[{"party":{"name":"Adams"}}],"represents":{"regionType":"StateRegion","regionCode":"NJ"}}},{"job":{"name":"Representative","jobType":"CongressMemberJob"},"startDate":"1829-12-07","startCirca":false,"congressAffiliation":{"congress":{"name":"The 21st United States Congress","congressNumber":21,"congressType":"USCongress","startDate":"1829-03-04","endDate":"1831-03-03"},"partyAffiliation":[{"party":{"name":"Anti-Jacksonian"}}],"caucusAffiliation":[{"party":{"name":"Anti-Jacksonian"}}],"represents":{"regionType":"StateRegion","regionCode":"NJ"}}}],"creativeWork":[],"researchRecord":[],"deleted":false}}
