{"data":{"usCongressBioId":"S001131","familyName":"Sykes","givenName":"George","honorificPrefix":"Mr.","unaccentedFamilyName":"Sykes","unaccentedGivenName":"George","birthDate":"1802-09-20","birthCirca":false,"deathDate":"1880-02-25","deathCirca":false,"profileText":"a Representative from New Jersey; born near Sykesville, Burlington County, N.J., September 20, 1802; educated by private teachers; became a surveyor and conveyancer; elected as a Democrat to the Twenty-eighth Congress (March 4, 1843-March 3, 1845); elected to the Twenty-ninth Congress to fill the vacancy caused by the death of Samuel G. Wright, and served from November 4, 1845, to March 3, 1847; resumed his former pursuits; member of the council of proprietors of West Jersey; member of the State assembly 1877-1879; died near Columbia, Mansfield Township, Burlington County, N.J., February 25, 1880; interment in Upper Springfield Cemetery, near Wrightstown, N.J.","relationship":[],"asset":[],"jobPositions":[{"job":{"name":"Representative","jobType":"CongressMemberJob"},"startDate":"1843-03-04","startCirca":false,"congressAffiliation":{"congress":{"name":"The 28th United States Congress","congressNumber":28,"congressType":"USCongress","startDate":"1843-12-04","endDate":"1845-03-03"},"partyAffiliation":[{"party":{"name":"Democrat"}}],"caucusAffiliation":[{"party":{"name":"Democrat"}}],"represents":{"regionType":"DistrictRegion","regionCode":"NJ"}}},{"job":{"name":"Representative","jobType":"CongressMemberJob"},"startDate":"1845-11-04","startCirca":false,"congressAffiliation":{"congress":{"name":"The 29th United States Congress","congressNumber":29,"congressType":"USCongress","startDate":"1845-03-04","endDate":"1847-03-03"},"partyAffiliation":[{"party":{"name":"Democrat"}}],"caucusAffiliation":[{"party":{"name":"Democrat"}}],"represents":{"regionType":"DistrictRegion","regionCode":"NJ"},"note":[{"type":"Note","noteType":"FootNote","content":"Elected to fill vacancy caused by death of Samuel G. Wright, and took his seat December 1, 1845."}]}}],"creativeWork":[{"freeFormCitationText":"[Sykes, George]. <i>The accident on board the U. S. S. </i>\"Princeton\". [Philadelphia: N.p., 1937]."}],"researchRecord":[{"name":"1709-1879. ca. 8 cubic feet.","recordType":["Papers"],"description":"Papers and correspondence from his years in Congress and New Jersey Assembly regarding estates he administered, his surveying work, and local history and genealogy. Also tax lists and school committee records of Springfield Township.","recordLocation":{"name":"Alexander Library Department of Special Collections and Archives","location":{"addressLocality":"New Brunswick","addressRegion":"NJ"},"parentRecordLocation":{"name":"Rutgers University Library","location":{"addressLocality":"New Brunswick","addressRegion":"NJ"}}}}],"deleted":false}}
