{"data":{"usCongressBioId":"S001021","familyName":"Strong","givenName":"William","honorificPrefix":"Mr.","unaccentedFamilyName":"Strong","unaccentedGivenName":"William","birthDate":"1808-05-06","birthCirca":false,"deathDate":"1895-08-19","deathCirca":false,"profileText":"A Representative from Pennsylvania; born in Somers, Conn., May 6, 1808; attended Munson Academy, Massachusetts, and was graduated from Yale College in 1828; taught school in New Haven, Conn.; studied law; was admitted to the bar in 1832 and commenced practice in Reading, Pa.; elected as a Democrat to the Thirtieth and Thirty-first Congresses (March 4, 1847-March 3, 1851); chairman, Committee on Elections (Thirty-first Congress); did not seek renomination in 1850; associate justice of the supreme court of Pennsylvania 1857-1868; practiced law in Philadelphia, Pa.; appointed as an Associate Justice of the Supreme Court of the United States in 1870 and served until December 1880, when he retired; resumed the practice of law; died at Lake Minnewassa, N.Y., August 19, 1895; interment in Charles Evans Cemetery, Reading, Pa.","relationship":[{"relationshipType":"cousin","relatedTo":{"usCongressBioId":"S001020","familyName":"Strong","givenName":"Theron","middleName":"Rudd","honorificPrefix":"Mr.","unaccentedFamilyName":"Strong","unaccentedGivenName":"Theron","unaccentedMiddleName":"Rudd","birthDate":"1802-11-07","birthCirca":false,"deathDate":"1873-05-14","deathCirca":false}}],"asset":[],"jobPositions":[{"job":{"name":"Representative","jobType":"CongressMemberJob"},"startDate":"1847-03-04","startCirca":false,"congressAffiliation":{"congress":{"name":"The 30th United States Congress","congressNumber":30,"congressType":"USCongress","startDate":"1847-12-06","endDate":"1849-03-03"},"partyAffiliation":[{"party":{"name":"Democrat"}}],"caucusAffiliation":[{"party":{"name":"Democrat"}}],"represents":{"regionType":"DistrictRegion","regionCode":"PA"}}},{"job":{"name":"Representative","jobType":"CongressMemberJob"},"startDate":"1849-03-04","startCirca":false,"congressAffiliation":{"congress":{"name":"The 31st United States Congress","congressNumber":31,"congressType":"USCongress","startDate":"1849-03-05","endDate":"1851-03-03"},"partyAffiliation":[{"party":{"name":"Democrat"}}],"caucusAffiliation":[{"party":{"name":"Democrat"}}],"represents":{"regionType":"DistrictRegion","regionCode":"PA"}}},{"job":{"name":"Supreme Court Justice","jobType":"OtherJob"},"startDate":"1870-03-14","startCirca":false,"endDate":"1880-12-14","endCirca":false,"congressAffiliation":{}}],"creativeWork":[{"freeFormCitationText":"Strong, William. <i>The growth and modifications of private civil law</i>. Philadelphia: A.L. Farrand, printer, 1879."},{"freeFormCitationText":"------.<i> Remarks made by Mr. Commissioner Strong in the consultations of the Electoral commission upon the Electoral votes of Florida and Oregon</i>. Washington: J.L. Pearson, printer, 1877."},{"freeFormCitationText":"------. <i>Two lectures upon the relations of civil law to church polity, discipline, and property</i>. New York: Dodd &amp; Mead, [1875]."}],"researchRecord":[{"name":"1874. 1 letter (typed copy).","recordType":["Papers"],"recordLocation":{"name":"Manuscript Division","location":{"addressLocality":"Washington","addressRegion":"DC"},"parentRecordLocation":{"name":"Library of Congress","location":{"addressLocality":"Washington","addressRegion":"DC"}}}}]}}
