{"data":{"usCongressBioId":"S001104","familyName":"Sweeney","givenName":"William","middleName":"Northcut","honorificPrefix":"Mr.","unaccentedFamilyName":"Sweeney","unaccentedGivenName":"William","unaccentedMiddleName":"Northcut","birthDate":"1832-05-05","birthCirca":false,"deathDate":"1895-04-21","deathCirca":false,"profileText":"A Representative from Kentucky; born in Liberty, Casey County, Ky., May 5, 1832; attended the common schools and Bethany (W.Va.) College; studied law; was admitted to the bar in 1853 and commenced practice in Liberty, Ky.; moved to Owensboro, Daviess County, in 1853; prosecuting attorney of Daviess County 1854-1858; presidential elector on the Democratic ticket of Douglas and Johnson in 1860; elected as a Democrat to the Forty-first Congress (March 4, 1869-March 3, 1871); was renominated in 1870, but declined to accept the nomination; resumed the practice of law in Owensboro, Ky., and died there April 21, 1895; interment in Elmwood Cemetery.","relationship":[],"asset":[],"jobPositions":[{"job":{"name":"Representative","jobType":"CongressMemberJob"},"startDate":"1869-03-04","startCirca":false,"congressAffiliation":{"congress":{"name":"The 41st United States Congress","congressNumber":41,"congressType":"USCongress","startDate":"1869-03-04","endDate":"1871-03-03"},"partyAffiliation":[{"party":{"name":"Democrat"}}],"caucusAffiliation":[{"party":{"name":"Democrat"}}],"represents":{"regionType":"DistrictRegion","regionCode":"KY"}}}],"creativeWork":[],"researchRecord":[{"name":"In the Charles Lanman collection.","recordType":["Papers"],"description":"Autobiographical or biographical sketch. Unpublished finding aid in repository.","recordLocation":{"name":"Filson Club Historical Society","location":{"addressLocality":"Louisville","addressRegion":"KY"}}}]}}
