{"data":{"usCongressBioId":"S001200","familyName":"Soto","givenName":"Darren","middleName":"Michael","unaccentedFamilyName":"Soto","unaccentedGivenName":"Darren","unaccentedMiddleName":"Michael","birthDate":"1978-02-25","birthCirca":false,"birthDateUnknown":false,"deathCirca":false,"deathDateUnknown":false,"profileText":"a Representative from Florida; born in Ringwood, Passaic County, N.J., February 25, 1978; B.A., Rutgers College, New Brunswick , N.J., 2000; J.D., George Washington University, Washington, D.C., 2004; lawyer, private practice; financial analyst; member of the Florida state house of representatives, 2007-2012; member of the Florida state senate, 2012-2016; deputy minority whip, 2012-2014; elected as a Democrat to the One Hundred Fifteenth and to the four succeeding Congresses (January 3, 2017-present).","relationship":[],"asset":[],"jobPositions":[{"job":{"name":"Representative","jobType":"CongressMemberJob"},"startCirca":false,"endCirca":false,"congressAffiliation":{"congress":{"name":"The 117th United States Congress","congressNumber":117,"congressType":"USCongress","startDate":"2021-01-03","endDate":"2023-01-03"},"partyAffiliation":[{"party":{"name":"Democrat"},"startCirca":false,"endCirca":false}],"represents":{"regionType":"DistrictRegion","regionCode":"FL"}}},{"job":{"name":"Representative","jobType":"CongressMemberJob"},"congressAffiliation":{"congress":{"name":"The 115th United States Congress","congressNumber":115,"congressType":"USCongress","startDate":"2017-01-03","endDate":"2019-01-03"},"partyAffiliation":[{"party":{"name":"Democrat"}}],"caucusAffiliation":[{"party":{"name":"Democrat"}}],"represents":{"regionType":"StateRegion","regionCode":"FL"}}},{"job":{"name":"Representative","jobType":"CongressMemberJob"},"congressAffiliation":{"congress":{"name":"The 116th United States Congress","congressNumber":116,"congressType":"USCongress","startDate":"2019-01-03","endDate":"2021-01-03"},"partyAffiliation":[{"party":{"name":"Democrat"}}],"caucusAffiliation":[{"party":{"name":"Democrat"}}],"represents":{"regionType":"StateRegion","regionCode":"FL"}}},{"job":{"name":"Representative","jobType":"CongressMemberJob"},"startCirca":false,"endCirca":false,"congressAffiliation":{"congress":{"congressNumber":118,"congressType":"USCongress","name":"The 118th United States Congress","startDate":"2023-01-03","endDate":"2025-01-03"},"partyAffiliation":[{"party":{"name":"Democrat"},"startCirca":false,"endCirca":false}],"caucusAffiliation":[{"party":{"name":"Democrat"},"startCirca":false,"endCirca":false}],"represents":{"regionType":"DistrictRegion","regionCode":"FL"}}},{"job":{"name":"Representative","jobType":"CongressMemberJob"},"startCirca":false,"endCirca":false,"congressAffiliation":{"congress":{"name":"The 119th United States Congress","congressNumber":119,"congressType":"USCongress","startDate":"2025-01-03"},"partyAffiliation":[{"party":{"name":"Democrat"},"startCirca":false,"endCirca":false}],"caucusAffiliation":[{"party":{"name":"Democrat"},"startCirca":false,"endCirca":false}],"represents":{"regionType":"DistrictRegion","regionCode":"FL"}}}],"creativeWork":[],"researchRecord":[],"deleted":false}}
