{"data":{"usCongressBioId":"T000301","familyName":"Tomlinson","givenName":"Thomas","middleName":"Ash","honorificPrefix":"Mr.","unaccentedFamilyName":"Tomlinson","unaccentedGivenName":"Thomas","unaccentedMiddleName":"Ash","birthDate":"1802-03","birthCirca":true,"deathDate":"1872-06-18","deathCirca":false,"profileText":"A Representative from New York; born in New York City in March 1802; attended the schools of Champlain and Plattsburgh, N.Y.; studied law; was admitted to the bar and commenced practice in Keeseville, N.Y., in 1823; mill owner and dealer in lands; served as colonel in the State militia; member of the State assembly in 1835 and 1836; elected as a Whig to the Twenty-seventh Congress (March 4, 1841-March 3, 1843); resumed the practice of law and also engaged in the real estate business; unsuccessful for election to the United States Senate in 1859; died in Keeseville, N.Y., June 18, 1872; interment in Evergreen Cemetery.","relationship":[],"asset":[],"jobPositions":[{"job":{"name":"Representative","jobType":"CongressMemberJob"},"startDate":"1841-03-04","startCirca":false,"congressAffiliation":{"congress":{"name":"The 27th United States Congress","congressNumber":27,"congressType":"USCongress","startDate":"1841-03-04","endDate":"1843-03-03"},"partyAffiliation":[{"party":{"name":"Whig"}}],"caucusAffiliation":[{"party":{"name":"Whig"}}],"represents":{"regionType":"DistrictRegion","regionCode":"NY"}}}],"creativeWork":[],"researchRecord":[]}}
