{"data":{"usCongressBioId":"T000255","familyName":"Thurston","givenName":"Benjamin","middleName":"Babock","honorificPrefix":"Mr.","unaccentedFamilyName":"Thurston","unaccentedGivenName":"Benjamin","unaccentedMiddleName":"Babock","birthDate":"1804-06-29","birthCirca":false,"birthDateUnknown":false,"deathDate":"1886-05-17","deathCirca":false,"deathDateUnknown":false,"profileText":"A Representative from Rhode Island; born in Hopkinton, R.I., June 29, 1804; attended the common schools; engaged in mercantile pursuits; member of the State house of representatives 1831-1837; Lieutenant Governor of Rhode Island in 1838; elected as a Democrat to the Thirtieth Congress (March 4, 1847-March 3, 1849); unsuccessful candidate for reelection in 1848 to the Thirty-first Congress; elected as a Democrat to the Thirty-second and Thirty-third Congresses and as an American to the Thirty-fourth Congress (March 4, 1851-March 3, 1857); chairman, Committee on Expenditures in the Department of the Treasury (Thirty-second Congress), Committee on Patents (Thirty-third Congress), Committee on Accounts (Thirty-fourth Congress); was not a candidate for renomination in 1856; after leaving Congress moved to New London, Conn.; member of the board of aldermen in 1862 and 1863; member of the State house of representatives in 1869 and 1870; resumed mercantile pursuits; died in New London, Conn., May 17, 1886; interment in Cedar Grove Cemetery.","relationship":[],"asset":[],"jobPositions":[{"job":{"name":"Representative","jobType":"CongressMemberJob"},"startDate":"1847-03-04","startCirca":false,"congressAffiliation":{"congress":{"name":"The 30th United States Congress","congressNumber":30,"congressType":"USCongress","startDate":"1847-12-06","endDate":"1849-03-03"},"partyAffiliation":[{"party":{"name":"Democrat"}}],"caucusAffiliation":[{"party":{"name":"Democrat"}}],"represents":{"regionType":"StateRegion","regionCode":"RI"}}},{"job":{"name":"Representative","jobType":"CongressMemberJob"},"startDate":"1851-03-04","startCirca":false,"congressAffiliation":{"congress":{"name":"The 32nd United States Congress","congressNumber":32,"congressType":"USCongress","startDate":"1851-03-04","endDate":"1853-03-03"},"partyAffiliation":[{"party":{"name":"Democrat"}}],"caucusAffiliation":[{"party":{"name":"Democrat"}}],"represents":{"regionType":"StateRegion","regionCode":"RI"}}},{"job":{"name":"Representative","jobType":"CongressMemberJob"},"startDate":"1853-03-04","startCirca":false,"congressAffiliation":{"congress":{"name":"The 33rd United States Congress","congressNumber":33,"congressType":"USCongress","startDate":"1853-03-04","endDate":"1855-03-03"},"partyAffiliation":[{"party":{"name":"Democrat"}}],"caucusAffiliation":[{"party":{"name":"Democrat"}}],"represents":{"regionType":"StateRegion","regionCode":"RI"}}},{"job":{"name":"Representative","jobType":"CongressMemberJob"},"startDate":"1855-03-04","startCirca":false,"endCirca":false,"congressAffiliation":{"congress":{"name":"The 34th United States Congress","congressNumber":34,"congressType":"USCongress","startDate":"1855-12-03","endDate":"1857-03-03"},"partyAffiliation":[{"party":{"name":"American"},"startCirca":false,"endCirca":false}],"caucusAffiliation":[{"party":{"name":"American"},"startCirca":false,"endCirca":false}],"represents":{"regionType":"StateRegion","regionCode":"RI"}}}],"creativeWork":[],"researchRecord":[{"name":"1851-1852. 3 letters.","recordType":["Papers"],"description":"Cataloged.","recordLocation":{"name":"Rhode Island Historical Society","location":{"addressLocality":"Providence","addressRegion":"RI"}}},{"name":"In the Elisha Reynolds Potter, Jr. Papers, ca. 1656-1882, 6.5 linear feet.","recordType":["Papers"],"description":"Persons represented include Benjamin B. Thurston.","recordLocation":{"name":"Rhode Island Historical Society","location":{"addressLocality":"Providence","addressRegion":"RI"}}},{"name":"In the George Thurston &amp; Son Records, 1794-1869, 2.5 linear feet.","recordType":["Papers"],"description":"Persons represented include Benjamin B. Thurston.","recordLocation":{"name":"Rhode Island Historical Society","location":{"addressLocality":"Providence","addressRegion":"RI"}}},{"name":"In Sidney S. Rider collection of Rhode Island history.","recordType":["Papers"],"description":"6 letters and various items. Cataloged.","recordLocation":{"name":"John Hay Library","location":{"addressLocality":"Providence","addressRegion":"RI"},"parentRecordLocation":{"name":"Brown University","location":{"addressLocality":"Providence","addressRegion":"RI"}}}},{"name":"1858. 1 letter. In Charles Lanman collection.","recordType":["Papers"],"description":"Register available.","recordLocation":{"name":"University of Rhode Island Library","location":{"addressLocality":"Kingston","addressRegion":"RI"}}}],"deleted":false}}
