{"data":{"usCongressBioId":"T000006","familyName":"Taffe","givenName":"John","honorificPrefix":"Mr.","unaccentedFamilyName":"Taffe","unaccentedGivenName":"John","birthDate":"1827-01-30","birthCirca":false,"deathDate":"1884-03-14","deathCirca":false,"profileText":"A Representative from Nebraska; born in Indianapolis, Ind., January 30, 1827; completed preparatory studies; studied law; was admitted to the bar in Indianapolis, Ind.; moved to Nebraska in 1856; member of the Territorial house of representatives in 1858 and 1859; member of the Territorial council in 1860 and 1861 and served as president; during the Civil War enlisted in the Union Army and served as major in the Second Regiment, Nebraska Volunteer Cavalry; returned to Omaha, Nebr.; elected as a Republican to the Fortieth, Forty-first, and Forty-second Congresses (March 4, 1867-March 3, 1873); chairman, Committee on Territories (Forty-second Congress); resumed the practice of law; receiver of the public land office in North Platte, Nebr., where he died March 14, 1884; interment in Prospect Hill Cemetery, Omaha, Nebr.","relationship":[],"asset":[],"jobPositions":[{"job":{"name":"Representative","jobType":"CongressMemberJob"},"startDate":"1867-03-04","startCirca":false,"congressAffiliation":{"congress":{"name":"The 40th United States Congress","congressNumber":40,"congressType":"USCongress","startDate":"1867-03-04","endDate":"1869-03-03"},"partyAffiliation":[{"party":{"name":"Republican"}}],"caucusAffiliation":[{"party":{"name":"Republican"}}],"represents":{"regionType":"StateRegion","regionCode":"NE"}}},{"job":{"name":"Representative","jobType":"CongressMemberJob"},"startDate":"1869-03-04","startCirca":false,"congressAffiliation":{"congress":{"name":"The 41st United States Congress","congressNumber":41,"congressType":"USCongress","startDate":"1869-03-04","endDate":"1871-03-03"},"partyAffiliation":[{"party":{"name":"Republican"}}],"caucusAffiliation":[{"party":{"name":"Republican"}}],"represents":{"regionType":"StateRegion","regionCode":"NE"}}},{"job":{"name":"Representative","jobType":"CongressMemberJob"},"congressAffiliation":{"congress":{"name":"The 42nd United States Congress","congressNumber":42,"congressType":"USCongress","startDate":"1871-03-04","endDate":"1873-03-03"},"partyAffiliation":[{"party":{"name":"Republican"}}],"caucusAffiliation":[{"party":{"name":"Republican"}}],"represents":{"regionType":"StateRegion","regionCode":"NE"}}}],"creativeWork":[],"researchRecord":[{"name":"January 25, 1869. 1 letter.","recordType":["Papers"],"description":"Finding aid in repository.","recordLocation":{"name":"New-York Historical Society","location":{"addressLocality":"New York","addressRegion":"NY"}}}]}}
