{"data":{"usCongressBioId":"T000147","familyName":"Thayer","givenName":"John","middleName":"Alden","honorificPrefix":"Mr.","unaccentedFamilyName":"Thayer","unaccentedGivenName":"John","unaccentedMiddleName":"Alden","birthDate":"1857-12-22","birthCirca":false,"deathDate":"1917-07-31","deathCirca":false,"profileText":"(Son of Eli Thayer), a Representative from Massachusetts; born in Worcester, Mass., December 22, 1857; attended the grade and high schools of Worcester; was graduated from Harvard University in 1879; taught school; studied law at Columbia College of Law at New York City; was admitted to the bar in 1889 and commenced practice in Worcester; clerk of the central district court of Worcester 1892-1897; elected as a Democrat to the Sixty-second Congress (March 4, 1911-March 3, 1913); unsuccessful candidate for reelection in 1912 to the Sixty-third Congress; delegate to the Democratic National Convention in 1912; appointed postmaster of Worcester, Mass., in February 1915, and served until his death in Worcester, Mass., July 31, 1917; interment in Hope Cemetery.","relationship":[],"asset":[],"jobPositions":[{"job":{"name":"Representative","jobType":"CongressMemberJob"},"startDate":"1911-03-04","startCirca":false,"congressAffiliation":{"congress":{"name":"The 62nd United States Congress","congressNumber":62,"congressType":"USCongress","startDate":"1911-04-04","endDate":"1913-03-04"},"partyAffiliation":[{"party":{"name":"Democrat"}}],"caucusAffiliation":[{"party":{"name":"Democrat"}}],"represents":{"regionType":"DistrictRegion","regionCode":"MA"}}}],"creativeWork":[],"researchRecord":[]}}
