{"data":{"usCongressBioId":"T000114","familyName":"Telfair","givenName":"Edward","unaccentedFamilyName":"Telfair","unaccentedGivenName":"Edward","birthDate":"1735","birthCirca":false,"deathDate":"1807","deathCirca":false,"profileText":"(Father of Thomas Telfair), a Delegate from Georgia; born in ``Town Head,'' Scotland, in 1735; was graduated from the Kirkcudbright Grammar School and subsequently acquired a thorough commercial training; immigrated to the United States in 1758 as agent of a commercial house and settled in Virginia; moved to Halifax, N.C.; established a commission house in Savannah, Ga., in 1766; member of the council of safety in 1775 and 1776; delegate to the Provincial Congress at Savannah in 1776; member of the committee of intelligence and other important committees in 1776; Member of the Continental Congress 1778, 1780, 1781, and 1782; one of the signers of the Articles of Confederation and a delegate to the State ratification convention; commissioner to treat with the Cherokee Indians in 1783; designated agent on the part of Georgia to settle the northern boundary of the Commonwealth in February 1783; Governor of Georgia in 1786 and 1790-1793; died in Savannah, Ga., September 17, 1807; interment in Bonaventure Cemetery.","relationship":[],"asset":[],"jobPositions":[{"job":{"name":"Delegate","jobType":"CongressMemberJob"},"congressAffiliation":{"congress":{"name":"The 2nd Continental Congress","congressNumber":2,"congressType":"ContinentalCongress","startDate":"1775-05-10","endDate":"1781-03-01"},"represents":{"regionType":"StateRegion","regionCode":"GA"}}},{"job":{"name":"Delegate","jobType":"CongressMemberJob"},"congressAffiliation":{"congress":{"name":"The Confederation Congress","congressNumber":1,"congressType":"ConfederationCongress","startDate":"1781-03-01","endDate":"1789-03-02"},"represents":{"regionType":"StateRegion","regionCode":"GA"}}}],"creativeWork":[{"freeFormCitationText":"Coulter, E. Merton. ``Edward Telfair.'' <i>Georgia Historical Quarterly</i> 20 (June 1936): 99-124."}],"researchRecord":[{"name":"In the Miscellaneous Manuscript Collection, 1792-1793, 6 items.","recordType":["Papers"],"description":"Land grants issued by Edward Telfair as governor of Georgia to Samuel Beckcom, Benjamin Kitchen, Israel Robinson, and Francis Tennil; and two Georgia state seals.","recordLocation":{"name":"Manuscript Division","location":{"addressLocality":"Washington","addressRegion":"DC"},"parentRecordLocation":{"name":"Library of Congress","location":{"addressLocality":"Washington","addressRegion":"DC"}}}},{"name":"1787, 1 item.","recordType":["Papers"],"description":"A letter from George Walton to Edward Telfair written on May 26, 1787.","recordLocation":{"name":"Department of Literary and Historical Manuscripts","location":{"addressLocality":"New York","addressRegion":"NY"},"parentRecordLocation":{"name":"The Morgan Library","location":{"addressLocality":"New York","addressRegion":"NY"}}}},{"name":"1791, 1 item.","recordType":["Papers"],"description":"A letter from Thomas Jefferson to Governor Telfair written on March 26, 1791.","recordLocation":{"name":"Department of Literary and Historical Manuscripts","location":{"addressLocality":"New York","addressRegion":"NY"},"parentRecordLocation":{"name":"The Morgan Library","location":{"addressLocality":"New York","addressRegion":"NY"}}}},{"name":"1805, 1 item.","recordType":["Papers"],"description":"A letter from William Few to Edward Telfair written on February 22, 1805.","recordLocation":{"name":"Department of Literary and Historical Manuscripts","location":{"addressLocality":"New York","addressRegion":"NY"},"parentRecordLocation":{"name":"The Morgan Library","location":{"addressLocality":"New York","addressRegion":"NY"}}}},{"name":"1807, 1 item.","recordType":["Papers"],"description":"A letter from Edward Telfair to an unidentified recipient written on May 12, 1807.","recordLocation":{"name":"Department of Literary and Historical Manuscripts","location":{"addressLocality":"New York","addressRegion":"NY"},"parentRecordLocation":{"name":"The Morgan Library","location":{"addressLocality":"New York","addressRegion":"NY"}}}},{"name":"In the Clay, Telfair and Company Papers, 1783-1795, 3 volumes.","recordType":["Papers"],"description":"Persons represented include Edward Telfair.","recordLocation":{"name":"Georgia Historical Society","location":{"addressLocality":"Savannah","addressRegion":"GA"}}},{"name":"In the Basil Cowper Papers, 1800-1803, 2 items.","recordType":["Papers"],"description":"Other authors include Edward Telfair.","recordLocation":{"name":"Georgia Historical Society","location":{"addressLocality":"Savannah","addressRegion":"GA"}}},{"name":"In the Samuel Elbert Papers, 1776-1786, 1 box.","recordType":["Papers"],"description":"Persons represented include Edward Telfair.","recordLocation":{"name":"Georgia Historical Society","location":{"addressLocality":"Savannah","addressRegion":"GA"}}},{"name":"In the Georgia Executive Council Papers, 1777-1788, 1 folder and 1 volume.","recordType":["Papers"],"description":"Persons represented include Edward Telfair.","recordLocation":{"name":"Georgia Historical Society","location":{"addressLocality":"Savannah","addressRegion":"GA"}}},{"name":"In the Jacob Minis Colonial Papers, 1768-1793, 1 volume.","recordType":["Papers"],"description":"Persons represented include Edward Telfair.","recordLocation":{"name":"Georgia Historical Society","location":{"addressLocality":"Savannah","addressRegion":"GA"}}},{"name":"In the Mordecai Sheftall Papers, 1780-1796, 1 folder.","recordType":["Papers"],"description":"Persons represented include Edward Telfair.","recordLocation":{"name":"Georgia Historical Society","location":{"addressLocality":"Savannah","addressRegion":"GA"}}},{"name":"In the Thomas Jefferson Papers, 1790, 1 item.","recordType":["Papers"],"description":"A letter from Thomas Jefferson, Secretary of State, to Edward Telfair, Governor of Georgia, written on April 6, 1790. In the letter, Thomas Jefferson discusses acts of Congress on western land claims of North Carolina and exportation of uninspected goods.","recordLocation":{"name":"The Albert and Shirley Small Special Collections Library","location":{"addressLocality":"Charlottesville","addressRegion":"VA"},"parentRecordLocation":{"name":"University of Virginia","location":{"addressLocality":"Charlottesville","addressRegion":"VA"}}}},{"name":"1762-1831, 911 items.","recordType":["Papers"],"description":"The papers of Edward Telfair contain personal, business and political correspondence and other papers, concerning Edward Telfair's mercantile interests in Savannah, his legal work, the Revolution in Georgia, Georgia patriots, planting in Georgia, especially rice and tobacco, the Creek Indians in the 1780s and 1790s, slaveholding and economic conditions in Georgia, land speculation and settlement, the establishment of the federal government, politics during the 1790s, Edward Telfair's administration as governor, and American trade with Great Britain. The bulk of the material is for the period 1771-1807. Included are scattered letters from many Georgia patriots and politicians including Abraham Baldwin, Joseph Clay, Sr., Seaborn Jones, Jr., and others.","recordLocation":{"name":"Rare Book, Manuscript, and Special Collections Library","location":{"addressLocality":"Durham","addressRegion":"NC"},"parentRecordLocation":{"name":"Duke University","location":{"addressLocality":"Durham","addressRegion":"NC"}}}},{"name":"1806, 1 item.","recordType":["Papers"],"description":"Act, 1806, is an amendment titled \"An Act for ordering and governing slaves within this province and for establishing a jurisdiction for the trial of offenses committed by such slaves and other persons therein mentioned and to prevent the inveighing and carrying away of slaves from their masters, owners, or employers\". The act was signed by Edward Telfair, as well as others.","recordLocation":{"name":"Alabama Department of Archives and History","location":{"addressLocality":"Montgomery","addressRegion":"AL"}}},{"name":"In Pickett's, History of Alabama and incidentally of Georgia and Mississippi: scrapbooks, ca. 1880-1919, 1.5 cubic feet.","recordType":["Papers"],"description":"Other authors include Edward Telfair.","recordLocation":{"name":"Alabama Department of Archives and History","location":{"addressLocality":"Montgomery","addressRegion":"AL"}}},{"name":"1790, 1 item.","recordType":["Papers"],"description":"A letter from Zachariah Cox to Edward Telfair and John Milton written on January 13, 1790. In the letter, Zachariah Cox writes regarding the Tennessee Land Company and certifies that Stephen Heard, William Downs, Henry Candler, John F. Gardner, Daniel Gaines, Middleton Woods, William Cox, and Thomas Carr are associates in the Tennessee Land Company, an investment company which purchased Yazoo land.","recordLocation":{"name":"Hargrett Rare Book and Manuscript Library","location":{"addressLocality":"Athens","addressRegion":"GA"},"parentRecordLocation":{"name":"University of Georgia Libraries","location":{"addressLocality":"Athens","addressRegion":"GA"}}}},{"name":"1791, 1 sheet.","recordType":["Papers"],"description":"A letter from Anthony Wayne to Edward Telfair, Governor of Georgia, written on June 20, 1791. In the letter, Anthony Wayne spells out his view of fair policies to be pursued with the Creek Indians. The letter was written while Anthony Wayne served as a Georgia Congressman.","recordLocation":{"name":"Toledo-Lucas County Public Library","location":{"addressLocality":"Toledo","addressRegion":"OH"}}}]}}
