{"data":{"usCongressBioId":"T000132","familyName":"Terrell","givenName":"William","honorificPrefix":"Mr.","unaccentedFamilyName":"Terrell","unaccentedGivenName":"William","birthDate":"1778","birthCirca":false,"birthDateUnknown":false,"deathDate":"1855-07-04","deathCirca":false,"deathDateUnknown":false,"profileText":"a Representative from Georgia; born in Fairfax County, Va., in 1778; moved with his parents to Georgia; pursued classical studies; graduated from the medical department of the University of Pennsylvania at Philadelphia and commenced practice in Sparta, Hancock County, Ga.; member of the Georgia state house of representatives 1810-1813; held various local offices; elected as a Democratic Republican to the Fifteenth and Sixteenth Congresses (March 4, 1817-March 3, 1821); declined to be a candidate for renomination in 1820; resumed the practice of medicine; died in Sparta, Ga., July 4, 1855; interment in Sparta Cemetery.","relationship":[],"asset":[],"jobPositions":[{"job":{"name":"Representative","jobType":"CongressMemberJob"},"startDate":"1817-12-01","startCirca":false,"endCirca":false,"congressAffiliation":{"congress":{"name":"The 15th United States Congress","congressNumber":15,"congressType":"USCongress","startDate":"1817-03-04","endDate":"1819-03-03"},"partyAffiliation":[{"party":{"name":"Democratic Republican"},"startCirca":false,"endCirca":false}],"caucusAffiliation":[{"party":{"name":"Democratic Republican"},"startCirca":false,"endCirca":false}],"represents":{"regionType":"StateRegion","regionCode":"GA"}}},{"job":{"name":"Representative","jobType":"CongressMemberJob"},"startDate":"1819-12-06","startCirca":false,"endCirca":false,"congressAffiliation":{"congress":{"name":"The 16th United States Congress","congressNumber":16,"congressType":"USCongress","startDate":"1819-12-06","endDate":"1821-03-03"},"partyAffiliation":[{"party":{"name":"Democratic Republican"},"startCirca":false,"endCirca":false}],"caucusAffiliation":[{"party":{"name":"Democratic Republican"},"startCirca":false,"endCirca":false}],"represents":{"regionType":"StateRegion","regionCode":"GA"}}}],"creativeWork":[],"researchRecord":[{"name":"In File II Names.","recordType":["Papers"],"description":"File is primarily incoming correspondence to the Governor of Georgia. Finding aid in repository.","recordLocation":{"name":"Georgia Department of Archives and History","location":{"addressLocality":"Atlanta","addressRegion":"GA"}}}],"deleted":false}}
