{"data":{"usCongressBioId":"T000221","familyName":"Thompson","givenName":"Waddy","honorificPrefix":"Mr.","honorificSuffix":"Jr.","unaccentedFamilyName":"Thompson","unaccentedGivenName":"Waddy","birthDate":"1798-01-08","birthCirca":false,"birthDateUnknown":false,"deathDate":"1868-11-23","deathCirca":false,"deathDateUnknown":false,"profileText":"a Representative from South Carolina; born in Pickensville (now Pickens), Ninety-sixth District, S.C., January 8, 1798; moved to Greenville with his parents in his infancy; received his early education in neighboring schools, and graduated from South Carolina College (now the University of South Carolina), at Columbia in 1814; studied law; admitted to the bar in 1819 and began practice in Edgefield, S.C.; moved to Greenville, S.C., and continued the practice of law; member of the State house of representatives, 1826-1829; elected solicitor of the western circuit in 1830; brigadier general of militia in 1832; elected as an Anti-Jacksonian candidate to the Twenty-fourth Congress to fill the vacancy caused by the death of Warren R. Davis; reelected as a Whig to the Twenty-fifth and Twenty-sixth Congresses and served from September 10, 1835, to March 3, 1841; chairman, Committee on Military Affairs (Twenty-sixth Congress); was not a candidate for renomination in 1840; appointed Envoy Extraordinary and Minister Plenipotentiary to Mexico and served from February 10, 1842, to March 9, 1844; moved to Madison, Fla., and engaged in cotton planting; appointed solicitor general of a circuit in 1868; died while on a visit to Tallahassee, Fla., November 23, 1868; interment in the Episcopal Cemetery.","relationship":[],"asset":[],"jobPositions":[{"job":{"name":"Representative","jobType":"CongressMemberJob"},"startDate":"1835-09-10","startCirca":false,"congressAffiliation":{"congress":{"name":"The 24th United States Congress","congressNumber":24,"congressType":"USCongress","startDate":"1835-12-07","endDate":"1837-03-03"},"partyAffiliation":[{"party":{"name":"Anti-Jacksonian"}}],"caucusAffiliation":[{"party":{"name":"Anti Jacksonian"}}],"represents":{"regionType":"DistrictRegion","regionCode":"SC"},"note":[{"type":"Note","noteType":"FootNote","content":"Elected to fill vacancy caused by death of Representative-elect Warren R. Davis in preceding Congress, and took his seat December 16, 1835."}]}},{"job":{"name":"Representative","jobType":"CongressMemberJob"},"startDate":"1837-03-04","startCirca":false,"congressAffiliation":{"congress":{"name":"The 25th United States Congress","congressNumber":25,"congressType":"USCongress","startDate":"1837-03-04","endDate":"1839-03-03"},"partyAffiliation":[{"party":{"name":"Whig"}}],"caucusAffiliation":[{"party":{"name":"Whig"}}],"represents":{"regionType":"DistrictRegion","regionCode":"SC"}}},{"job":{"name":"Representative","jobType":"CongressMemberJob"},"startDate":"1839-03-04","startCirca":false,"congressAffiliation":{"congress":{"name":"The 26th United States Congress","congressNumber":26,"congressType":"USCongress","startDate":"1839-12-02","endDate":"1841-03-03"},"partyAffiliation":[{"party":{"name":"Whig"}}],"caucusAffiliation":[{"party":{"name":"Whig"}}],"represents":{"regionType":"DistrictRegion","regionCode":"SC"}}}],"creativeWork":[{"freeFormCitationText":"Pickett, James Chamberlayne. <i>The memory of Pocahontas vindicated against the erroneous judgment of the Hon. Waddy Thompson</i>. By a Kentuckian. Washington: Printed by J. and G. S. Gideon, 1847."},{"freeFormCitationText":"Thompson, Waddy. <i>An examination of the claims of Mr. Van Buren and Gen. Harrison to the support of the South</i>. N.p., 1840."},{"freeFormCitationText":"------. <i>Recollections of Mexico</i>. New York and London: Wiley and Putnam, 1847."},{"freeFormCitationText":"------.<i> Remarks of the Hon. Waddy Thompson, on the proposition to recognize the Republic of Hayti</i>. Washington: Printed by Gales and Seaton, 1839."},{"freeFormCitationText":"------. <i>Speech of the Hon. Waddy Thompson, in the House of Representatives, on the Navy Appropriation Bill: Delivered on second and third of March, 1836</i>. [Washington, D.C.?: N.p.,1836?]"},{"freeFormCitationText":"------. <i>Speech of Waddy Thompson, of South Carolina, in the House of Representatives of the United States, being in Committee of the whole on the state of the Union. Delivered February 5, 1839</i>. Washington: Printed at the Madisonian Office, 1839."},{"freeFormCitationText":"------.<i> Speech of Waddy Thompson, of South Carolina, on the Presidents annual message to Congress</i>. [Washington: N.p., 1840]."},{"freeFormCitationText":"------. <i>To the Honorable the Senate of the United States</i>. Washington: J. &amp; G. S. Gideon, 184-?"}],"researchRecord":[{"name":"In the William Pinckney McBee Papers, 1819-1937, 108 items.","recordType":["Papers"],"description":"Persons represented include Waddy Thompson.","recordLocation":{"name":"South Caroliniana Library","location":{"addressLocality":"Columbia","addressRegion":"SC"},"parentRecordLocation":{"name":"University of South Carolina","location":{"addressLocality":"Columbia","addressRegion":"SC"}}}},{"name":"In the Robert Barnwell Rhett Papers, 1832-1883, 78 items.","recordType":["Papers"],"description":"Persons represented include Waddy Thompson.","recordLocation":{"name":"South Caroliniana Library","location":{"addressLocality":"Columbia","addressRegion":"SC"},"parentRecordLocation":{"name":"University of South Carolina","location":{"addressLocality":"Columbia","addressRegion":"SC"}}}},{"name":"In Thompson-Jones family papers, 1800-1908, 1960. 439 items.","recordType":["Papers"],"description":"Correspondence relating to his diplomatic mission to Mexico and Indian affairs. Unpublished finding aids in repository.","recordLocation":{"name":"South Caroliniana Library","location":{"addressLocality":"Columbia","addressRegion":"SC"},"parentRecordLocation":{"name":"University of South Carolina","location":{"addressLocality":"Columbia","addressRegion":"SC"}}}},{"name":"1833-1848. 65 items.","recordType":["Papers"],"description":"Correspondence as Minister to Mexico.","recordLocation":{"name":"Center for American History","location":{"addressLocality":"Austin","addressRegion":"TX"},"parentRecordLocation":{"name":"University of Texas at Austin","location":{"addressLocality":"Austin","addressRegion":"TX"}}}},{"name":"1844, 1 page.","recordType":["Papers"],"description":"A letter from Waddy Thompson to J.J. Crittenden written on January 4, 1844. In the letter, Thompson writes in his role as U.S. Minister to Mexico, concerning his efforts to revoke an order from the Mexican government expelling Americans from California and three other departments.","recordLocation":{"name":"The Bancroft Library","location":{"addressLocality":"Berkeley","addressRegion":"CA"},"parentRecordLocation":{"name":"University of California, Berkeley","location":{"addressLocality":"Berkeley","addressRegion":"CA"}}}},{"name":"ca. 1826-1882, 89 items.","recordType":["Papers"],"description":"The papers chiefly consist of correspondence relating to nullification, relations with Mexico, plantation life, slavery, and South Carolina and national politics. Includes a number of family papers. Correspondents include George Bancroft, Andrew Butler, Pierce M. Butler, George A. Gardiner, John C. Gardiner, Hugh S. Legar&eacute;, F. W. Pickens, and William C. Preston. A finding aid is available in the library and online.","recordLocation":{"name":"Manuscript Division","location":{"addressLocality":"Washington","addressRegion":"DC"},"parentRecordLocation":{"name":"Library of Congress","location":{"addressLocality":"Washington","addressRegion":"DC"}}}},{"name":"1823-1851, 83 items.","recordType":["Papers"],"description":"Chiefly correspondence of Waddy Thompson while he was U.S. minister to Mexico, 1842-1844, including letters to his wife, Emmala Butler Thompson, and letters received from American political friends in the United States, the Republic of Texas, and Mexico, concerning yellow fever epidemics and general living and working conditions in Mexico, and diplomatic relations among Mexico, Great Britain, and the United States. Also included are some business papers related to sugar and cotton planting and the slave trade in Alabama and South Carolina.","recordLocation":{"name":"Southern Historical Collection","location":{"addressLocality":"Chapel Hill","addressRegion":"NC"},"parentRecordLocation":{"name":"University of North Carolina","location":{"addressLocality":"Chapel Hill","addressRegion":"NC"}}}},{"name":"1 letter.","recordType":["Papers"],"recordLocation":{"name":"Boston Public Library","location":{"addressLocality":"Boston","addressRegion":"MA"}}},{"name":"1850, 2 pages.","recordType":["Papers"],"description":"A letter from Daniel Webster, Attorney General, to Waddy Thompson written on February 4, 1850. In the letter, Webster writes that he will speak for about an hour then Thompson will go on when he is called.","recordLocation":{"name":"Rauner Special Collections Library","location":{"addressLocality":"Hanover","addressRegion":"NH"},"parentRecordLocation":{"name":"Dartmouth College","location":{"addressLocality":"Hanover","addressRegion":"NH"}}}},{"name":"1850, 1 item.","recordType":["Papers"],"description":"A letter from Daniel Webster to Waddy Thompson written on July 23, 1850. In the letter, Webster requests that Thompson, an attorney, confer with Webster about a case.","recordLocation":{"name":"Rauner Special Collections Library","location":{"addressLocality":"Hanover","addressRegion":"NH"},"parentRecordLocation":{"name":"Dartmouth College","location":{"addressLocality":"Hanover","addressRegion":"NH"}}}},{"name":"1756-1873, 7 items.","recordType":["Papers"],"description":"Topics in the papers of Waddy Thompson include mortgage regulations in South Carolina, 1821; judicial reform in South Carolina, 1827; Federal financial assistance for a railroad in Charleston, 1830; the constitutionality of Federal treasury notes; politics; the plight of an American citizen imprisoned in Mexico; and a lawsuit, 1851, of Thompson against Gilbert L. Thompson and Richard I. Coxe for failure to pay for his services as lobbyist on behalf of American citizens holding claims against Mexico, 1851. Correspondents include David Johnson, William Ballard Preston, and Hugh Swinton Legar&eacute;.","recordLocation":{"name":"Rare Book, Manuscript, and Special Collections Library","location":{"addressLocality":"Durham","addressRegion":"NC"},"parentRecordLocation":{"name":"Duke University Library","location":{"addressLocality":"Durham","addressRegion":"NC"}}}},{"name":"1848-1865, 7 items.","recordType":["Papers"],"description":"Five letters (1848-1862) to Waddy Thompson from J. Pettigrew (possibly James Johnston Pettigrew, 1828-1863), Jane Pettigrew, and Henry Wise (possibly Henry Alexander Wise, 1806-1876), regarding personal and political matters; Thompson's oath of allegience to the United States government (1865) and his petition for pardon addressed to President Andrew Johnson (1865).","recordLocation":{"name":"Special Collections Department Robert W. Woodruff Library","location":{"addressLocality":"Atlanta","addressRegion":"GA"},"parentRecordLocation":{"name":"Emory University Library","location":{"addressLocality":"Atlanta","addressRegion":"GA"}}}},{"name":"In the James L. Britton Collection, ca. 1817-1889, 0.2 linear foot.","recordType":["Papers"],"description":"Correspondents include Waddy Thompson.","recordLocation":{"name":"San Jacinto Museum of History","location":{"addressLocality":"La Porte","addressRegion":"TX"}}},{"name":"1799-1869. 66 items.","recordType":["Papers"],"description":"Chiefly political correspondence and documents.","recordLocation":{"name":"South Caroliniana Library","location":{"addressLocality":"Columbia","addressRegion":"SC"},"parentRecordLocation":{"name":"University of South Carolina","location":{"addressLocality":"Columbia","addressRegion":"SC"}}}},{"name":"In the James Hamilton Papers, 1820-1859, 47 items.","recordType":["Papers"],"description":"Persons represented include Waddy Thompson.","recordLocation":{"name":"South Caroliniana Library","location":{"addressLocality":"Columbia","addressRegion":"SC"},"parentRecordLocation":{"name":"University of South Carolina","location":{"addressLocality":"Columbia","addressRegion":"SC"}}}}],"deleted":false}}
