{"data":{"usCongressBioId":"T000181","familyName":"Thomas","givenName":"Philemon","honorificPrefix":"Mr.","unaccentedFamilyName":"Thomas","unaccentedGivenName":"Philemon","birthDate":"1763-02-09","birthCirca":false,"birthDateUnknown":false,"deathDate":"1847-11-18","deathCirca":false,"deathDateUnknown":false,"profileText":"a Representative from Louisiana; born in Orange County, Va., February 9, 1763; attended the common schools; served in the Revolutionary War; moved to Kentucky and settled in Mason County; delegate to the convention which framed the constitution of the State of Kentucky; member of the Kentucky house of representatives 1796-1799; served in the State senate 1800-1803; moved to Louisiana in 1806 and settled on the banks of the lower Mississippi River; member of the Louisiana house of representatives; leader of an uprising against the Spanish authorities, who exercised authority over what is now Mississippi and Louisiana, and commanded the forces which captured the Spanish fort at Baton Rouge in 1810; major general of Louisiana Militia in 1814 and 1815 and served in that capacity in the War of 1812; moved to Baton Rouge, La.; elected as an Anti-Jacksonian candidate to the Twenty-second and Twenty-third Congresses (March 4, 1831-March 3, 1835); died in Baton Rouge, La., November 18, 1847; interment in the Old American Graveyard; reinterment in the National Cemetery at Baton Rouge, La.","relationship":[],"asset":[],"jobPositions":[{"job":{"name":"Representative","jobType":"CongressMemberJob"},"startDate":"1831-12-05","startCirca":false,"endCirca":false,"congressAffiliation":{"congress":{"name":"The 22nd United States Congress","congressNumber":22,"congressType":"USCongress","startDate":"1831-12-05","endDate":"1833-03-02"},"partyAffiliation":[{"party":{"name":"Anti-Jacksonian"},"startCirca":false,"endCirca":false}],"caucusAffiliation":[{"party":{"name":"Anti-Jacksonian"},"startCirca":false,"endCirca":false}],"represents":{"regionType":"DistrictRegion","regionCode":"LA"}}},{"job":{"name":"Representative","jobType":"CongressMemberJob"},"startDate":"1833-12-02","startCirca":false,"endCirca":false,"congressAffiliation":{"congress":{"name":"The 23rd United States Congress","congressNumber":23,"congressType":"USCongress","startDate":"1833-12-02","endDate":"1835-03-03"},"partyAffiliation":[{"party":{"name":"Anti-Jacksonian"},"startCirca":false,"endCirca":false}],"caucusAffiliation":[{"party":{"name":"Anti-Jacksonian"},"startCirca":false,"endCirca":false}],"represents":{"regionType":"DistrictRegion","regionCode":"LA"}}}],"creativeWork":[{"freeFormCitationText":"Sterkx, Henry Eugene, and Brooks Thompson. \"Philemon Thomas and the West Florida Revolution.\" <i> Florida Historical Quarterly</i> 39 (April 1961): 378-86."}],"researchRecord":[{"name":"1835, 1 item.","recordType":["Papers"],"description":"A letter from Philemon Thomas to an unidentified recipient written on July 21, 1835. In the letter, Philemon Thomas recommends Stephen Henderson for the position of Postmaster General.","recordLocation":{"name":"The Adelman Collection","location":{"addressLocality":"Bryn Mawr","addressRegion":"PA"},"parentRecordLocation":{"name":"Bryn Mawr College","location":{"addressLocality":"Bryn Mawr","addressRegion":"PA"}}}},{"name":"In the East Baton Rouge Parish (La.), Oaths of Office, 1815, 1 item.","recordType":["Papers"],"description":"Three oaths of office (photocopy) signed by Philemon Thomas as parish sheriff on May 5, William Corner as justice of the peace on June 13, and Jacob Drake as justice of the peace (incomplete).","recordLocation":{"name":"Louisiana and Lower Mississippi Valley Collections","location":{"addressLocality":"Baton","addressRegion":"Rouge"},"parentRecordLocation":{"name":"Louisiana State University Libraries","location":{"addressLocality":"Baton Rouge","addressRegion":"LA"}}}}],"deleted":false}}
