{"data":{"usCongressBioId":"T000054","familyName":"Taul","givenName":"Micah","honorificPrefix":"Mr.","unaccentedFamilyName":"Taul","unaccentedGivenName":"Micah","birthDate":"1785-05-14","birthCirca":false,"birthDateUnknown":false,"deathDate":"1850-05-27","deathCirca":false,"deathDateUnknown":false,"profileText":"a Representative from Kentucky; born in Bladensburg, Md., May 14, 1785; moved to Kentucky with his parents in 1787; attended private school; studied law; admitted to the bar in 1801 and commenced practice in Monticello, Ky.; clerk of Wayne County Courts in 1801; served as a colonel of Wayne County Volunteers in the War of 1812; elected as a Democratic Republican to the Fourteenth Congress (March 4, 1815-March 3, 1817); declined to be a candidate for renomination in 1816; resumed the practice of law; moved to Winchester, Tenn., in 1826 and continued the practice of law; moved to Mardisville, Talladega County, Ala., in 1846 and engaged in agricultural pursuits until his death there on May 27, 1850; interment on his plantation at Mardisville.","relationship":[{"relationshipType":"grandfather","relatedTo":{"usCongressBioId":"B000738","familyName":"Bradford","givenName":"Taul","unaccentedFamilyName":"Bradford","unaccentedGivenName":"Taul","birthDate":"1835","birthCirca":false,"deathDate":"1883","deathCirca":false}}],"asset":[],"jobPositions":[{"job":{"name":"Representative","jobType":"CongressMemberJob"},"startDate":"1815-12-04","startCirca":false,"endCirca":false,"congressAffiliation":{"congress":{"name":"The 14th United States Congress","congressNumber":14,"congressType":"USCongress","startDate":"1815-12-04","endDate":"1817-03-03"},"partyAffiliation":[{"party":{"name":"Democratic Republican"},"startCirca":false,"endCirca":false}],"caucusAffiliation":[{"party":{"name":"Democratic Republican"},"startCirca":false,"endCirca":false}],"represents":{"regionType":"DistrictRegion","regionCode":"KY"}}}],"creativeWork":[],"researchRecord":[{"name":"1848-1878, 2 folders.","recordType":["Papers"],"description":"The Micah Taul Memoirs is a photocopy of the original memoirs of Colonel Micah Taul (1782-1850). These memoirs were begun January 1, 1848 and completed in 1849.","recordLocation":{"name":"W. L. Eury Appalachian Collection","location":{"addressLocality":"Boone","addressRegion":"NC"},"parentRecordLocation":{"name":"Appalachian State University","location":{"addressLocality":"Boone","addressRegion":"NC"}}}},{"name":"1848-1850, 64 leaves.","recordType":["Papers"],"description":"This is a typescript of the memoirs of Micah Taul (January, 1848-March, 1850). One of the interesting accounts described in his memoirs concerns the time he spent as a soldier in the Kentucky Volunteers during the War of 1812. He gives a vivid and personal account of personalities of commanding officers, events, and daily existence as the Left Wing of the Northwest Army moved northward through Ohio during the war. Included in this account are descriptions of General James Winchester and General William Henry Harrison.","recordLocation":{"name":"Special Collections and Digital Programs","location":{"addressLocality":"Lexington","addressRegion":"KY"},"parentRecordLocation":{"name":"University of Kentucky Libraries","url":"http://www.uky.edu/Libraries/Special/mpa","location":{"addressLocality":"Lexington","addressRegion":"KY"}}}},{"name":"In the Jane Sharp Collection, 1848, 1 folder.","recordType":["Papers"],"description":"The Jane Sharp Collection includes the handwritten memoir of Micah Taul. Taul writes about various experiences in his life, including his first job clerking for Captain Bullock, living and working in Wayne County, and his experiences during the War 1812. Also included are two writings; one is entitled \"Robert E. Lee: Soldiers and Gentlemen\" and the other is an unidentified writing which discusses the actions of Captain John A. Winslow and Captain Raphael Semmes during the Battle of Cherbourg during the American Civil War in 1864.","findingAid":false,"recordLocation":{"name":"Martin F. Schmidt Research Library","location":{"addressLocality":"Frankfort","addressRegion":"KY"},"parentRecordLocation":{"name":"Kentucky Historical Society","location":{"addressLocality":"Frankfort","addressRegion":"KY"}}}}],"deleted":false}}
