{"data":{"usCongressBioId":"T000025","familyName":"Taliaferro","givenName":"Benjamin","honorificPrefix":"Mr.","unaccentedFamilyName":"Taliaferro","unaccentedGivenName":"Benjamin","birthDate":"1750","birthCirca":false,"birthDateUnknown":false,"deathDate":"1821-09-03","deathCirca":false,"deathDateUnknown":false,"profileText":"a Representative from Georgia; born in Virginia in 1750; completed preparatory studies; served in the Revolutionary War as a lieutenant in the rifle corps commanded by General Morgan; was promoted to captain; captured by the British at Charleston in 1780; settled in Georgia in 1785; member of the state senate and its president; delegate to the state constitutional convention in 1798; elected as a Federalist to the Sixth Congress and reelected as a Democratic Republican to the Seventh Congress and served from March 4, 1799, until his resignation in 1802; judge of the superior court; trustee of Georgia University; died in Wilkes County, Ga., September 3, 1821.","relationship":[],"asset":[],"jobPositions":[{"job":{"name":"Representative","jobType":"CongressMemberJob"},"startDate":"1799-12-02","startCirca":false,"congressAffiliation":{"congress":{"name":"The 6th United States Congress","congressNumber":6,"congressType":"USCongress","startDate":"1799-12-02","endDate":"1801-03-03"},"partyAffiliation":[{"party":{"name":"Federalist"}}],"caucusAffiliation":[{"party":{"name":"Republican"}}],"represents":{"regionType":"StateRegion","regionCode":"GA"}}},{"job":{"name":"Representative","jobType":"CongressMemberJob"},"startDate":"1801-12-07","startCirca":false,"endDate":"1802","endCirca":false,"departureReason":"Resigned","congressAffiliation":{"congress":{"name":"The 7th United States Congress","congressNumber":7,"congressType":"USCongress","startDate":"1801-03-04","endDate":"1803-03-03"},"departureReason":"Resigned","partyAffiliation":[{"party":{"name":"Democratic Republican"},"startCirca":false,"endCirca":false}],"caucusAffiliation":[{"party":{"name":"Democratic Republican"},"startCirca":false,"endCirca":false}],"represents":{"regionType":"StateRegion","regionCode":"GA"},"note":[{"type":"Note","content":"Resigned in 1802.","noteType":"FootNote"}]}}],"creativeWork":[],"researchRecord":[{"name":"In File II Names.","recordType":["Papers"],"description":"File is primarily incoming correspondence to the Governor of Georgia. Finding aid in repository.","recordLocation":{"name":"Georgia Department of Archives and History","location":{"addressLocality":"Atlanta","addressRegion":"GA"}}},{"name":"In the Georgia Superior Court Judicial Circuit Judges Proceeding, 1797, 1 folder.","recordType":["Papers"],"description":"Persons represented include Benjamin Taliaferro.","recordLocation":{"name":"Georgia Historical Society","location":{"addressLocality":"Savannah","addressRegion":"GA"}}},{"name":"1800, 1 item.","recordType":["Papers"],"description":"A letter from Benjamin Taliaferro to John Milledge written on April 7, 1800. In the letter, Taliaferro alludes to dissenting factions within Georgia politics and mentions a request from Milledge concerning a land grant for Abraham Harmon.","recordLocation":{"name":"Hargrett Rare Book and Manuscript Library","location":{"addressLocality":"Athens","addressRegion":"GA"},"parentRecordLocation":{"name":"University of Georgia Libraries","location":{"addressLocality":"Athens","addressRegion":"GA"}}}}],"deleted":false}}
