{"data":{"usCongressBioId":"T000439","familyName":"Tuttle","givenName":"William","middleName":"Edgar","honorificPrefix":"Mr.","honorificSuffix":"Jr.","unaccentedFamilyName":"Tuttle","unaccentedGivenName":"William","unaccentedMiddleName":"Edgar","birthDate":"1870-12-10","birthCirca":false,"birthDateUnknown":false,"deathDate":"1923-02-11","deathCirca":false,"deathDateUnknown":false,"image":[{"contentUrl":"/bioguide-staging/assets/6781731c1f9ad6ea6fb1ebc0.jpg","caption":"Collection of the U.S. House of Representatives","name":"T000439_001"}],"profileText":"A Representative from New Jersey; born in Horseheads, Chemung County, N.Y., December 10, 1870; was graduated from Horseheads High School and Elmira Free Academy in 1887 and attended Cornell University, Ithaca, N.Y., for two years; was engaged in the lumber business in Westfield, N.J.; delegate to the Democratic National Convention in 1908 and 1916; elected as a Democrat to the Sixty-second and Sixty-third Congresses (March 4, 1911-March 3, 1915); unsuccessful candidate for reelection in 1914 to the Sixty-fourth Congress; resumed the lumber business; United States commissioner to the Panama Exposition in 1916; president of the State board of conservation and development in 1919; State commissioner of banking and insurance in 1921; died in Westfield, Union County, N.J., February 11, 1923; interment in Maple Grove Cemetery, Horseheads, N.Y.","relationship":[],"asset":[{"name":"T000439_001","assetType":"Image","contentUrl":"/bioguide-published/assets/6781731c1f9ad6ea6fb1ebc0.jpg","creditLine":"Collection of the U.S. House of Representatives","associatedEntity":[],"accessionNumber":"PA2025.01.0002","usageRight":["Import to Congress.gov"]}],"jobPositions":[{"job":{"name":"Representative","jobType":"CongressMemberJob"},"startDate":"1911-03-04","startCirca":false,"congressAffiliation":{"congress":{"name":"The 62nd United States Congress","congressNumber":62,"congressType":"USCongress","startDate":"1911-04-04","endDate":"1913-03-04"},"partyAffiliation":[{"party":{"name":"Democrat"}}],"caucusAffiliation":[{"party":{"name":"Democrat"}}],"represents":{"regionType":"DistrictRegion","regionCode":"NJ"}}},{"job":{"name":"Representative","jobType":"CongressMemberJob"},"startDate":"1913-03-04","startCirca":false,"congressAffiliation":{"congress":{"name":"The 63rd United States Congress","congressNumber":63,"congressType":"USCongress","startDate":"1913-03-04","endDate":"1915-03-04"},"partyAffiliation":[{"party":{"name":"Democrat"}}],"caucusAffiliation":[{"party":{"name":"Democrat"}}],"represents":{"regionType":"DistrictRegion","regionCode":"NJ"}}}],"creativeWork":[],"researchRecord":[],"deleted":false}}
