{"data":{"usCongressBioId":"T000438","familyName":"Tuthill","givenName":"Selah","honorificPrefix":"Mr.","unaccentedFamilyName":"Tuthill","unaccentedGivenName":"Selah","birthDate":"1771-10-26","birthCirca":false,"deathDate":"1821-09-07","deathCirca":false,"profileText":"(Uncle of Joseph Hasbrouck Tuthill), a Representative from New York; born in Blooming Grove, Orange County, N.Y., October 26, 1771; attended public and private schools; member of the State assembly from Ulster County in 1805 and from Orange County in 1820; elected to the Seventeenth Congress and served from March 4, 1821, until his death in Goshen, N.Y., September 7, 1821; interment in Riverside Cemetery, Marlboro, Ulster County, N.Y.","relationship":[],"asset":[],"jobPositions":[{"job":{"name":"Representative","jobType":"CongressMemberJob"},"endDate":"1821-09-07","endCirca":false,"departureReason":"Died","congressAffiliation":{"congress":{"name":"The 17th United States Congress","congressNumber":17,"congressType":"USCongress","startDate":"1821-12-03","endDate":"1823-03-03"},"departureReason":"Died","represents":{"regionType":"DistrictRegion","regionCode":"NY"},"note":[{"type":"Note","noteType":"FootNote","content":"Died September 7, 1821, before congress assembled."}]}}],"creativeWork":[],"researchRecord":[]}}
