{"data":{"usCongressBioId":"T000261","familyName":"Tibbatts","givenName":"John","middleName":"Wooleston","honorificPrefix":"Mr.","unaccentedFamilyName":"Tibbatts","unaccentedGivenName":"John","unaccentedMiddleName":"Wooleston","birthDate":"1802-06-12","birthCirca":false,"deathDate":"1852-07-05","deathCirca":false,"profileText":"A Representative from Kentucky; born in Lexington, Ky., June 12, 1802; pursued classical studies; studied law; was admitted to the bar in 1826 and commenced practice in Newport, Campbell County, Ky.; held several local offices; elected as a Democrat to the Twenty-eighth and Twenty-ninth Congresses (March 4, 1843-March 3, 1847); served as colonel in the Mexican War; resumed the practice of law in Newport, Ky., and died there July 5, 1852; interment in Evergreen Cemetery.","relationship":[],"asset":[],"jobPositions":[{"job":{"name":"Representative","jobType":"CongressMemberJob"},"startDate":"1843-03-04","startCirca":false,"congressAffiliation":{"congress":{"name":"The 28th United States Congress","congressNumber":28,"congressType":"USCongress","startDate":"1843-12-04","endDate":"1845-03-03"},"partyAffiliation":[{"party":{"name":"Democrat"}}],"caucusAffiliation":[{"party":{"name":"Democrat"}}],"represents":{"regionType":"DistrictRegion","regionCode":"KY"}}},{"job":{"name":"Representative","jobType":"CongressMemberJob"},"startDate":"1845-03-04","startCirca":false,"congressAffiliation":{"congress":{"name":"The 29th United States Congress","congressNumber":29,"congressType":"USCongress","startDate":"1845-03-04","endDate":"1847-03-03"},"partyAffiliation":[{"party":{"name":"Democrat"}}],"caucusAffiliation":[{"party":{"name":"Democrat"}}],"represents":{"regionType":"DistrictRegion","regionCode":"KY"}}}],"creativeWork":[],"researchRecord":[{"name":"In the Mexican War Collection, 1829-1848, 89 pieces.","recordType":["Papers"],"description":"Persons represented in the collection include John Wooleston Tibbatts.","recordLocation":{"name":"Manuscripts Department","location":{"addressLocality":"San Marino","addressRegion":"CA"},"parentRecordLocation":{"name":"The Huntington Library","location":{"addressLocality":"San Marino","addressRegion":"CA"}}}}]}}
