{"data":{"usCongressBioId":"T000423","familyName":"Turner","givenName":"James","unaccentedFamilyName":"Turner","unaccentedGivenName":"James","birthDate":"1766","birthCirca":false,"deathDate":"1824","deathCirca":false,"profileText":"(Father of Daniel Turner), a Senator from North Carolina; born in Southampton County, Va., December 20, 1766; moved to Warren County, N.C., in 1770; attended the common schools; engaged in planting; served as a private in a company of North Carolina Volunteers during the Revolutionary War; member, State house of commons 1797-1800; member, State senate 1801-1802; Governor of North Carolina 1802-1805; elected as a Democratic Republican to the United States Senate in 1805; reelected in 1811 and served from March 4, 1805, to November 21, 1816, when he resigned due to ill health; died on his plantation, 'Bloomsbury,' near Warrenton, Warren County, N.C., January 15, 1824; interment in Bloomsbury Cemetery.","relationship":[],"asset":[],"jobPositions":[{"job":{"name":"Senator","jobType":"CongressMemberJob"},"congressAffiliation":{"congress":{"name":"The 9th United States Congress","congressNumber":9,"congressType":"USCongress","startDate":"1805-12-02","endDate":"1807-03-03"},"partyAffiliation":[{"party":{"name":"Democratic Republican"}}],"caucusAffiliation":[{"party":{"name":"Republican"}}],"represents":{"regionType":"StateRegion","regionCode":"NC"}},"startCirca":false,"startDate":"1805-03-04"},{"job":{"name":"Senator","jobType":"CongressMemberJob"},"congressAffiliation":{"congress":{"name":"The 10th United States Congress","congressNumber":10,"congressType":"USCongress","startDate":"1807-10-26","endDate":"1809-03-03"},"partyAffiliation":[{"party":{"name":"Democratic Republican"}}],"caucusAffiliation":[{"party":{"name":"Republican"}}],"represents":{"regionType":"StateRegion","regionCode":"NC"}}},{"job":{"name":"Senator","jobType":"CongressMemberJob"},"congressAffiliation":{"congress":{"name":"The 11th United States Congress","congressNumber":11,"congressType":"USCongress","startDate":"1809-03-04","endDate":"1811-03-03"},"partyAffiliation":[{"party":{"name":"Democratic Republican"}}],"caucusAffiliation":[{"party":{"name":"Republican"}}],"represents":{"regionType":"StateRegion","regionCode":"NC"}}},{"job":{"name":"Senator","jobType":"CongressMemberJob"},"congressAffiliation":{"congress":{"name":"The 12th United States Congress","congressNumber":12,"congressType":"USCongress","startDate":"1811-11-04","endDate":"1813-03-03"},"partyAffiliation":[{"party":{"name":"Democratic Republican"}}],"caucusAffiliation":[{"party":{"name":"Republican"}}],"represents":{"regionType":"StateRegion","regionCode":"NC"}}},{"job":{"name":"Senator","jobType":"CongressMemberJob"},"congressAffiliation":{"congress":{"name":"The 13th United States Congress","congressNumber":13,"congressType":"USCongress","startDate":"1813-05-24","endDate":"1815-03-03"},"partyAffiliation":[{"party":{"name":"Democratic Republican"}}],"caucusAffiliation":[{"party":{"name":"Republican"}}],"represents":{"regionType":"StateRegion","regionCode":"NC"}}},{"job":{"name":"Senator","jobType":"CongressMemberJob"},"congressAffiliation":{"congress":{"name":"The 14th United States Congress","congressNumber":14,"congressType":"USCongress","startDate":"1815-12-04","endDate":"1817-03-03"},"partyAffiliation":[{"party":{"name":"Democratic Republican"}}],"caucusAffiliation":[{"party":{"name":"Republican"}}],"represents":{"regionType":"StateRegion","regionCode":"NC"}},"endCirca":false,"endDate":"1816-11-21"}],"creativeWork":[],"researchRecord":[{"name":"Gubernatorial papers and photographs of portraits.","recordType":["Papers"],"recordLocation":{"name":"North Carolina Division of Archives and History","location":{"addressLocality":"Raleigh","addressRegion":"NC"}}}]}}
