{"data":{"usCongressBioId":"T000418","familyName":"Turner","givenName":"Daniel","honorificPrefix":"Mr.","unaccentedFamilyName":"Turner","unaccentedGivenName":"Daniel","birthDate":"1796-09-21","birthCirca":false,"birthDateUnknown":false,"deathDate":"1860-07-21","deathCirca":false,"deathDateUnknown":false,"profileText":"a Representative from North Carolina; born near Warrenton, Warren County, N.C., September 21, 1796; completed preparatory studies; was graduated from the United States Military Academy at West Point in 1814, and commissioned second lieutenant of Artillery the same year; served in the War of 1812 as acting assistant engineer; resigned his commission May 17, 1815; student for two years at the College of William and Mary, Williamsburg, Va.; moved to North Carolina; member of the North Carolina house of commons 1819-1823; elected as a Jacksonian candidate to the Twentieth Congress (March 4, 1827-March 3, 1829); was not a candidate for renomination; principal of the Warrenton (N.C.) Female Seminary; superintending engineer of the construction of public works at the Mare Island (Calif.) Navy Yard from September 16, 1854, until his death there July 21, 1860; interment in Mare Island Naval Cemetery.","relationship":[{"relationshipType":"son","relatedTo":{"usCongressBioId":"T000422","familyName":"Turner","givenName":"James","honorificPrefix":"Mr.","unaccentedFamilyName":"Turner","unaccentedGivenName":"James","birthDate":"1783-11-07","birthCirca":false,"birthDateUnknown":false,"deathDate":"1861-03-28","deathCirca":false,"deathDateUnknown":false,"deleted":false}}],"asset":[],"jobPositions":[{"job":{"name":"Representative","jobType":"CongressMemberJob"},"startDate":"1827-12-03","startCirca":false,"endCirca":false,"congressAffiliation":{"congress":{"name":"The 20th United States Congress","congressNumber":20,"congressType":"USCongress","startDate":"1827-12-03","endDate":"1829-03-03"},"partyAffiliation":[{"party":{"name":"Jacksonian"},"startCirca":false,"endCirca":false}],"caucusAffiliation":[{"party":{"name":"Jacksonian"},"startCirca":false,"endCirca":false}],"represents":{"regionType":"DistrictRegion","regionCode":"NC"}}}],"creativeWork":[],"researchRecord":[{"name":"In the Key-Cutts-Turner Family Papers, ca. 1808-1875, 0.4 linear foot.","recordType":["Papers"],"description":"Correspondents include Daniel Turner.","recordLocation":{"name":"Manuscript Division","location":{"addressLocality":"Washington","addressRegion":"DC"},"parentRecordLocation":{"name":"Library of Congress","location":{"addressLocality":"Washington","addressRegion":"DC"}}}},{"name":"In the Key-Cutts-Turner Family Papers, 1808-1875, 1 reel.","recordType":["Microfilm"],"description":"Correspondents include Daniel Turner.","recordLocation":{"name":"Albert and Shirley Small Special Collections Library","location":{"addressLocality":"Charlottesville","addressRegion":"VA"},"parentRecordLocation":{"name":"University of Virginia","location":{"addressLocality":"Charlottesville","addressRegion":"VA"}}}}],"deleted":false}}
