{"data":{"usCongressBioId":"T000344","familyName":"Tracy","givenName":"Andrew","honorificPrefix":"Mr.","unaccentedFamilyName":"Tracy","unaccentedGivenName":"Andrew","birthDate":"1797-12-15","birthCirca":false,"deathDate":"1868-10-28","deathCirca":false,"profileText":"A Representative from Vermont; born in Hartford, Vt., December 15, 1797; attended Royalton and Randolph Academies, and also Dartmouth College, Hanover, N.H., for two years; taught school; studied law; was admitted to the bar in 1826 and commenced practice in Quechee, Windsor County, Vt.; moved to Woodstock, Vt., in 1838 and continued the practice of law; member of the State house of representatives 1833-1837; served in the State senate in 1839; was an unsuccessful candidate for election in 1840 to the Twenty-seventh Congress; again a member of the State house of representatives 1843-1845 and served as speaker; elected as a Whig to the Thirty-third Congress (March 4, 1853-March 3, 1855); declined to be a candidate for renomination in 1854 to the Thirty-fourth Congress; resumed the practice of his profession; died in Woodstock, Vt., on October 28, 1868; interment in Old Cemetery on River Street.","relationship":[],"asset":[],"jobPositions":[{"job":{"name":"Representative","jobType":"CongressMemberJob"},"startDate":"1853-03-04","startCirca":false,"congressAffiliation":{"congress":{"name":"The 33rd United States Congress","congressNumber":33,"congressType":"USCongress","startDate":"1853-03-04","endDate":"1855-03-03"},"partyAffiliation":[{"party":{"name":"Whig"}}],"caucusAffiliation":[{"party":{"name":"Whig"}}],"represents":{"regionType":"DistrictRegion","regionCode":"VT"}}}],"creativeWork":[],"researchRecord":[{"name":"1860, 1 folder.","recordType":["Papers"],"description":"A letter from Andrew Tracey in Montpelier, Vermont, to the law practice of Washburn &amp; Marsh in Woodstock, Vermont, on October 25 1860.","recordLocation":{"name":"Vermont Historical Society","location":{"addressLocality":"Montpelier","addressRegion":"VT"}}}]}}
