{"data":{"usCongressBioId":"T000023","familyName":"Talcott","givenName":"Charles","middleName":"Andrew","honorificPrefix":"Mr.","unaccentedFamilyName":"Talcott","unaccentedGivenName":"Charles","unaccentedMiddleName":"Andrew","birthDate":"1857-06-10","birthCirca":false,"birthDateUnknown":false,"deathDate":"1920-02-27","deathCirca":false,"deathDateUnknown":false,"image":[{"contentUrl":"/bioguide-staging/assets/66d71b11f82b0eef2ffd67b9.jpg","caption":"Image courtesy of the Library of Congress","name":"T000023_001"}],"profileText":"A Representative from New York; born in Oswego, Oswego County, N.Y., June 10, 1857; attended the public schools and Utica Free Academy; was graduated from Princeton University in 1879; studied law; was admitted to the bar in 1881 and commenced practice in Utica, N.Y.; clerk of the city court 1881-1883; city counsel of Utica in 1886; member of the board of police and fire commissioners 1888-1892; trustee of the Utica Public Library 1893-1901; mayor of the city of Utica 1902-1906; elected as a Democrat to the Sixty-second and Sixty-third Congresses (March 4, 1911-March 3, 1915); unsuccessful candidate for reelection in 1914 to the Sixty-fourth Congress; engaged in the practice of law until his death in Utica, N.Y., February 27, 1920; interment in Forest Hill Cemetery.","relationship":[],"asset":[{"name":"T000023_001","assetType":"Image","contentUrl":"/bioguide-published/assets/66d71b11f82b0eef2ffd67b9.jpg","creditLine":"Image courtesy of the Library of Congress","associatedEntity":[],"note":[{"noteType":"ImageNote","content":"https://www.loc.gov/item/2016858786/"}],"usageRight":["Import to Congress.gov"]}],"jobPositions":[{"job":{"name":"Representative","jobType":"CongressMemberJob"},"startDate":"1911-03-04","startCirca":false,"congressAffiliation":{"congress":{"name":"The 62nd United States Congress","congressNumber":62,"congressType":"USCongress","startDate":"1911-04-04","endDate":"1913-03-04"},"partyAffiliation":[{"party":{"name":"Democrat"}}],"caucusAffiliation":[{"party":{"name":"Democrat"}}],"represents":{"regionType":"DistrictRegion","regionCode":"NY"}}},{"job":{"name":"Representative","jobType":"CongressMemberJob"},"startDate":"1913-03-04","startCirca":false,"congressAffiliation":{"congress":{"name":"The 63rd United States Congress","congressNumber":63,"congressType":"USCongress","startDate":"1913-03-04","endDate":"1915-03-04"},"partyAffiliation":[{"party":{"name":"Democrat"}}],"caucusAffiliation":[{"party":{"name":"Democrat"}}],"represents":{"regionType":"DistrictRegion","regionCode":"NY"}}}],"creativeWork":[],"researchRecord":[{"name":"In the Ray Stannard Baker Papers, ca. 1836-1947, 55.6 linear feet.","recordType":["Papers"],"description":"Correspondents include Charles A. Talcott.","recordLocation":{"name":"Manuscript Division","location":{"addressLocality":"Washington","addressRegion":"DC"},"parentRecordLocation":{"name":"Library of Congress","location":{"addressLocality":"Washington","addressRegion":"DC"}}}}],"deleted":false}}
