{"data":{"usCongressBioId":"T000095","familyName":"Taylor","givenName":"Nathaniel","middleName":"Green","honorificPrefix":"Mr.","unaccentedFamilyName":"Taylor","unaccentedGivenName":"Nathaniel","unaccentedMiddleName":"Green","birthDate":"1819-12-29","birthCirca":false,"deathDate":"1887-04-01","deathCirca":false,"profileText":"A Representative from Tennessee; born in Happy Valley, Carter County, Tenn., December 29, 1819; was educated in private schools and Washington College, near Jonesboro, Tenn.; was graduated from Princeton College in 1840; studied law; was admitted to the bar in 1841 and commenced practice in Elizabethton, Carter County, Tenn.; elected as a Whig to the Thirty-third Congress to fill the vacancy caused by the death of Brookins Campbell, who never qualified, and served from March 30, 1854, to March 3, 1855; unsuccessful candidate for reelection in 1854 to the Thirty-fourth Congress; presidential elector on the Constitutional Union ticket of Bell and Everett in 1860; member of the relief association formed for the aid of war sufferers in east Tennessee and lectured in their behalf throughout the East; upon the readmission of Tennessee to representation was elected as a Unionist to the Thirty-ninth Congress and served from July 24, 1866, to March 3, 1867; was not a candidate for renomination in 1866, Commissioner of Indian Affairs from March 26, 1867, to April 21, 1869, when he retired, and devoted himself to farming and preaching; died in Happy Valley, Carter County, Tenn., April 1, 1887; interment in the old Taylor private cemetery.","relationship":[{"relationshipType":"father","relatedTo":{"usCongressBioId":"T000064","familyName":"Taylor","givenName":"Alfred","middleName":"Alexander","honorificPrefix":"Mr.","unaccentedFamilyName":"Taylor","unaccentedGivenName":"Alfred","unaccentedMiddleName":"Alexander","birthDate":"1848-08-06","birthCirca":false,"deathDate":"1931-11-25","deathCirca":false,"deleted":false}},{"relationshipType":"father","relatedTo":{"usCongressBioId":"T000098","familyName":"Taylor","givenName":"Robert","middleName":"Love","unaccentedFamilyName":"Taylor","unaccentedGivenName":"Robert","unaccentedMiddleName":"Love","birthDate":"1850","birthCirca":false,"deathDate":"1912","deathCirca":false,"deleted":false}}],"asset":[],"jobPositions":[{"job":{"name":"Representative","jobType":"CongressMemberJob"},"startDate":"1854-03-30","startCirca":false,"congressAffiliation":{"congress":{"name":"The 33rd United States Congress","congressNumber":33,"congressType":"USCongress","startDate":"1853-03-04","endDate":"1855-03-03"},"partyAffiliation":[{"party":{"name":"Whig"}}],"caucusAffiliation":[{"party":{"name":"Whig"}}],"represents":{"regionType":"DistrictRegion","regionCode":"TN"},"note":[{"type":"Note","noteType":"FootNote","content":"Elected to fill vacancy caused by death of Brookins Campbell, and took his seat March 30, 1854."}]}},{"job":{"name":"Representative","jobType":"CongressMemberJob"},"startDate":"1866-07-24","startCirca":false,"congressAffiliation":{"congress":{"name":"The 39th United States Congress","congressNumber":39,"congressType":"USCongress","startDate":"1865-03-04","endDate":"1867-03-03"},"partyAffiliation":[{"party":{"name":"Unionist"}}],"caucusAffiliation":[{"party":{"name":"Unionist"}}],"represents":{"regionType":"DistrictRegion","regionCode":"TN"},"note":[{"type":"Note","noteType":"FootNote","content":"Took his seat July 24, 1866."}]}}],"creativeWork":[{"freeFormCitationText":"Taylor, Nathaniel Green. <i>Extract from the Annual report of the commissioner of Indian affairs for the year 1868</i>. Washington: Intelligencer Printing House, 1869."},{"freeFormCitationText":"------. <i>Remarks on Hon. N. G. Taylor, President Indian Peace Commission, and commissioner of Indian Affairs, on the question of the transfer of the Indian Bureau from the Interior to the War Department</i>. [Washington]: J. L. Pearson, printer, [1869?]"},{"freeFormCitationText":"------. <i>Shall Indian affairs be placed under the control and influence of the military</i>? [Washington?: N.p., 1869?]"}],"researchRecord":[{"name":"In the Andrew Jackson Faulk Letters and Speech, 1862-1870, 21 items.","recordType":["Papers"],"description":"Correspondents include N.G. Taylor.","recordLocation":{"name":"Edward E. Ayer Manuscript Collection","location":{"addressLocality":"Chicago","addressRegion":"IL"},"parentRecordLocation":{"name":"Newberry Library","location":{"addressLocality":"Chicago","addressRegion":"IL"}}}}]}}
