{"data":{"usCongressBioId":"T000370","familyName":"Trigg","givenName":"John","middleName":"Johns","honorificPrefix":"Mr.","unaccentedFamilyName":"Trigg","unaccentedGivenName":"John","unaccentedMiddleName":"Johns","birthDate":"1748","birthCirca":false,"birthDateUnknown":false,"deathDate":"1804-05-17","deathCirca":false,"deathDateUnknown":false,"profileText":"a Representative from Virginia; born on his father's estate near Old Liberty (now Bedford), Va., in 1748; received a liberal schooling; engaged in agricultural pursuits; raised a company of militia in Bedford County, Va., in 1775; was commissioned captain March 23, 1778; promoted to the rank of major in 1781, and served throughout the Revolution; served under Washington at the siege of Yorktown; member of the Virginia state ratification convention in 1788; lieutenant colonel of militia in 1791; major of the Second Battalion, Tenth Regiment of Militia, in 1793; justice of the peace of Bedford County; served as a member of the Virginia state house of delegates, 1784-1792; elected as a Democratic Republican to the Fifth and to the three succeeding Congresses and served from March 4, 1797, until his death on his estate, near Old Liberty, Bedford County, Va., on May 17, 1804; interment in burial grounds on his estate.","relationship":[{"relationshipType":"brother","relatedTo":{"usCongressBioId":"T000368","familyName":"Trigg","givenName":"Abram","honorificPrefix":"Mr.","unaccentedFamilyName":"Trigg","unaccentedGivenName":"Abram","birthDate":"1750","birthCirca":false,"birthDateUnknown":false,"deathCirca":false,"deathDateUnknown":true,"deleted":false}}],"asset":[],"jobPositions":[{"job":{"name":"Representative","jobType":"CongressMemberJob"},"startDate":"1797-05-15","startCirca":false,"endCirca":false,"congressAffiliation":{"congress":{"name":"The 5th United States Congress","congressNumber":5,"congressType":"USCongress","startDate":"1797-03-04","endDate":"1799-03-03"},"partyAffiliation":[{"party":{"name":"Democratic Republican"},"startCirca":false,"endCirca":false}],"caucusAffiliation":[{"party":{"name":"Democratic Republican"},"startCirca":false,"endCirca":false}],"represents":{"regionType":"DistrictRegion","regionCode":"VA"}}},{"job":{"name":"Representative","jobType":"CongressMemberJob"},"startDate":"1799-12-02","startCirca":false,"endCirca":false,"congressAffiliation":{"congress":{"name":"The 6th United States Congress","congressNumber":6,"congressType":"USCongress","startDate":"1799-12-02","endDate":"1801-03-03"},"partyAffiliation":[{"party":{"name":"Democratic Republican"},"startCirca":false,"endCirca":false}],"caucusAffiliation":[{"party":{"name":"Democratic Republican"},"startCirca":false,"endCirca":false}],"represents":{"regionType":"DistrictRegion","regionCode":"VA"}}},{"job":{"name":"Representative","jobType":"CongressMemberJob"},"startDate":"1801-12-07","startCirca":false,"endCirca":false,"congressAffiliation":{"congress":{"name":"The 7th United States Congress","congressNumber":7,"congressType":"USCongress","startDate":"1801-03-04","endDate":"1803-03-03"},"partyAffiliation":[{"party":{"name":"Democratic Republican"},"startCirca":false,"endCirca":false}],"caucusAffiliation":[{"party":{"name":"Democratic Republican"},"startCirca":false,"endCirca":false}],"represents":{"regionType":"DistrictRegion","regionCode":"VA"}}},{"job":{"name":"Representative","jobType":"CongressMemberJob"},"startDate":"1803-10-17","startCirca":false,"endCirca":false,"congressAffiliation":{"congress":{"name":"The 8th United States Congress","congressNumber":8,"congressType":"USCongress","startDate":"1803-10-17","endDate":"1805-03-03"},"partyAffiliation":[{"party":{"name":"Democratic Republican"},"startCirca":false,"endCirca":false}],"caucusAffiliation":[{"party":{"name":"Democratic Republican"},"startCirca":false,"endCirca":false}],"represents":{"regionType":"DistrictRegion","regionCode":"VA"}}}],"creativeWork":[],"researchRecord":[],"deleted":false}}
