{"data":{"usCongressBioId":"T000419","familyName":"Turner","givenName":"Erastus","middleName":"Johnson","honorificPrefix":"Mr.","unaccentedFamilyName":"Turner","unaccentedGivenName":"Erastus","unaccentedMiddleName":"Johnson","birthDate":"1846-12-26","birthCirca":false,"birthDateUnknown":false,"deathDate":"1933-02-10","deathCirca":false,"deathDateUnknown":false,"image":[{"contentUrl":"/bioguide-staging/assets/66d734ddf82b0eef2ffd6879.jpg","caption":"Image courtesy of the Library of Congress","name":"T000419_001"}],"profileText":"A Representative from Kansas; born in Lockport, Erie County, Pa., December 26, 1846; attended college in Henry, Ill., in 1859 and 1860; moved to Bloomfield, Iowa, in 1860; enlisted in Company E, Thirteenth Regiment, Iowa Volunteer Infantry, in 1864 and served until the close of the Civil War; attended Adrian (Mich.) College 1866-1868; was admitted to the bar in 1871 and commenced practice at Bloomfield, Iowa; moved to Hoxie, Sheridan County, Kans., in 1879 and resumed the practice of law; member of the State house of representatives 1881-1885; secretary of the Kansas Board of Railroad Commissioners from April 1, 1883, to August 1, 1886; elected as a Republican to the Fiftieth and Fifty-first Congresses (March 4, 1887-March 3, 1891); was not a candidate for renomination in 1890; practiced law several years in Washington, D.C.; moved to Seattle, Wash., in 1905 and continued the practice of law; retired from active pursuits in 1916 and moved to Los Angeles, Calif., where he died February 10, 1933; interment in Forest Lawn Mausoleum, Glendale, Calif.","relationship":[],"asset":[{"name":"T000419_001","assetType":"Image","contentUrl":"/bioguide-published/assets/66d734ddf82b0eef2ffd6879.jpg","creditLine":"Image courtesy of the Library of Congress","associatedEntity":[],"note":[{"noteType":"ImageNote","content":"https://www.loc.gov/item/2016688670/"}],"usageRight":["Import to Congress.gov"]}],"jobPositions":[{"job":{"name":"Representative","jobType":"CongressMemberJob"},"startDate":"1889-03-04","startCirca":false,"congressAffiliation":{"congress":{"name":"The 51st United States Congress","congressNumber":51,"congressType":"USCongress","startDate":"1889-03-04","endDate":"1891-03-03"},"partyAffiliation":[{"party":{"name":"Republican"}}],"caucusAffiliation":[{"party":{"name":"Republican"}}],"represents":{"regionType":"DistrictRegion","regionCode":"KS"}}},{"job":{"name":"Representative","jobType":"CongressMemberJob"},"startDate":"1887-03-04","startCirca":false,"congressAffiliation":{"congress":{"name":"The 50th United States Congress","congressNumber":50,"congressType":"USCongress","startDate":"1887-12-05","endDate":"1889-03-04"},"partyAffiliation":[{"party":{"name":"Republican"}}],"caucusAffiliation":[{"party":{"name":"Republican"}}],"represents":{"regionType":"DistrictRegion","regionCode":"KS"}}}],"creativeWork":[],"researchRecord":[],"deleted":false}}
