{"data":{"usCongressBioId":"T000248","familyName":"Thropp","givenName":"Joseph","middleName":"Earlston","honorificPrefix":"Mr.","unaccentedFamilyName":"Thropp","unaccentedGivenName":"Joseph","unaccentedMiddleName":"Earlston","birthDate":"1847-10-04","birthCirca":false,"deathDate":"1927-07-27","deathCirca":false,"profileText":"A Representative from Pennsylvania; born in Valley Forge, Chester County, Pa., October 4, 1847; attended the public schools and Friends Central High School, Philadelphia, Pa., and was graduated as a civil engineer from the Polytechnic College of Pennsylvania in 1868; went to the Middle Northwest and engaged in his profession, constructing docks at Duluth and Fond du Lac, Wis., attaining the position of railroad division engineer; moved to Conshohocken, Pa., in 1870 and engaged in the manufacture of pig iron; subsequently became owner of the Earlston Furnaces, Everett, Pa., in 1888; elected as a Republican to the Fifty-sixth Congress (March 4, 1899-March 3, 1901); was an unsuccessful candidate for reelection in 1900 to the Fifty-seventh Congress; retired from active business pursuits and resided in Washington, D.C., and Miami, Fla.; died while on a visit in Quebec, Canada, July 27, 1927; interment in West Laurel Hill Cemetery, Philadelphia, Pa.","relationship":[],"asset":[],"jobPositions":[{"job":{"name":"Representative","jobType":"CongressMemberJob"},"startDate":"1899-03-04","startCirca":false,"congressAffiliation":{"congress":{"name":"The 56th United States Congress","congressNumber":56,"congressType":"USCongress","startDate":"1899-12-04","endDate":"1901-03-03"},"partyAffiliation":[{"party":{"name":"Republican"}}],"caucusAffiliation":[{"party":{"name":"Republican"}}],"represents":{"regionType":"DistrictRegion","regionCode":"PA"}}}],"creativeWork":[],"researchRecord":[{"name":"In the Valentine Family Papers, 1836-1922, 35 items.","recordType":["Papers"],"description":"Other authors include Joseph Thropp.","recordLocation":{"name":"Historical Collections and Labor Archives","location":{"addressLocality":"University Park","addressRegion":"PA"},"parentRecordLocation":{"name":"Pennsylvania State University Libraries","location":{"addressLocality":"University Park","addressRegion":"PA"}}}}]}}
