{"data":{"usCongressBioId":"T000343","familyName":"Tracy","givenName":"Albert","middleName":"Haller","honorificPrefix":"Mr.","unaccentedFamilyName":"Tracy","unaccentedGivenName":"Albert","unaccentedMiddleName":"Haller","birthDate":"1793-06-17","birthCirca":false,"birthDateUnknown":false,"deathDate":"1859-09-19","deathCirca":false,"deathDateUnknown":false,"profileText":"a Representative from New York; born in Norwich, Conn., June 17, 1793; pursued classical studies; studied medicine; moved to New York State in 1811; abandoned medicine and studied law; was admitted to the bar and commenced practice in Buffalo, N.Y., in 1815; elected as a Democratic Republican to the Sixteenth and to the succeeding Congress; elected as Adams-Clay Republican to the Eighteenth Congress (March 4, 1819-March 3, 1825); chairman, Committee on Expenditures in the Department of the Treasury (Seventeenth Congress); member of the State senate 1830-1837; unsuccessful Whig candidate for election to the United States Senate in 1839; died in Buffalo, N.Y., September 19, 1859; interment in Forest Lawn Cemetery, Buffalo, N.Y.","relationship":[{"relationshipType":"brother","relatedTo":{"usCongressBioId":"T000346","familyName":"Tracy","givenName":"Phineas","middleName":"Lyman","honorificPrefix":"Mr.","unaccentedFamilyName":"Tracy","unaccentedGivenName":"Phineas","unaccentedMiddleName":"Lyman","birthDate":"1786-12-25","birthCirca":false,"birthDateUnknown":false,"deathDate":"1876-12-22","deathCirca":false,"deathDateUnknown":false,"deleted":false}}],"asset":[],"jobPositions":[{"job":{"name":"Representative","jobType":"CongressMemberJob"},"startDate":"1819-12-06","startCirca":false,"endCirca":false,"congressAffiliation":{"congress":{"name":"The 16th United States Congress","congressNumber":16,"congressType":"USCongress","startDate":"1819-12-06","endDate":"1821-03-03"},"partyAffiliation":[{"party":{"name":"Democratic Republican"},"startCirca":false,"endCirca":false}],"caucusAffiliation":[{"party":{"name":"Democratic Republican"},"startCirca":false,"endCirca":false}],"represents":{"regionType":"DistrictRegion","regionCode":"NY"},"note":[{"type":"Note","content":"One of two elected to represent the 21st district.","noteType":"FootNote"}]}},{"job":{"name":"Representative","jobType":"CongressMemberJob"},"startDate":"1821-12-03","startCirca":false,"endCirca":false,"congressAffiliation":{"congress":{"name":"The 17th United States Congress","congressNumber":17,"congressType":"USCongress","startDate":"1821-12-03","endDate":"1823-03-03"},"partyAffiliation":[{"party":{"name":"Democratic Republican"},"startCirca":false,"endCirca":false}],"caucusAffiliation":[{"party":{"name":"Democratic Republican"},"startCirca":false,"endCirca":false}],"represents":{"regionType":"DistrictRegion","regionCode":"NY"}}},{"job":{"name":"Representative","jobType":"CongressMemberJob"},"startDate":"1823-12-01","startCirca":false,"endCirca":false,"congressAffiliation":{"congress":{"name":"The 18th United States Congress","congressNumber":18,"congressType":"USCongress","startDate":"1823-12-01","endDate":"1825-03-03"},"partyAffiliation":[{"party":{"name":"Adams-Clay Republican"},"startCirca":false,"endCirca":false}],"caucusAffiliation":[{"party":{"name":"Adams-Clay Republican"},"startCirca":false,"endCirca":false}],"represents":{"regionType":"DistrictRegion","regionCode":"NY"}}}],"creativeWork":[],"researchRecord":[{"name":"1815, 1 item.","recordType":["Papers"],"description":"A letter from Albert Tracy to his brother, Phineas L. Tracy, written on April 30, 1815. In the letter, Tracy writes concerning national and New York politics and the War of 1812.","recordLocation":{"name":"Manuscript Division","location":{"addressLocality":"Washington","addressRegion":"DC"},"parentRecordLocation":{"name":"Library of Congress","location":{"addressLocality":"Washington","addressRegion":"DC"}}}},{"name":"1815-1851, 3 boxes.","recordType":["Papers"],"description":"The collection contains 254 items, the bulk of the papers being letters to Albert Tracy. Among the correspondents are Millard Fillmore (7 letters), Martin Van Buren (4 letters), William Henry Seward (17 letters), Thurlow Weed (17 letters), John Spencer (23 letters), Silas Wright (15 letters), DeWitt Clinton (2 letters), William L. Marcy (3 letters), Lewis Cass (5 letters) and others. The letters give many insights into the politics and government of New York State and the nation (especially the Anti-Masonic and Whig Parties) during the 1830's and 1840's. Although Tracy did not hold office after 1838, he continued to have an influence on political events, as the letters of this era indicate. There are also some letters from Tracy, some to his wife and other miscellaneous items in the collection. (ca 25 items).","recordLocation":{"name":"New York State Library","location":{"addressLocality":"Albany","addressRegion":"NY"}}},{"name":"1817-1858, 9 items.","recordType":["Papers"],"description":"Letters: Albany, to Ebenezer Averill, Buffalo, 30 Dec. 1824, on Albert Tracy's proposed bill to pay for the pasturage and fuel supplied by Averill; Buffalo, to I. &amp; J. Townsend, Albany, 25 Nov. 1829, informing them of the availability of a house and lot on Washington Street in Buffalo; Albany, to Absalom Bull, Black Rock, 4 Feb. and 11 Feb. 1833, regarding Tracy's proposed bill to extend the time in which public officials must take the oath of office; Albany, to Ralph Plumb, Lodi, Cattaraugus County, 22 Jan. 1834, on the efforts of the Holland Land Company to force settlers to pay a tax imposed by the legislature; a printed circular letter, Norwich, Conn., to \"fellow citizens of Collins, Erie County, New York\", 25 July 1840, giving his view of the upcoming election as a choice between a national bank and an independent treasury; and Buffalo, to Vine Wright Kingsley, New York, on Tracy's definition of government. Also, a receipt concerning notes of Benjamin W. Hopkins and Henry Daw, 1817, signed by Tracy as attorney for the plaintiffs..","recordLocation":{"name":"Buffalo and Erie County Historical Society","location":{"addressLocality":"Buffalo","addressRegion":"NY"}}},{"name":"In the Albert Tracy Papers, 1843-1893, 0.5 linear foot.","recordType":["Papers"],"description":"Prominent correspondents include Albert H. Tracy. The collection also is available on microfilm.","recordLocation":{"name":"Manuscripts Collection","location":{"addressLocality":"New York","addressRegion":"NY"},"parentRecordLocation":{"name":"New York Public Library","url":"http://www.nypl.org/research/chss/spe/rbk/mss","location":{"addressLocality":"New York","addressRegion":"NY"}}}}],"deleted":false}}
