{"data":{"usCongressBioId":"T000030","familyName":"Tallmadge","givenName":"Frederick","middleName":"Augustus","honorificPrefix":"Mr.","unaccentedFamilyName":"Tallmadge","unaccentedGivenName":"Frederick","unaccentedMiddleName":"Augustus","birthDate":"1792-08-29","birthCirca":false,"deathDate":"1869-09-17","deathCirca":false,"profileText":"A Representative from New York; born in Litchfield, Conn., August 29, 1792; completed preparatory studies and was graduated from Yale College in 1811; studied law in the Litchfield Law School; was admitted to the bar in 1811 and commenced practice in New York City in 1813; served as captain in the War of 1812; member of the board of aldermen of New York City in 1834; served as common councilman in 1836; member of the State senate 1837-1840, and during the last session served as president pro tempore; recorder of the city of New York 1841-1846; elected as a Whig to the Thirtieth Congress (March 4, 1847-March 3, 1849); was not a candidate for renomination in 1848; again recorder of the city of New York 1848-1851; superintendent of the Metropolitan police 1857-1862; clerk of the New York Court of Appeals 1862-1865; resumed the practice of law in New York City; returned to Litchfield, Conn., in 1869, and died there on September 17, 1869; interment in the East Cemetery.","relationship":[{"relationshipType":"son","relatedTo":{"usCongressBioId":"T000029","familyName":"Tallmadge","givenName":"Benjamin","honorificPrefix":"Mr.","unaccentedFamilyName":"Tallmadge","unaccentedGivenName":"Benjamin","birthDate":"1754-02-25","birthCirca":false,"deathDate":"1835-03-07","deathCirca":false}}],"asset":[],"jobPositions":[{"job":{"name":"Representative","jobType":"CongressMemberJob"},"startDate":"1847-03-04","startCirca":false,"congressAffiliation":{"congress":{"name":"The 30th United States Congress","congressNumber":30,"congressType":"USCongress","startDate":"1847-12-06","endDate":"1849-03-03"},"partyAffiliation":[{"party":{"name":"Whig"}}],"caucusAffiliation":[{"party":{"name":"Whig"}}],"represents":{"regionType":"DistrictRegion","regionCode":"NY"}}}],"creativeWork":[],"researchRecord":[{"name":"1 document.","recordType":["Papers"],"recordLocation":{"name":"Boston Public Library","location":{"addressLocality":"Boston","addressRegion":"MA"}}},{"name":"1865, 1 page.","recordType":["Papers"],"description":"A letter from Frederick Tallmadge to D.W. Patterson written on April 19, 1865. In the letter, Tallmadge writes that he will try to locate a sketch of his ancestry but has never seen a written or printed genealogy of the Tallmadge family.","recordLocation":{"name":"Connecticut Historical Society","location":{"addressLocality":"Hartford","addressRegion":"CT"}}},{"name":"In Benjamin Tallmadge Papers, 1777-1864, 5 boxes.","recordType":["Papers"],"description":"A group of papers are from Benjamin Tallmadge's son, Frederick Augustus Tallmadge. Many of the letters concern Frederick Tallmadge's publication of his father's memoirs. Others record, and express appreciation for, Tallmadge's public service in New York and in Congress.","recordLocation":{"name":"Litchfield Historical Society","location":{"addressLocality":"Litchfield","addressRegion":"CT"}}},{"name":"In the Silliman Family Papers, ca. 1717-1977, 26.25 linear feet.","recordType":["Papers"],"description":"Persons represented include Frederick Tallmadge.","recordLocation":{"name":"Manuscripts and Archives","location":{"addressLocality":"New Haven","addressRegion":"CT"},"parentRecordLocation":{"name":"Yale University Library","location":{"addressLocality":"New Haven","addressRegion":"CT"}}}}]}}
