{"data":{"usCongressBioId":"T000345","familyName":"Tracy","givenName":"Henry","middleName":"Wells","honorificPrefix":"Mr.","unaccentedFamilyName":"Tracy","unaccentedGivenName":"Henry","unaccentedMiddleName":"Wells","birthDate":"1807-09-24","birthCirca":false,"deathDate":"1886-04-11","deathCirca":false,"profileText":"A Representative from Pennsylvania; born in Ulster Township, Bradford County, Pa., September 24, 1807; completed preparatory studies; attended Angelica Seminary in Allegany County, N.Y.; studied law; engaged in mercantile pursuits and as a road contractor in Standing Stone, Pa., Havre de Grace, Md., and Towanda, Pa.; delegate to the Republican National Convention in 1860; member of the State house of representatives in 1861 and 1862; elected as an Independent Republican to the Thirty-eighth Congress (March 4, 1863-March 3, 1865); collector of the port of Philadelphia in 1866; resumed mercantile pursuits; died at Standing Stone, Bradford County, Pa., April 11, 1886; interment in the Brick Church Cemetery, Wysox, Pa.","relationship":[],"asset":[],"jobPositions":[{"job":{"name":"Representative","jobType":"CongressMemberJob"},"startDate":"1863-03-04","startCirca":false,"congressAffiliation":{"congress":{"name":"The 38th United States Congress","congressNumber":38,"congressType":"USCongress","startDate":"1863-03-04","endDate":"1865-03-04"},"partyAffiliation":[{"party":{"name":"Independent Republican"}}],"caucusAffiliation":[{"party":{"name":"Independent Republican"}}],"represents":{"regionType":"DistrictRegion","regionCode":"PA"}}}],"creativeWork":[],"researchRecord":[],"deleted":false}}
