{"data":{"usCongressBioId":"T000036","familyName":"Tannehill","givenName":"Adamson","honorificPrefix":"Mr.","unaccentedFamilyName":"Tannehill","unaccentedGivenName":"Adamson","birthDate":"1750-05-23","birthCirca":false,"birthDateUnknown":false,"deathDate":"1820-12-23","deathCirca":false,"deathDateUnknown":false,"profileText":"A Representative from Pennsylvania; born in Frederick County, Md., May 23, 1750; attended the public schools; served in the Revolutionary War as captain of riflemen; moved to Pennsylvania and engaged in agricultural pursuits near Pittsburgh; held several local offices; brigadier general of Pennsylvania Volunteers in the United States service from September 25 to December 31, 1812; elected as a Democratic Republican to the Thirteenth Congress (March 4, 1813-March 3, 1815); unsuccessful candidate for reelection in 1814 to the Fourteenth Congress; resumed farming; died near Pittsburgh, Allegheny County, Pa., December 23, 1820; interment in the churchyard of the First Presbyterian Church; reinterment in Allegheny Cemetery, Pittsburgh, Pa., in 1849.","relationship":[],"asset":[],"jobPositions":[{"job":{"name":"Representative","jobType":"CongressMemberJob"},"startDate":"1813-05-24","startCirca":false,"endCirca":false,"congressAffiliation":{"congress":{"name":"The 13th United States Congress","congressNumber":13,"congressType":"USCongress","startDate":"1813-05-24","endDate":"1815-03-03"},"partyAffiliation":[{"party":{"name":"Democratic Republican"},"startCirca":false,"endCirca":false}],"caucusAffiliation":[{"party":{"name":"Democratic Republican"},"startCirca":false,"endCirca":false}],"represents":{"regionType":"DistrictRegion","regionCode":"PA"}}}],"creativeWork":[],"researchRecord":[{"name":"1776-1792, 0.05 linear foot.","recordType":["Papers"],"description":"The papers include a commission to Adamson Tanehill as 3rd Lieutenant in Capt. Otho Williams' Company of Maryland Riflemen, 1776 ; commission as Lt. Col. of the 4th battallion, Westmoreland County Militia, 1778 and a deed and mortgage for lot 181 in Pittsburgh to Josiah Tannehill in 1792.","recordLocation":{"name":"Historical Society of Western Pennsylvania","location":{"addressLocality":"Pittsburgh","addressRegion":"PA"}}},{"name":"In the Otho Holland Williams Papers, 1744-1839, amount unknown.","recordType":["Papers"],"description":"Persons represented include Adamson Tanehill.","recordLocation":{"name":"Maryland Historical Society","location":{"addressLocality":"Baltimore","addressRegion":"MD"}}}],"deleted":false}}
