{"data":{"usCongressBioId":"T000129","familyName":"Terrell","givenName":"George","middleName":"Butler","honorificPrefix":"Mr.","unaccentedFamilyName":"Terrell","unaccentedGivenName":"George","unaccentedMiddleName":"Butler","birthDate":"1862-12-05","birthCirca":false,"deathDate":"1947-04-18","deathCirca":false,"profileText":"A Representative from Texas; born in Alto, Cherokee County, Tex., December 5, 1862; attended the public schools, Sam Houston Teachers' College, Huntsville, Tex., and Baylor University, Waco, Tex.; taught school in Cherokee County, Tex., 1886-1903; member of the State teachers' examining board in 1897 and 1902, and of the State textbook commission in 1903; engaged in agricultural pursuits and in stock raising near Alto, Tex., in 1903; member of the State house of representatives 1898-1902, 1906-1912, 1916-1920, 1930-1932; elected commissioner of agriculture of Texas in 1920, serving by reelection until 1931; elected as a Democrat to the Seventy-third Congress (March 4, 1933-January 3, 1935); was not a candidate for renomination in 1934; resumed agricultural pursuits and resided at Alto, Tex., until his death there on April 18, 1947; interment in the Old Palestine Cemetery, near Alto, Tex.","relationship":[],"asset":[],"jobPositions":[{"job":{"name":"Representative","jobType":"CongressMemberJob"},"startDate":"1933-03-04","startCirca":false,"congressAffiliation":{"congress":{"name":"The 73rd United States Congress","congressNumber":73,"congressType":"USCongress","startDate":"1933-03-04","endDate":"1935-01-03"},"partyAffiliation":[{"party":{"name":"Democrat"}}],"caucusAffiliation":[{"party":{"name":"Democrat"}}],"represents":{"regionType":"StateRegion","regionCode":"TX"}}}],"creativeWork":[],"researchRecord":[]}}
