{"data":{"usCongressBioId":"T000332","familyName":"Townsend","givenName":"Edward","middleName":"Waterman","honorificPrefix":"Mr.","unaccentedFamilyName":"Townsend","unaccentedGivenName":"Edward","unaccentedMiddleName":"Waterman","birthDate":"1855-02-10","birthCirca":false,"birthDateUnknown":false,"deathDate":"1942-03-15","deathCirca":false,"deathDateUnknown":false,"image":[{"contentUrl":"/bioguide-staging/assets/66d731ccf82b0eef2ffd6831.jpg","caption":"Image courtesy of the Library of Congress","name":"T000332_001"}],"profileText":"A Representative from New Jersey; born in Cleveland, Ohio, February 10, 1855; attended private and public schools in that city; went to San Francisco, Calif., in 1875 and engaged in newspaper and literary work; moved to New York City in 1893 and continued his reportorial and literary pursuits; in 1900 became a resident of Montclair, Essex County, N.J.; author of novels, plays, short stories, as well as a textbook on the Constitution of the United States; elected as a Democrat to the Sixty-second and Sixty-third Congresses (March 4, 1911-March 3, 1915); unsuccessful candidate for reelection in 1914 to the Sixty-fourth Congress; served as postmaster of Montclair, N.J., 1915-1923; moved to New York City in 1924 and resumed newspaper and literary pursuits; member of the National Institute of Arts and Letters; died in New York City March 15, 1942; interment in Forest Hills Cemetery, Utica, N.Y.","relationship":[],"asset":[{"name":"T000332_001","assetType":"Image","contentUrl":"/bioguide-published/assets/66d731ccf82b0eef2ffd6831.jpg","creditLine":"Image courtesy of the Library of Congress","associatedEntity":[],"note":[{"noteType":"ImageNote","content":"https://www.loc.gov/item/2016858895/"}],"usageRight":["Import to Congress.gov"]}],"jobPositions":[{"job":{"name":"Representative","jobType":"CongressMemberJob"},"startDate":"1911-03-04","startCirca":false,"congressAffiliation":{"congress":{"name":"The 62nd United States Congress","congressNumber":62,"congressType":"USCongress","startDate":"1911-04-04","endDate":"1913-03-04"},"partyAffiliation":[{"party":{"name":"Democrat"}}],"caucusAffiliation":[{"party":{"name":"Democrat"}}],"represents":{"regionType":"DistrictRegion","regionCode":"NJ"}}},{"job":{"name":"Representative","jobType":"CongressMemberJob"},"startDate":"1913-03-04","startCirca":false,"congressAffiliation":{"congress":{"name":"The 63rd United States Congress","congressNumber":63,"congressType":"USCongress","startDate":"1913-03-04","endDate":"1915-03-04"},"partyAffiliation":[{"party":{"name":"Democrat"}}],"caucusAffiliation":[{"party":{"name":"Democrat"}}],"represents":{"regionType":"DistrictRegion","regionCode":"NJ"}}}],"creativeWork":[{"freeFormCitationText":"------. <i> Chimmie Fadden and Mr. Paul.</i> Illustrated by Albert Levering. New York: The Century Company, 1902."},{"freeFormCitationText":"------. <i> Lees and Leaven: A New York Story of To-Day.</i> New York: McClure, Phillips and Company, 1903."},{"freeFormCitationText":"------. <i> Near A Whole City Full.</i> Illustrated by F.A. Nankivell. 1897. Reprint, St. Clair Shores, Mich.: Scholarly Press, 1971."},{"freeFormCitationText":"------. <i> Reuben Larkmead: A Story of Worldlings.</i> Illustrations by Wallace Morgan. New York: G.W. Dillingham Company, Publishers, 1905."},{"freeFormCitationText":"------. <i> A Summer in New York; A Love Story Told in Letters.</i> New York: Henry Holt and Company, 1903."},{"freeFormCitationText":"Townsend, Edward W. <i> \"Chimmie Fadden,\" Major Max, and Other Stories.</i> The American Short Story Series, Vol. 82. 1895. Reprint, New York: Garrett Press, Inc., Publishers, 1969."},{"freeFormCitationText":"------. <i>A Daughter of the Tenements.</i> 1895. Reprint, Upper Saddle River, N.J.: Literature House/Gregg Press, 1970."},{"freeFormCitationText":"------. <i> The Yellow Kid in McFadden's Flats.</i> Illustrated by R.F. Outcault. New York: G.W. Dillingham Company, Publishers, 1897."},{"freeFormCitationText":"------. <i> The Climbing Courvatels.</i> New York: Frederick A. Stokes Company, Publishers, 1909."},{"freeFormCitationText":"------. <i> Our Constitution: Why and How It Was Made---Who Made It, and What It Is.</i> New York: Moffat, Yard and Company, 1906."},{"freeFormCitationText":"------. <i> \"Sure\": New \"Chimmie Fadden\" Stories.</i> New York: Dodd Mead and Company, 1904."}],"researchRecord":[{"name":"1927, 1 leaf.","recordType":["Papers"],"description":"A letter from Edward Waterman Townsend to Edward H. Hamilton written on November 11, 1927.","recordLocation":{"name":"The Bancroft Library","location":{"addressLocality":"Berkeley","addressRegion":"CA"},"parentRecordLocation":{"name":"University of California, Berkeley","location":{"addressLocality":"Berkeley","addressRegion":"CA"}}}},{"name":"1912-1941. ca. 45 items.","recordType":["Papers"],"description":"Correspondence chiefly relating to National Institute of Arts and Letters. Restricted.","recordLocation":{"name":"American Academy of Arts and Letters Library","location":{"addressLocality":"New York","addressRegion":"NY"}}},{"name":"In the McClure Publishing Company Archives, 1878-1952, 1 linear foot.","recordType":["Papers"],"description":"Correspondents include Edward Waterman Townsend.","recordLocation":{"name":"Special Collections Department","location":{"addressLocality":"Newark","addressRegion":"DE"},"parentRecordLocation":{"name":"University of Delaware Library","location":{"addressLocality":"Newark","addressRegion":"DE"}}}},{"name":"ca. 1880, 1 item.","recordType":["Papers"],"description":"A letter from Edward W. Townsend to William Carey. In the letter, Townsend requests an address.","recordLocation":{"name":"Special Collections","location":{"addressLocality":"Iowa City","addressRegion":"IA"},"parentRecordLocation":{"name":"University of Iowa Library","location":{"addressLocality":"Iowa City","addressRegion":"IA"}}}}],"deleted":false}}
