{"data":{"usCongressBioId":"T000425","familyName":"Turner","givenName":"Oscar","unaccentedFamilyName":"Turner","unaccentedGivenName":"Oscar","birthDate":"1825","birthCirca":false,"birthDateUnknown":false,"deathDate":"1896","deathCirca":false,"deathDateUnknown":false,"image":[{"contentUrl":"/bioguide-staging/assets/66d73568f82b0eef2ffd6883.jpg","caption":"Image courtesy of the Library of Congress","name":"T000425_001"}],"profileText":"(Father of Oscar Turner [1867-1902]), a Representative from Kentucky; born in New Orleans, La., February 3, 1825; moved with his parents to Fayette County, Ky., in 1826; completed preparatory studies; moved to Ballard County, Ky., in 1843; was graduated from the law department of Transylvania University, Lexington, Ky., in 1847; Commonwealth attorney 1851-1855; was admitted to the bar and practiced until 1861; served in the State senate 1867-1871; elected as an Independent Democrat to the Forty-sixth Congress, as a Democrat to the Forty-seventh Congress, and as an Independent Democrat to the Forty-eighth Congress (March 4, 1879-March 3, 1885); resumed the practice of law; died in Louisville, Ky., on January 22, 1896; interment in Cave Hill Cemetery.","relationship":[],"asset":[{"name":"T000425_001","assetType":"Image","contentUrl":"/bioguide-published/assets/66d73568f82b0eef2ffd6883.jpg","creditLine":"Image courtesy of the Library of Congress","associatedEntity":[],"note":[{"noteType":"ImageNote","content":"https://www.loc.gov/item/2017894375/"}],"usageRight":["Import to Congress.gov"]}],"jobPositions":[{"job":{"name":"Representative","jobType":"CongressMemberJob"},"congressAffiliation":{"congress":{"name":"The 47th United States Congress","congressNumber":47,"congressType":"USCongress","startDate":"1881-03-04","endDate":"1883-03-03"},"partyAffiliation":[{"party":{"name":"Independent Democrat"}}],"caucusAffiliation":[{"party":{"name":"Independent Democrat"}}],"represents":{"regionType":"StateRegion","regionCode":"KY"}}},{"job":{"name":"Representative","jobType":"CongressMemberJob"},"congressAffiliation":{"congress":{"name":"The 46th United States Congress","congressNumber":46,"congressType":"USCongress","startDate":"1879-03-18","endDate":"1881-03-03"},"partyAffiliation":[{"party":{"name":"Independent Democrat"}}],"caucusAffiliation":[{"party":{"name":"Independent Democrat"}}],"represents":{"regionType":"StateRegion","regionCode":"KY"}}},{"job":{"name":"Representative","jobType":"CongressMemberJob"},"congressAffiliation":{"congress":{"name":"The 48th United States Congress","congressNumber":48,"congressType":"USCongress","startDate":"1883-12-03","endDate":"1885-03-04"},"partyAffiliation":[{"party":{"name":"Independent Democrat"}}],"caucusAffiliation":[{"party":{"name":"Independent Democrat"}}],"represents":{"regionType":"StateRegion","regionCode":"KY"}}}],"creativeWork":[],"researchRecord":[],"deleted":false}}
