{"data":{"usCongressBioId":"T000334","familyName":"Townsend","givenName":"Hosea","honorificPrefix":"Mr.","unaccentedFamilyName":"Townsend","unaccentedGivenName":"Hosea","birthDate":"1840-06-16","birthCirca":false,"birthDateUnknown":false,"deathDate":"1909-03-04","deathCirca":false,"deathDateUnknown":false,"image":[{"contentUrl":"/bioguide-staging/assets/66d73243f82b0eef2ffd683a.jpg","caption":"Image courtesy of the Library of Congress","name":"T000334_001"}],"profileText":"A Representative from Colorado; born in Greenwich, Huron County, Ohio, June 16, 1840; attended the common schools and Western Reserve College, Cleveland, Ohio, in 1860; enlisted in the Second Regiment, Ohio Volunteer Cavalry, in 1861; promoted to lieutenant, but resigned in 1863 on account of disability; studied law; was admitted to the bar in Cleveland, Ohio, in 1864 and commenced practice in Memphis, Tenn., in 1865; member of the State house of representatives in 1869; moved to Colorado in 1879 and settled in Silver Cliff in 1881; elected as a Republican to the Fifty-first and Fifty-second Congresses (March 4, 1889-March 3, 1893); unsuccessful for renomination in 1892; delegate to the Republican National Convention in 1892; United States judge for the southern district of the Indian Territory 1897-1907; died in Ardmore, Okla., March 4, 1909; interment in Woodlawn Cemetery, Norwalk, Huron County, Ohio.","relationship":[],"asset":[{"name":"T000334_001","assetType":"Image","contentUrl":"/bioguide-published/assets/66d73243f82b0eef2ffd683a.jpg","creditLine":"Image courtesy of the Library of Congress","associatedEntity":[],"note":[{"noteType":"ImageNote","content":"https://www.loc.gov/item/2016689443/"}],"usageRight":["Import to Congress.gov"]}],"jobPositions":[{"job":{"name":"Representative","jobType":"CongressMemberJob"},"startDate":"1891-03-04","startCirca":false,"congressAffiliation":{"congress":{"name":"The 52nd United States Congress","congressNumber":52,"congressType":"USCongress","startDate":"1891-12-07","endDate":"1893-03-04"},"partyAffiliation":[{"party":{"name":"Republican"}}],"caucusAffiliation":[{"party":{"name":"Republican"}}],"represents":{"regionType":"StateRegion","regionCode":"CO"}}},{"job":{"name":"Representative","jobType":"CongressMemberJob"},"startDate":"1889-03-04","startCirca":false,"congressAffiliation":{"congress":{"name":"The 51st United States Congress","congressNumber":51,"congressType":"USCongress","startDate":"1889-03-04","endDate":"1891-03-03"},"partyAffiliation":[{"party":{"name":"Republican"}}],"caucusAffiliation":[{"party":{"name":"Republican"}}],"represents":{"regionType":"StateRegion","regionCode":"CO"}}}],"creativeWork":[],"researchRecord":[{"name":"1888-1892. 1 cubic foot.","recordType":["Papers"],"description":"Photographs and memorabilia. Finding aid in repository.","recordLocation":{"name":"Colorado Historical Society","location":{"addressLocality":"Denver","addressRegion":"CO"}}},{"name":"1886, 4 leaves.","recordType":["Papers"],"description":"The dictation from Hosea Townsend is part of a collection of dictations and some agent reports. Generally, materials concern social life and customs in Colorado.","recordLocation":{"name":"The Bancroft Library","location":{"addressLocality":"Berkeley","addressRegion":"CA"},"parentRecordLocation":{"name":"University of California, Berkeley","location":{"addressLocality":"Berkeley","addressRegion":"CA"}}}}],"deleted":false}}
