{"data":{"usCongressBioId":"T000158","familyName":"Thomas","givenName":"Charles","middleName":"Randolph","unaccentedFamilyName":"Thomas","unaccentedGivenName":"Charles","unaccentedMiddleName":"Randolph","birthDate":"1827","birthCirca":false,"deathDate":"1891","deathCirca":false,"profileText":"(Father of Charles Randolph Thomas [1861-1931]), a Representative from North Carolina; born in Beaufort, Carteret County, N.C., February 7, 1827; attended a private school in Hillsboro, N.C., and was graduated from the University of North Carolina at Chapel Hill in 1849; studied law; was admitted to the bar in 1850 and commenced practice in Beaufort, N.C.; moved to New Bern, N.C., and continued the practice of law; member of the State constitutional convention in 1861; secretary of state of North Carolina in 1864; appointed by the Governor president of the Atlantic &amp; North Carolina Railroad in 1867; judge of the superior court 1868-1870; elected as a Republican to the Forty-second and Forty-third Congresses (March 4, 1871-March 3, 1875); unsuccessful candidate for renomination in 1874; resumed the practice of law in New Bern, N.C., and died there February 18, 1891; interment in Cedar Grove Cemetery.","relationship":[],"asset":[],"jobPositions":[{"job":{"name":"Representative","jobType":"CongressMemberJob"},"congressAffiliation":{"congress":{"name":"The 42nd United States Congress","congressNumber":42,"congressType":"USCongress","startDate":"1871-03-04","endDate":"1873-03-03"},"partyAffiliation":[{"party":{"name":"Republican"}}],"caucusAffiliation":[{"party":{"name":"Republican"}}],"represents":{"regionType":"StateRegion","regionCode":"NC"}}},{"job":{"name":"Representative","jobType":"CongressMemberJob"},"congressAffiliation":{"congress":{"name":"The 43rd United States Congress","congressNumber":43,"congressType":"USCongress","startDate":"1873-03-04","endDate":"1875-03-03"},"partyAffiliation":[{"party":{"name":"Republican"}}],"caucusAffiliation":[{"party":{"name":"Republican"}}],"represents":{"regionType":"StateRegion","regionCode":"NC"}}}],"creativeWork":[],"researchRecord":[{"name":"ca. 1849-1931, 0.5 linear foot.","recordType":["Papers"],"description":"The papers of Charles Randolph Thomas contain manuscript speeches and scattered other papers pertaining to him and his son Charles R. Thomas Jr., both graduates of the University of North Carolina, lawyers, judges, and members of Congress. Speeches relate to the Democratic Party, the University of North Carolina, and other matters.","recordLocation":{"name":"Southern Historical Collection","location":{"addressLocality":"Chapel Hill","addressRegion":"NC"},"parentRecordLocation":{"name":"University of North Carolina at Chapel Hill","location":{"addressLocality":"Chapel Hill","addressRegion":"NC"}}}}]}}
