{"data":{"usCongressBioId":"T000033","familyName":"Tallman","givenName":"Peleg","honorificPrefix":"Mr.","unaccentedFamilyName":"Tallman","unaccentedGivenName":"Peleg","birthDate":"1764-07-24","birthCirca":false,"birthDateUnknown":false,"deathDate":"1840-03-12","deathCirca":false,"deathDateUnknown":false,"profileText":"a Representative from Massachusetts; born in Tiverton, R.I., July 24, 1764; attended the public schools; served in the Revolutionary War on the privateer <i>Trumbull,</i> and lost an arm in an engagement in 1780; was captured and imprisoned in England and Ireland 1781-1783; engaged in mercantile pursuits in Bath, Maine (until 1820 a district of Massachusetts); elected as a Democratic Republican to the Twelfth Congress (March 4, 1811-March 3, 1813); declined to be a candidate for renomination; overseer of Bowdoin College, Brunswick, Maine, 1802-1840; member of the Maine senate in 1821 and 1822; died in Bath, Maine, March 12, 1840; interment in Maple Grove Cemetery; reinterment in Forest Hills Cemetery, Roxbury, Mass.","relationship":[],"asset":[],"jobPositions":[{"job":{"name":"Representative","jobType":"CongressMemberJob"},"startDate":"1811-11-04","startCirca":false,"endCirca":false,"congressAffiliation":{"congress":{"name":"The 12th United States Congress","congressNumber":12,"congressType":"USCongress","startDate":"1811-11-04","endDate":"1813-03-03"},"partyAffiliation":[{"party":{"name":"Democratic Republican"},"startCirca":false,"endCirca":false}],"caucusAffiliation":[{"party":{"name":"Democratic Republican"},"startCirca":false,"endCirca":false}],"represents":{"regionType":"DistrictRegion","regionCode":"MA"},"note":[{"type":"Note","content":"Represented Lincoln district.","noteType":"FootNote"}]}}],"creativeWork":[],"researchRecord":[{"name":"In the Enoch Silsby Collection (Coll. 6), 1788-1841, 1860 items.","recordType":["Papers"],"description":"Persons represented include Peleg Tallman.","recordLocation":{"name":"Manuscripts Division","location":{"addressLocality":"Mystic","addressRegion":"CT"},"parentRecordLocation":{"name":"Mystic Seaport","location":{"addressLocality":"Mystic","addressRegion":"CT"}}}},{"name":"In the Richard Cutts Papers, 1753-1886, approximately 185 items.","recordType":["Papers"],"description":"Correspondents include Peleg Tallman.","recordLocation":{"name":"Albert and Shirley Small Special Collections Library","location":{"addressLocality":"Charlottesville","addressRegion":"VA"},"parentRecordLocation":{"name":"University of Virginia","location":{"addressLocality":"Charlottesville","addressRegion":"VA"}}}},{"name":"In the Tallman Family Papers, 1799-1939. 55 feet.","recordType":["Papers"],"description":"Persons represented include Peleg Tallman. An inventory is available in the library.","recordLocation":{"name":"Hagley Museum and Library","location":{"addressLocality":"Greenville","addressRegion":"DE"}}}],"deleted":false}}
