{"data":{"usCongressBioId":"T000161","familyName":"Thomas","givenName":"Christopher","middleName":"Yancy","unaccentedFamilyName":"Thomas","unaccentedGivenName":"Christopher","unaccentedMiddleName":"Yancy","birthDate":"1818","birthCirca":false,"deathDate":"1879","deathCirca":false,"profileText":"A Representative from Virginia; born in Pittsylvania County, Va., March 24, 1818; attended the common schools, and was graduated from a private academy in 1838; studied law; was admitted to the bar in 1844 and commenced practice in Martinsville, Henry County, Va.; served in the State senate 1860-1864; member of the commission to settle the boundary line between Virginia and North Carolina; treasurer of Henry County; prosecuting attorney for Henry County; member of the State constitutional convention in 1868; elected to the State house of delegates in 1869; successfully contested as a Republican the election of Alexander M. Davis to the Forty-third Congress and served from March 5, 1874, to March 3, 1875; unsuccessful candidate for reelection in 1874 to the Forty-fourth Congress; resumed the practice of law; died in Martinsville, Va., February 11, 1879; interment in the family cemetery at Leatherwood, Henry County, Va.","relationship":[],"asset":[],"jobPositions":[{"job":{"name":"Representative","jobType":"CongressMemberJob"},"congressAffiliation":{"congress":{"name":"The 43rd United States Congress","congressNumber":43,"congressType":"USCongress","startDate":"1873-03-04","endDate":"1875-03-03"},"partyAffiliation":[{"party":{"name":"Republican"}}],"caucusAffiliation":[{"party":{"name":"Republican"}}],"represents":{"regionType":"StateRegion","regionCode":"VA"}}}],"creativeWork":[],"researchRecord":[{"name":"In the Gravely Family Papers, ca. 1753-1988, 55 cubic feet.","recordType":["Papers"],"description":"Other authors include Christopher Yancy Thomas.","recordLocation":{"name":"Archives Division","location":{"addressLocality":"Richmond","addressRegion":"VA"},"parentRecordLocation":{"name":"The Library of Virginia","location":{"addressLocality":"Richmond","addressRegion":"VA"}}}}]}}
