{"data":{"usCongressBioId":"T000190","familyName":"Thomasson","givenName":"William","middleName":"Poindexter","honorificPrefix":"Mr.","unaccentedFamilyName":"Thomasson","unaccentedGivenName":"William","unaccentedMiddleName":"Poindexter","birthDate":"1797-10-08","birthCirca":false,"deathDate":"1882-12-29","deathCirca":false,"profileText":"A Representative from Kentucky; born in New Castle, Henry County, Ky., October 8, 1797; completed preparatory studies; served in Captain Duncan's company in the War of 1812; studied law; was admitted to the bar and commenced practice in Corydon, Ind., before he was twenty-one years of age; member of the State house of representatives 1818-1820; prosecuting attorney of Corydon in 1818; moved to Louisville, Ky., in 1841; elected as a Whig to the Twenty-eighth and Twenty-ninth Congresses (March 4, 1843-March 3, 1847); declined to be a candidate for renomination; moved to Chicago, Ill., and resumed the practice of law; during the Civil War served in the Union Army in the Seventy-first Regiment, New York Volunteer Infantry; died near La Grange, Oldham County, Ky., December 29, 1882; interment in Cave Hill Cemetery, Louisville, Ky.","relationship":[],"asset":[],"jobPositions":[{"job":{"name":"Representative","jobType":"CongressMemberJob"},"startDate":"1843-03-04","startCirca":false,"congressAffiliation":{"congress":{"name":"The 28th United States Congress","congressNumber":28,"congressType":"USCongress","startDate":"1843-12-04","endDate":"1845-03-03"},"partyAffiliation":[{"party":{"name":"Whig"}}],"caucusAffiliation":[{"party":{"name":"Whig"}}],"represents":{"regionType":"DistrictRegion","regionCode":"KY"}}},{"job":{"name":"Representative","jobType":"CongressMemberJob"},"startDate":"1845-03-04","startCirca":false,"congressAffiliation":{"congress":{"name":"The 29th United States Congress","congressNumber":29,"congressType":"USCongress","startDate":"1845-03-04","endDate":"1847-03-03"},"partyAffiliation":[{"party":{"name":"Whig"}}],"caucusAffiliation":[{"party":{"name":"Whig"}}],"represents":{"regionType":"DistrictRegion","regionCode":"KY"}}}],"creativeWork":[],"researchRecord":[{"name":"In the Charles Lanman collection.","recordType":["Papers"],"description":"Autobiographical or biographical sketch. Unpublished finding aid in repository.","recordLocation":{"name":"Filson Club Historical Society","location":{"addressLocality":"Louisville","addressRegion":"KY"}}}]}}
