{"data":{"usCongressBioId":"T000293","familyName":"Todd","givenName":"Lemuel","honorificPrefix":"Mr.","unaccentedFamilyName":"Todd","unaccentedGivenName":"Lemuel","birthDate":"1817-07-29","birthCirca":false,"birthDateUnknown":false,"deathDate":"1891-05-12","deathCirca":false,"deathDateUnknown":false,"profileText":"A Representative from Pennsylvania; born in Carlisle, Pa., July 29, 1817; pursued classical studies, and was graduated from Dickinson College, Carlisle, Pa., in 1839; studied law; was admitted to the bar in 1841 and commenced practice in Carlisle; elected as an Opposition candidate to the Thirty-fourth Congress (March 4, 1855-March 3, 1857); unsuccessful candidate for reelection in 1856 to the Thirty-fifth Congress; during the Civil War served in the Union Army as major of the First Regiment, Pennsylvania Volunteer Reserve Corps; inspector general of Pennsylvania on the Governor's staff; elected as a Republican to the Forty-third Congress (March 4, 1873-March 3, 1875); was not a candidate for renomination in 1874; resumed the practice of law; died in Carlisle, Cumberland County, Pa., May 12, 1891; interment in Ashland Cemetery.","relationship":[],"asset":[],"jobPositions":[{"job":{"name":"Representative","jobType":"CongressMemberJob"},"startDate":"1855-03-04","startCirca":false,"endCirca":false,"congressAffiliation":{"congress":{"name":"The 34th United States Congress","congressNumber":34,"congressType":"USCongress","startDate":"1855-12-03","endDate":"1857-03-03"},"partyAffiliation":[{"party":{"name":"Opposition"},"startCirca":false,"endCirca":false}],"represents":{"regionType":"DistrictRegion","regionCode":"PA"}}},{"job":{"name":"Representative","jobType":"CongressMemberJob"},"congressAffiliation":{"congress":{"name":"The 43rd United States Congress","congressNumber":43,"congressType":"USCongress","startDate":"1873-03-04","endDate":"1875-03-03"},"partyAffiliation":[{"party":{"name":"Republican"}}],"caucusAffiliation":[{"party":{"name":"Republican"}}],"represents":{"regionType":"StateRegion","regionCode":"PA"}}}],"creativeWork":[],"researchRecord":[],"deleted":false}}
