{"data":{"usCongressBioId":"T000454","familyName":"Tyson","givenName":"Job","middleName":"Roberts","honorificPrefix":"Mr.","unaccentedFamilyName":"Tyson","unaccentedGivenName":"Job","unaccentedMiddleName":"Roberts","birthDate":"1803-02-08","birthCirca":false,"birthDateUnknown":false,"deathDate":"1858-06-27","deathCirca":false,"deathDateUnknown":false,"profileText":"A Representative from Pennsylvania; born in Philadelphia, Pa., February 8, 1803; completed preparatory studies; taught school in Hamburg, Pa.; studied law; was admitted to the bar in 1827 and commenced practice in Philadelphia, Pa.; also engaged in literary pursuits; held several local offices; served in the State house of representatives; elected as an Opposition candidate to the Thirty-fourth Congress (March 4, 1855-March 3, 1857); died on his estate, ``Woodlawn,'' Montgomery County, Pa., June 27, 1858; interment in South Laurel Hill Cemetery, Philadelphia, Pa.","relationship":[],"asset":[],"jobPositions":[{"job":{"name":"Representative","jobType":"CongressMemberJob"},"startDate":"1855-03-04","startCirca":false,"endCirca":false,"congressAffiliation":{"congress":{"name":"The 34th United States Congress","congressNumber":34,"congressType":"USCongress","startDate":"1855-12-03","endDate":"1857-03-03"},"partyAffiliation":[{"party":{"name":"Opposition"},"startCirca":false,"endCirca":false}],"caucusAffiliation":[{"party":{"name":"Whig"},"startCirca":false,"endCirca":false}],"represents":{"regionType":"DistrictRegion","regionCode":"PA"}}}],"creativeWork":[{"freeFormCitationText":"Tyson, Job Roberts.<i> Address at the first annual commencement of the Pennsylvania female college</i>. Harrisburg: [A. B. Hamilton, Printer], 1854."},{"freeFormCitationText":"------. <i>An address, delivered, at the request of the Board of managers of the Apprentices' Library Company of Philadelphia</i>. Philadelphia: Printed by J. Young, 1830."},{"freeFormCitationText":"------. <i>Annual discourse delivered before the Historical Society of Pennsylvania</i>. Philadelphia: E. L. Carey &amp; A. S. Hart, 1831."},{"freeFormCitationText":"------ <i>A brief survey of the great extent and evil tendencies of the lottery system</i>. Philadelphia: W. Brown, printer, 1833."},{"freeFormCitationText":"------. <i>Discourse delivered on the first anniversary of the Girard College for Orphans</i>. Philadelphia: Crissy &amp; Markley, printers, 1849."},{"freeFormCitationText":"------. <i>Discourse on history</i>. Philadelphia: T. K. and P. G. Collins, printers, 1849."},{"freeFormCitationText":"------.<i> Discourse on the colonial history of the eastern and some of the southern states</i>. Philadelphia: N.p., 1850."},{"freeFormCitationText":"------. <i>Discourse on the surviving remnant of the Indian race in the United States</i>. Philadelphia: Printed by A. Waldie, 1836."},{"freeFormCitationText":"------. <i>Discourse on the two hundreth anniversary of the birth of William Penn</i>. Philadelphia: J. Penington, 1845."},{"freeFormCitationText":"------.<i> An examination of the various charges brought by historians against William Penn</i>. Philadelphia: N.p., 1830."},{"freeFormCitationText":"------. <i>A lecture, delivered at Philadelphia, on the 13th April, 1838, before the Athenian Institute and Mercantile Library Company, on the social and moral influences of the American Revolution</i>. Philadelphia: Printed by A. Waldie, 1838."},{"freeFormCitationText":"------.<i> Letters on the resources and commerce of Philadelphia</i>. Philadelphia: C. Sherman, printer, 1852."},{"freeFormCitationText":"------. <i>The lottery system in the United States</i>. 3d ed. Philadelphia: E. L. Carey &amp; A. Hart, 1837."},{"freeFormCitationText":"------. <i>Memoir of Thomas C. James, M. D., one of the vice presidents of the Historical society of Pennsylvania</i>. Philadelphia: M'Carty &amp; Davis, 1836."},{"freeFormCitationText":"------. <i>Sketch of the Wistar Party of Philadelphia</i>. Philadelphia: N.p., 1898."},{"freeFormCitationText":"------. <i>Speech of Hon. J. R. Tyson, of Pennsylvania, on the fugitive slave laws and compromise measures of 1850; delivered in the House of Representatives, February 28, 1857</i>. Washington: Printed at the office of the <i>Congressional Globe</i>, 1857."},{"freeFormCitationText":"------. <i>Speech of Hon. J. R. Tyson, of Pennsylvania, on the resolutions reported from the Committee on the alleged assault of Mr. Brooks on Senator Sumner</i>. Washington: Printed at the <i>Congressional Globe</i> Office, 1856."}],"researchRecord":[{"name":"In the Peter Stephen Du Ponceau Papers, ca. 1663-1844, amount unknown.","recordType":["Papers"],"description":"Subjects include Job Roberts Tyson.","recordLocation":{"name":"Historical Society of Pennsylvania","location":{"addressLocality":"Philadelphia","addressRegion":"PA"}}},{"name":"In the Thomas P. Cope Diaries, 1800-1851, 1 microfilm reel and 10 volumes of photoprints.","recordType":["Papers"],"description":"Subjects include Job Roberts Tyson.","recordLocation":{"name":"Manuscripts and Archives Department","location":{"addressLocality":"Greenville","addressRegion":"DE"},"parentRecordLocation":{"name":"Hagley Museum and Library","location":{"addressLocality":"Greenville","addressRegion":"DE"}}}},{"name":"1832, 1 item.","recordType":["Papers"],"description":"Correspondence between Job Roberts Tyson and Robert Montgomery Bird, 1832.","recordLocation":{"name":"Special Collections, Van Pelt Library","location":{"addressLocality":"Philadelphia","addressRegion":"PA"},"parentRecordLocation":{"name":"University of Pennsylvania","location":{"addressLocality":"Philadelphia","addressRegion":"PA"}}}}],"deleted":false}}
