{"data":{"usCongressBioId":"T000152","familyName":"Thibodeaux","givenName":"Bannon","middleName":"Goforth","honorificPrefix":"Mr.","unaccentedFamilyName":"Thibodeaux","unaccentedGivenName":"Bannon","unaccentedMiddleName":"Goforth","birthDate":"1812-12-22","birthCirca":false,"deathDate":"1866-03-05","deathCirca":false,"profileText":"A Representative from Louisiana; born on St. Bridget plantation, near Thibodeaux, Terrebonne Parish, La., December 22, 1812; attended the country schools; studied law in Hagerstown, Md.; was admitted to the bar and commenced practice in Lafourche and Terrebonne Parishes, La.; member of the State constitutional conventions in 1845 and 1852; held several local offices; elected to the Twenty-ninth and Thirtieth Congresses (March 4, 1845-March 3, 1849); resumed the practice of law in Terrebonne and Lafourche Parishes, La.; sugar planter and manufacturer; died in Terrebonne Parish, La., March 5, 1866; interment in the Half-way Cemetery, near Houma, La.","relationship":[],"asset":[],"jobPositions":[{"job":{"name":"Representative","jobType":"CongressMemberJob"},"startDate":"1845-03-04","startCirca":false,"congressAffiliation":{"congress":{"name":"The 29th United States Congress","congressNumber":29,"congressType":"USCongress","startDate":"1845-03-04","endDate":"1847-03-03"},"partyAffiliation":[{"party":{"name":"Whig"}}],"caucusAffiliation":[{"party":{"name":"Whig"}}],"represents":{"regionType":"DistrictRegion","regionCode":"LA"}}},{"job":{"name":"Representative","jobType":"CongressMemberJob"},"startDate":"1847-03-04","startCirca":false,"congressAffiliation":{"congress":{"name":"The 30th United States Congress","congressNumber":30,"congressType":"USCongress","startDate":"1847-12-06","endDate":"1849-03-03"},"partyAffiliation":[{"party":{"name":"Whig"}}],"caucusAffiliation":[{"party":{"name":"Whig"}}],"represents":{"regionType":"DistrictRegion","regionCode":"LA"}}}],"creativeWork":[],"researchRecord":[]}}
