{"data":{"usCongressBioId":"T000245","familyName":"Thorpe","givenName":"Roy","middleName":"Henry","honorificPrefix":"Mr.","unaccentedFamilyName":"Thorpe","unaccentedGivenName":"Roy","unaccentedMiddleName":"Henry","birthDate":"1874-12-13","birthCirca":false,"birthDateUnknown":false,"deathDate":"1951-09-19","deathCirca":false,"deathDateUnknown":false,"image":[{"contentUrl":"/bioguide-staging/assets/66d726acf82b0eef2ffd6808.jpg","caption":"Image courtesy of the Library of Congress","name":"T000245_001"}],"profileText":"A Representative from Nebraska; born near Greensburg, Decatur County, Ind., December 13, 1874; attended the country schools and Greensburg (Ind.) High School; studied pharmacy, medicine, and law; engaged in evangelistic work and was known as ``The boy tramp orator of 1896''; was employed as a salesman in Du Quoin, Ill., 1897-1904, and in Shenandoah, Iowa, 1905-1919; engaged in secret-service work in the State of Iowa in 1917 and 1918; moved to Nebraska in 1919 and settled in Lincoln, where he resumed the occupation of salesman; elected as a Republican to the Sixty-seventh Congress to fill the vacancy caused by the resignation of C. Frank Reavis and served from November 7, 1922, to March 3, 1923; was not a candidate for renomination to the Sixty-eighth Congress; unsuccessful candidate for election in 1924 to the Sixty-ninth Congress; traveled as a sales organizer and later engaged in the insurance business; died in Lincoln, Nebr., September 19, 1951; interment in Wyuka Cemetery.","relationship":[],"asset":[{"name":"T000245_001","assetType":"Image","contentUrl":"/bioguide-published/assets/66d726acf82b0eef2ffd6808.jpg","creditLine":"Image courtesy of the Library of Congress","associatedEntity":[],"note":[{"noteType":"ImageNote","content":"https://www.loc.gov/item/2016861460/"}],"usageRight":["Import to Congress.gov"]}],"jobPositions":[{"job":{"name":"Representative","jobType":"CongressMemberJob"},"startDate":"1922-11-27","startCirca":false,"congressAffiliation":{"congress":{"name":"The 67th United States Congress","congressNumber":67,"congressType":"USCongress","startDate":"1921-03-04","endDate":"1923-03-04"},"partyAffiliation":[{"party":{"name":"Republican"}}],"caucusAffiliation":[{"party":{"name":"Republican"}}],"represents":{"regionType":"DistrictRegion","regionCode":"NE"},"note":[{"type":"Note","noteType":"FootNote","content":"Elected November 7, 1922, to fill vacancy caused by resignation of C. Frank Reavis, and became a member of the House on November 27, 1922."}]}}],"creativeWork":[],"researchRecord":[],"deleted":false}}
