{"data":{"usCongressBioId":"T000066","familyName":"Taylor","givenName":"Benjamin","middleName":"Irving","honorificPrefix":"Mr.","unaccentedFamilyName":"Taylor","unaccentedGivenName":"Benjamin","unaccentedMiddleName":"Irving","birthDate":"1877-12-21","birthCirca":false,"birthDateUnknown":false,"deathDate":"1946-09-05","deathCirca":false,"deathDateUnknown":false,"image":[{"contentUrl":"/bioguide-staging/assets/66d71c1ff82b0eef2ffd67cb.jpg","caption":"Image courtesy of the Library of Congress","name":"T000066_001"}],"profileText":"A Representative from New York; born in New York City December 21, 1877; attended the public schools; was graduated from the high school in New Rochelle, N.Y., and from Columbia Law School in New York City in 1899; was admitted to the bar the same year and commenced practice in Port Chester, Westchester County, N.Y.; supervisor of Harrison, Westchester County, 1905-1913; elected as a Democrat to the Sixty-third Congress (March 4, 1913-March 3, 1915); unsuccessful candidate for reelection in 1914 to the Sixty-fourth Congress; resumed the practice of law in Port Chester, N.Y.; again elected supervisor of Harrison, N.Y., in 1921, and served in that capacity, with the exception of two years, until December 1945; died in Harrison, N.Y., September 5, 1946; interment in Kensico Cemetery, Valhalla, N.Y.","relationship":[],"asset":[{"name":"T000066_001","assetType":"Image","contentUrl":"/bioguide-published/assets/66d71c1ff82b0eef2ffd67cb.jpg","creditLine":"Image courtesy of the Library of Congress","associatedEntity":[],"note":[{"noteType":"ImageNote","content":"https://www.loc.gov/item/2016858725/"}],"usageRight":["Import to Congress.gov"]}],"jobPositions":[{"job":{"name":"Representative","jobType":"CongressMemberJob"},"startDate":"1913-03-04","startCirca":false,"congressAffiliation":{"congress":{"name":"The 63rd United States Congress","congressNumber":63,"congressType":"USCongress","startDate":"1913-03-04","endDate":"1915-03-04"},"partyAffiliation":[{"party":{"name":"Democrat"}}],"caucusAffiliation":[{"party":{"name":"Democrat"}}],"represents":{"regionType":"DistrictRegion","regionCode":"NY"}}}],"creativeWork":[],"researchRecord":[],"deleted":false}}
