{"data":{"usCongressBioId":"T000351","familyName":"Trafton","givenName":"Mark","honorificPrefix":"Mr.","unaccentedFamilyName":"Trafton","unaccentedGivenName":"Mark","birthDate":"1810-08-01","birthCirca":false,"birthDateUnknown":false,"deathDate":"1901-03-08","deathCirca":false,"deathDateUnknown":false,"profileText":"A Representative from Massachusetts; born in Bangor, Maine (then a district of Massachusetts), August 1, 1810; completed preparatory studies; studied theology and was ordained pastor of a church in Westfield, Mass.; elected as an American to the Thirty-fourth Congress (March 4, 1855-March 3, 1857); unsuccessful candidate for reelection in 1856 to the Thirty-fifth Congress; resumed his ministerial duties and was pastor of a church in Mount Wollaston, Norfolk County, Mass.; died in West Somerville, Middlesex County, Mass., March 8, 1901; interment in Peabody Cemetery, Springfield, Mass.","relationship":[],"asset":[],"jobPositions":[{"job":{"name":"Representative","jobType":"CongressMemberJob"},"startDate":"1855-03-04","startCirca":false,"endCirca":false,"congressAffiliation":{"congress":{"name":"The 34th United States Congress","congressNumber":34,"congressType":"USCongress","startDate":"1855-12-03","endDate":"1857-03-03"},"partyAffiliation":[{"party":{"name":"American"},"startCirca":false,"endCirca":false}],"caucusAffiliation":[{"party":{"name":"American"},"startCirca":false,"endCirca":false}],"represents":{"regionType":"DistrictRegion","regionCode":"MA"}}}],"creativeWork":[],"researchRecord":[],"deleted":false}}
