{"data":{"usCongressBioId":"T000277","familyName":"Tillman","givenName":"Lewis","unaccentedFamilyName":"Tillman","unaccentedGivenName":"Lewis","birthDate":"1816","birthCirca":false,"deathDate":"1886","deathCirca":false,"profileText":"A Representative from Tennessee; born near Shelbyville, Bedford County, Tenn., August 18, 1816; attended the common schools and pursued an academic course; served in the Seminole War as a private; engaged in agricultural pursuits; clerk of the circuit court of Bedford County 1852-1860; colonel of State militia before the Civil War; editor of a newspaper in Shelbyville, Tenn.; clerk and master of the chancery court 1865-1869; elected as a Republican to the Forty-first Congress (March 4, 1869-March 3, 1871); was not a candidate for renomination in 1870; engaged in agricultural pursuits; died in Shelbyville, Bedford County, Tenn., May 3, 1886; interment in Willow Mount Cemetery.","relationship":[{"relationshipType":"nephew","relatedTo":{"usCongressBioId":"M000168","familyName":"Martin","givenName":"Barclay","honorificPrefix":"Mr.","unaccentedFamilyName":"Martin","unaccentedGivenName":"Barclay","birthDate":"1802-12-17","birthCirca":false,"deathDate":"1890-11-08","deathCirca":false}}],"asset":[],"jobPositions":[{"job":{"name":"Representative","jobType":"CongressMemberJob"},"congressAffiliation":{"congress":{"name":"The 41st United States Congress","congressNumber":41,"congressType":"USCongress","startDate":"1869-03-04","endDate":"1871-03-03"},"partyAffiliation":[{"party":{"name":"Republican"}}],"caucusAffiliation":[{"party":{"name":"Republican"}}],"represents":{"regionType":"StateRegion","regionCode":"TN"},"note":[{"type":"Note","noteType":"FootNote","content":"Election unsuccessfully contested by C. A. Sheafe."}]}}],"creativeWork":[],"researchRecord":[]}}
