{"data":{"usCongressBioId":"T000352","familyName":"Train","givenName":"Charles","middleName":"Russell","honorificPrefix":"Mr.","unaccentedFamilyName":"Train","unaccentedGivenName":"Charles","unaccentedMiddleName":"Russell","birthDate":"1817-10-18","birthCirca":false,"deathDate":"1885-07-28","deathCirca":false,"profileText":"A Representative from Massachusetts; born in Framingham, Mass., October 18, 1817; attended the common schools, Framingham Academy, and was graduated from Brown University, Providence, R.I., in 1837; studied law at Harvard University; was admitted to the bar and commenced practice in Framingham, Mass., in 1841; member of the State house of representatives in 1847 and 1848; district attorney 1848-1854; declined the appointment of Associate Justice of the Supreme Court of the United States in 1852; delegate to the State constitutional convention in 1853; delegate to the Republican National Convention in 1856 and 1864; member of the Governor's council in 1857 and 1858; elected as Republican to the Thirty-sixth and Thirty-seventh Congresses (March 4, 1859-March 3, 1863); chairman, Committee on Public Buildings and Grounds (Thirty-sixth and Thirty-seventh Congresses); was not a candidate for renomination in 1862; one of the managers appointed by the House of Representatives in 1862 to conduct the impeachment proceedings against West H. Humphreys, United States judge for the several districts of Tennessee; during the Civil War served in the Union Army as a volunteer aide-de-camp to General McClellan; moved to Boston, Mass.; again served in the State house of representatives 1868-1871; attorney general of Massachusetts 1871-1878; resumed the practice of law; died while on a visit in Conway, Carroll County, N.H., July 28, 1885; interment in Edgell Grove Cemetery, Framingham, Mass.","relationship":[],"asset":[],"jobPositions":[{"job":{"name":"Representative","jobType":"CongressMemberJob"},"startDate":"1859-03-04","startCirca":false,"congressAffiliation":{"congress":{"name":"The 36th United States Congress","congressNumber":36,"congressType":"USCongress","startDate":"1859-03-04","endDate":"1861-03-03"},"partyAffiliation":[{"party":{"name":"Republican"}}],"caucusAffiliation":[{"party":{"name":"Republican"}}],"represents":{"regionType":"DistrictRegion","regionCode":"MA"}}},{"job":{"name":"Representative","jobType":"CongressMemberJob"},"startDate":"1861-03-04","startCirca":false,"congressAffiliation":{"congress":{"name":"The 37th United States Congress","congressNumber":37,"congressType":"USCongress","startDate":"1861-03-04","endDate":"1863-03-03"},"partyAffiliation":[{"party":{"name":"Republican"}}],"caucusAffiliation":[{"party":{"name":"Republican"}}],"represents":{"regionType":"DistrictRegion","regionCode":"MA"}}}],"creativeWork":[{"freeFormCitationText":"Train, Charles Russell. <i>Precedents of indictments and special pleas</i>. Boston: Little, Brown and Company, 1855."},{"freeFormCitationText":"------. <i>Speech of Hon. Charles R. Train, of Massachusetts, on the heresy of the doctrine of state rights</i>. [Washington: L. Towers &amp; Co., printers, 1862.]"}],"researchRecord":[{"name":"In the Lorenzo Sabine Letters, 1850, 4 items.","recordType":["Papers"],"description":"Correspondents include Charles Russell Train.","recordLocation":{"name":"Manuscript Division","location":{"addressLocality":"Washington","addressRegion":"DC"},"parentRecordLocation":{"name":"Library of Congress","location":{"addressLocality":"Washington","addressRegion":"DC"}}}},{"name":"In the Military Officer Correspondence, 1855-1892, 11 items.","recordType":["Papers"],"description":"Correspondents include Charles R. Train.","recordLocation":{"name":"Abraham Lincoln Presidential Library","location":{"addressLocality":"Springfield","addressRegion":"IL"}}},{"name":"In the Henry Grafton Clark Papers, 1816-1899, approximately 140 items.","recordType":["Papers"],"description":"Other authors include Charles Russell Train.","recordLocation":{"name":"Boston Athenaeum","location":{"addressLocality":"Boston","addressRegion":"MA"}}},{"name":"1868, 1 item.","recordType":["Papers"],"description":"A letter from Josiah Gardner Abbott to William H. Seward written on January 9, 1868. In the letter, Josiah Abbott endorses the appointment of Joseph Warren Mansur of Massachusetts as judge in the new territory of Alaska. The letter is countersigned by Charles Russell Train.","recordLocation":{"name":"Special Collections Research Center","location":{"addressLocality":"Chicago","addressRegion":"IL"},"parentRecordLocation":{"name":"University of Chicago","location":{"addressLocality":"Chicago","addressRegion":"IL"}}}}]}}
