{"data":{"usCongressBioId":"T000318","familyName":"Tou Velle","givenName":"William","middleName":"Ellsworth","honorificPrefix":"Mr.","unaccentedFamilyName":"Tou Velle","unaccentedGivenName":"William","unaccentedMiddleName":"Ellsworth","birthDate":"1862-11-23","birthCirca":false,"deathDate":"1951-08-14","deathCirca":false,"profileText":"A Representative from Ohio; born in Celina, Mercer County, Ohio, November 23, 1862, attended the public schools and was graduated from Celina High School in 1879; appointed postmaster of Celina, Ohio, on May 27, 1885, and served until June 14, 1888, when a successor was appointed; was graduated from Cincinnati Law School in 1889; was admitted to the bar the same year and commenced practice in Celina; elected as a Democrat to the Sixtieth and Sixty-first Congresses (March 4, 1907-March 3, 1911); did not seek renomination in 1910; resumed the practice of law; president of the First National Bank of Celina; died in Celina, Ohio, August 14, 1951; interment in North Grove Cemetery.","relationship":[],"asset":[],"jobPositions":[{"job":{"name":"Representative","jobType":"CongressMemberJob"},"startDate":"1907-03-04","startCirca":false,"congressAffiliation":{"congress":{"name":"The 60th United States Congress","congressNumber":60,"congressType":"USCongress","startDate":"1907-12-02","endDate":"1909-03-04"},"partyAffiliation":[{"party":{"name":"Democrat"}}],"caucusAffiliation":[{"party":{"name":"Democrat"}}],"represents":{"regionType":"DistrictRegion","regionCode":"OH"}}},{"job":{"name":"Representative","jobType":"CongressMemberJob"},"startDate":"1909-03-04","startCirca":false,"congressAffiliation":{"congress":{"name":"The 61st United States Congress","congressNumber":61,"congressType":"USCongress","startDate":"1909-03-04","endDate":"1911-03-04"},"partyAffiliation":[{"party":{"name":"Democrat"}}],"caucusAffiliation":[{"party":{"name":"Democrat"}}],"represents":{"regionType":"DistrictRegion","regionCode":"OH"}}}],"creativeWork":[],"researchRecord":[{"name":"In the Ohio - Congressmen Papers, 1910, 26 items.","recordType":["Papers"],"description":"Other authors include William Tou Velle.","recordLocation":{"name":"Ohio Historical Society","location":{"addressLocality":"Columbus","addressRegion":"OH"}}}],"deleted":false}}
