{"data":{"usCongressBioId":"T000073","familyName":"Taylor","givenName":"Ezra","middleName":"Booth","honorificPrefix":"Mr.","unaccentedFamilyName":"Taylor","unaccentedGivenName":"Ezra","unaccentedMiddleName":"Booth","birthDate":"1823-07-09","birthCirca":false,"birthDateUnknown":false,"deathDate":"1912-01-29","deathCirca":false,"deathDateUnknown":false,"image":[{"contentUrl":"/bioguide-staging/assets/66d71ca6f82b0eef2ffd67d4.jpg","caption":"Image courtesy of the Library of Congress","name":"T000073_001"}],"profileText":"A Representative from Ohio; born in Nelson, Portage County, Ohio, July 9, 1823; attended the common and select schools and academies; studied law; was admitted to the bar and commenced practice in Portage County in 1845; elected prosecuting attorney in 1854; moved to Warren, Trumbull County, Ohio, in 1861; enrolled as a private in Company A, One Hundred and Seventy-first Ohio Infantry, on April 27, 1864; was mustered into service on May 5, 1864, and was honorably discharged on August 20, 1864; elected judge of the court of common pleas for the ninth judicial district of Ohio and served from March 1877 to September 1880, when he resigned; elected as a Republican to the Forty-sixth Congress to fill the vacancy caused by the resignation of James A. Garfield; reelected to the Forty-seventh and to the five succeeding Congresses and served from December 13, 1880, to March 3, 1893; chairman, Committee on the Judiciary (Fifty-first Congress); declined to be a candidate for renomination in 1892; resumed the practice of his profession; died in Warren, Trumbull County, Ohio, January 29, 1912; interment in the Warren mausoleum at Oakwood Cemetery.","relationship":[],"asset":[{"name":"T000073_001","assetType":"Image","contentUrl":"/bioguide-published/assets/66d71ca6f82b0eef2ffd67d4.jpg","creditLine":"Image courtesy of the Library of Congress","associatedEntity":[],"note":[{"noteType":"ImageNote","content":"https://www.loc.gov/item/2016688779/"}],"usageRight":["Import to Congress.gov"]}],"jobPositions":[{"job":{"name":"Representative","jobType":"CongressMemberJob"},"congressAffiliation":{"congress":{"name":"The 49th United States Congress","congressNumber":49,"congressType":"USCongress","startDate":"1885-03-04","endDate":"1887-03-03"},"partyAffiliation":[{"party":{"name":"Republican"}}],"caucusAffiliation":[{"party":{"name":"Republican"}}],"represents":{"regionType":"StateRegion","regionCode":"OH"}}},{"job":{"name":"Representative","jobType":"CongressMemberJob"},"congressAffiliation":{"congress":{"name":"The 48th United States Congress","congressNumber":48,"congressType":"USCongress","startDate":"1883-12-03","endDate":"1885-03-04"},"partyAffiliation":[{"party":{"name":"Republican"}}],"caucusAffiliation":[{"party":{"name":"Republican"}}],"represents":{"regionType":"StateRegion","regionCode":"OH"}}},{"job":{"name":"Representative","jobType":"CongressMemberJob"},"startDate":"1887-03-04","startCirca":false,"congressAffiliation":{"congress":{"name":"The 50th United States Congress","congressNumber":50,"congressType":"USCongress","startDate":"1887-12-05","endDate":"1889-03-04"},"partyAffiliation":[{"party":{"name":"Republican"}}],"caucusAffiliation":[{"party":{"name":"Republican"}}],"represents":{"regionType":"DistrictRegion","regionCode":"OH"}}},{"job":{"name":"Representative","jobType":"CongressMemberJob"},"startDate":"1889-03-04","startCirca":false,"congressAffiliation":{"congress":{"name":"The 51st United States Congress","congressNumber":51,"congressType":"USCongress","startDate":"1889-03-04","endDate":"1891-03-03"},"partyAffiliation":[{"party":{"name":"Republican"}}],"caucusAffiliation":[{"party":{"name":"Republican"}}],"represents":{"regionType":"DistrictRegion","regionCode":"OH"}}},{"job":{"name":"Representative","jobType":"CongressMemberJob"},"congressAffiliation":{"congress":{"name":"The 46th United States Congress","congressNumber":46,"congressType":"USCongress","startDate":"1879-03-18","endDate":"1881-03-03"},"partyAffiliation":[{"party":{"name":"Republican"}}],"caucusAffiliation":[{"party":{"name":"Republican"}}],"represents":{"regionType":"StateRegion","regionCode":"OH"}}},{"job":{"name":"Representative","jobType":"CongressMemberJob"},"congressAffiliation":{"congress":{"name":"The 47th United States Congress","congressNumber":47,"congressType":"USCongress","startDate":"1881-03-04","endDate":"1883-03-03"},"partyAffiliation":[{"party":{"name":"Republican"}}],"caucusAffiliation":[{"party":{"name":"Republican"}}],"represents":{"regionType":"StateRegion","regionCode":"OH"}}},{"job":{"name":"Representative","jobType":"CongressMemberJob"},"startDate":"1891-03-04","startCirca":false,"congressAffiliation":{"congress":{"name":"The 52nd United States Congress","congressNumber":52,"congressType":"USCongress","startDate":"1891-12-07","endDate":"1893-03-04"},"partyAffiliation":[{"party":{"name":"Republican"}}],"caucusAffiliation":[{"party":{"name":"Republican"}}],"represents":{"regionType":"DistrictRegion","regionCode":"OH"}}}],"creativeWork":[{"freeFormCitationText":"Taylor, Ezra Booth. <i>Contested election</i>. Washington: Government Printing Office, 1884."}],"researchRecord":[{"name":"In the United States War Department Correspondence And Records Regarding Indian Affairs And Activities With Indian Nations, 1798-1874, 1 cubic foot.","recordType":["Papers"],"description":"Persons represented include Ezra B. Taylor.","recordLocation":{"name":"Carl A. Kroch Library","location":{"addressLocality":"Ithaca","addressRegion":"NY"},"parentRecordLocation":{"name":"Cornell University","location":{"addressLocality":"Ithaca","addressRegion":"NY"}}}},{"name":"In the Jerome B. Burrows Family Papers, 1858-1900, 0.6 linear foot.","recordType":["Papers"],"description":"Correspondents include Ezra B. Taylor.","recordLocation":{"name":"Western Reserve Historical Society","location":{"addressLocality":"Cleveland","addressRegion":"OH"}}},{"name":"In the Harriet Jane Hanson Robinson and Harriette Lucy Robinson Shattuck Papers, 1833-1937, 16 boxes.","recordType":["Papers"],"description":"Correspondents include Ezra B. Taylor.","recordLocation":{"name":"Radcliffe Institute for Advanced Study","location":{"addressLocality":"Cambridge","addressRegion":"MA"},"parentRecordLocation":{"name":"Harvard University","location":{"addressLocality":"Cambridge","addressRegion":"MA"}}}}],"deleted":false}}
