{"data":{"usCongressBioId":"T000262","familyName":"Tibbits","givenName":"George","honorificPrefix":"Mr.","unaccentedFamilyName":"Tibbits","unaccentedGivenName":"George","birthDate":"1763-01-14","birthCirca":false,"deathDate":"1849-07-19","deathCirca":false,"profileText":"A Representative from New York; born in Warwick, R.I., January 14, 1763; pursued classical studies; engaged in business in Lansingburg, N.Y., in 1784; moved to Troy, N.Y., in 1797 and became engaged in extensive mercantile pursuits; member of the State assembly in 1800; elected as a Federalist to the Eighth Congress (March 4, 1803-March 3, 1805); was not a candidate for renomination in 1804; member of the State senate 1815-1818; unsuccessful Federalist candidate for Lieutenant Governor of New York in 1816; was a member of the commission on State prisons which rendered a favorable report on the Auburn Prison system in 1824; member of the commission which had charge of the construction of Sing Sing Prison; mayor of Troy, N.Y., from 1830 to 1836; died in Troy, Rensselaer County, N.Y., July 19, 1849; interment in Oakwood Cemetery.","relationship":[],"asset":[],"jobPositions":[{"job":{"name":"Representative","jobType":"CongressMemberJob"},"startDate":"1804-10-17","startCirca":false,"congressAffiliation":{"congress":{"name":"The 8th United States Congress","congressNumber":8,"congressType":"USCongress","startDate":"1803-10-17","endDate":"1805-03-03"},"partyAffiliation":[{"party":{"name":"Federalist"}}],"caucusAffiliation":[{"party":{"name":"Federalist"}}],"represents":{"regionType":"DistrictRegion","regionCode":"NY"}}}],"creativeWork":[{"freeFormCitationText":"Tibbits, George. <i>Essay on the expediency and practicability of improving or creating home markets for the sale of agricultural productions and raw materials, by the introduction or growth of artisans and manufacturers : being an appendix and illustration of a memoir on the same subject, read before the Board of Agriculture of the State of New York, March 8, 1825</i>. Philadelphia: Clark &amp; Raser, 1829."},{"freeFormCitationText":"------. <i>Memoir on the expediency and practicability, of improving or creating home markets for the sale of agricultural productions and raw materials, by the introduction or growth of artizans and manufacturers. Read before the Board of agriculture of the state of New York, March 8, 1825</i>. Philadelphia: Reprinted by J. R. A. Skerrett, 1827."}],"researchRecord":[{"name":"In the Tibbits Family Papers, ca. 1684-1947, 100 cubic feet.","recordType":["Papers"],"description":"The papers of George Tibbits consist of correspondence, bills, receipts, ledgers, journals, landtitles, platbooks, memoranda, petitions, articles and speeches relating to various phases of his career in business and politics. From 1784-1804, these papers concern his dealings with wholesalers and shippers as well as the retail operations of the store. Hardware and dry goods were probably the chief line of merchandise he sold as indicated in an assortment of journals and ledgers that remain. There is also some evidence that he operated a grain storage warehouse from which it was sold or barteed wholesale. Another major endeavor of George Tibbits documented in these papers was the acquisition, subdivision, and release of land in Troy, Schaghticke, Hoosick, McCormick's Patent, and Scribas Patent. As for George Tibbits career in politics and government, there is correspondence, memoranda, and drafts of articles, reports, and speeches clearly reveal his sentiments on a wide range of local and national issued. For example, there are a series of essays he presented at the National Convention on Trade and Commerce, at Harrisburg, Pennsylvania, 1827, that were later published in the \"Philadelphia Inquirer\" in which he advocates the imposition of tarifs and duties on foreign goods. Another example of his work is an essay entitled \"Remarks Upon Canals\" where he sets forth his case for financing the construction of the Erie Canal through domestic sources as opposed to foreign. Also included here are drafts of numerous petitions he authored as mayor of Troy during the 1830's concerning such matters as the bridge at Albany and the controversial move by the State of New York to change the terminus of the Erie Canal. Lastly, this series includes material generated by his work with the special commission on prisons, such as detailed statistical charts and related reports on the physical facilties and financial operations at Auburn.","recordLocation":{"name":"Manuscripts and Special Collections","location":{"addressLocality":"Albany","addressRegion":"NY"},"parentRecordLocation":{"name":"New York State Library","location":{"addressLocality":"Albany","addressRegion":"NY"}}}}]}}
