{"data":{"usCongressBioId":"T000365","familyName":"Trezvant","givenName":"James","honorificPrefix":"Mr.","unaccentedFamilyName":"Trezvant","unaccentedGivenName":"James","birthCirca":false,"birthDateUnknown":true,"deathDate":"1841-09-02","deathCirca":false,"deathDateUnknown":false,"profileText":"a Representative from Virginia; born in Sussex County, Va., birth date unknown; completed preparatory studies; studied law; was admitted to the bar and commenced practice in Jerusalem, Va.; attorney general of Virginia; delegate to the Virginia state constitutional convention in 1820; served in the Virginia state house of delegates; elected as a Jacksonian candidate to the Nineteenth and to the two succeeding Congresses (March 4, 1825-March 3, 1831); chairman, Committee on Military Pensions (Twenty-first Congress); died in Southampton County, Va., September 2, 1841.","relationship":[],"asset":[],"jobPositions":[{"job":{"name":"Representative","jobType":"CongressMemberJob"},"startDate":"1825-12-07","startCirca":false,"congressAffiliation":{"congress":{"name":"The 19th United States Congress","congressNumber":19,"congressType":"USCongress","startDate":"1825-03-04","endDate":"1827-03-03"},"partyAffiliation":[{"party":{"name":"Jacksonian"}}],"caucusAffiliation":[{"party":{"name":"Jacksonian"}}],"represents":{"regionType":"DistrictRegion","regionCode":"VA"}}},{"job":{"name":"Representative","jobType":"CongressMemberJob"},"startDate":"1827-12-03","startCirca":false,"congressAffiliation":{"congress":{"name":"The 20th United States Congress","congressNumber":20,"congressType":"USCongress","startDate":"1827-12-03","endDate":"1829-03-03"},"partyAffiliation":[{"party":{"name":"Jacksonian"}}],"caucusAffiliation":[{"party":{"name":"Jacksonian"}}],"represents":{"regionType":"DistrictRegion","regionCode":"VA"}}},{"job":{"name":"Representative","jobType":"CongressMemberJob"},"startDate":"1829-12-07","startCirca":false,"endCirca":false,"congressAffiliation":{"congress":{"name":"The 21st United States Congress","congressNumber":21,"congressType":"USCongress","startDate":"1829-03-04","endDate":"1831-03-03"},"partyAffiliation":[{"party":{"name":"Jacksonian"},"startCirca":false,"endCirca":false}],"caucusAffiliation":[{"party":{"name":"Jacksonian"},"startCirca":false,"endCirca":false}],"represents":{"regionType":"DistrictRegion","regionCode":"VA"}}}],"creativeWork":[],"researchRecord":[],"deleted":false}}
