{"data":{"usCongressBioId":"T000211","familyName":"Thompson","givenName":"Philip","honorificPrefix":"Mr.","unaccentedFamilyName":"Thompson","unaccentedGivenName":"Philip","birthDate":"1789-08-20","birthCirca":false,"deathDate":"1836","deathCirca":true,"profileText":"A Representative from Kentucky; born on Shawnee Run, near Harrodsburg, Mercer County, Ky., August 20, 1789; received a limited education; served as a lieutenant in the War of 1812; held several local offices; studied law; was admitted to the bar and commenced practice in Hartford, Ohio County, Ky.; moved to Owensboro, Daviess County, Ky.; member of the State house of representatives; elected as an Adams-Clay Republican to the Eighteenth Congress (March 4, 1823-March 3, 1825); resumed the practice of law in Owensburg, Ky., where he died November 25, 1836; interment in the Moseley burying ground on Firth Street; reinterment in Rural Hill (later Elmwood) Cemetery in 1856.","relationship":[],"asset":[],"jobPositions":[{"job":{"name":"Representative","jobType":"CongressMemberJob"},"startDate":"1823-12-01","startCirca":false,"congressAffiliation":{"congress":{"name":"The 18th United States Congress","congressNumber":18,"congressType":"USCongress","startDate":"1823-12-01","endDate":"1825-03-03"},"partyAffiliation":[{"party":{"name":"Adams-Clay Republican"}}],"caucusAffiliation":[{"party":{"name":"Adams-Clay Republican"}}],"represents":{"regionType":"DistrictRegion","regionCode":"KY"}}}],"creativeWork":[],"researchRecord":[]}}
