{"data":{"usCongressBioId":"T000247","familyName":"Throop","givenName":"Enos","middleName":"Thompson","honorificPrefix":"Mr.","unaccentedFamilyName":"Throop","unaccentedGivenName":"Enos","unaccentedMiddleName":"Thompson","birthDate":"1784-08-21","birthCirca":false,"birthDateUnknown":false,"deathDate":"1874-11-01","deathCirca":false,"deathDateUnknown":false,"profileText":"A Representative from New York; born in Johnstown, Montgomery County, N.Y., August 21, 1784; attended the common schools; studied law; was admitted to the bar in 1806 and commenced practice in Auburn, N.Y.; clerk of Cayuga County 1811-1815; elected as a Democratic Republican to the Fourteenth Congress and served from March 4, 1815, to June 4, 1816, when he resigned; unsuccessful candidate for reelection in 1816 to the Fifteenth Congress; circuit judge of New York 1823-1827; elected Lieutenant Governor of New York in 1828, and became Governor when Martin Van Buren was appointed Secretary of State of the United States March 12, 1829; elected Governor of New York and served from 1830 to 1833; naval officer of the port of New York 1833-1838; appointed Charg&eacute; d'Affaires to the Two Sicilies on February 6, 1838, and served until January 12, 1842; engaged in the management of his large estate and resided in Kalamazoo, Mich., 1847-1867; returned to his estate ``Willowbrook,'' near Auburn, Cayuga County, N.Y., and died there November 1, 1874; interment in St. Peter's Churchyard, Auburn, N.Y.","relationship":[],"asset":[],"jobPositions":[{"job":{"name":"Representative","jobType":"CongressMemberJob"},"startDate":"1815-12-04","startCirca":false,"endCirca":false,"congressAffiliation":{"congress":{"name":"The 14th United States Congress","congressNumber":14,"congressType":"USCongress","startDate":"1815-12-04","endDate":"1817-03-03"},"partyAffiliation":[{"party":{"name":"Democratic Republican"},"startCirca":false,"endCirca":false}],"caucusAffiliation":[{"party":{"name":"Democratic Republican"},"startCirca":false,"endCirca":false}],"represents":{"regionType":"DistrictRegion","regionCode":"NY"},"note":[{"type":"Note","content":"One of two elected to represent 20th district.","noteType":"FootNote"}]}}],"creativeWork":[],"researchRecord":[{"name":"1809-1867. 19 items.","recordType":["Papers"],"recordLocation":{"name":"New-York Historical Society","location":{"addressLocality":"New York","addressRegion":"NY"}}},{"name":"In the Records of the New York State Governor, 1828-1888, 1 volume.","recordType":["Papers"],"description":"Governors represented include Enos T. Throop.","recordLocation":{"name":"Manuscript Division","location":{"addressLocality":"Washington","addressRegion":"DC"},"parentRecordLocation":{"name":"Library of Congress","location":{"addressLocality":"Washington","addressRegion":"DC"}}}},{"name":"1862, 4 pages.","recordType":["Papers"],"description":"A letter from Enos Throop to Governor Horatio Seymour written on December 11, 1862. In the letter, Throop writes regarding an appointment for W. Bradford and M.H. Throop, and also comments on the \"last election.\"","recordLocation":{"name":"Abraham Lincoln Presidential Library","location":{"addressLocality":"Springfield","addressRegion":"IL"}}},{"name":"1807-1868, 0.8 cubic foot.","recordType":["Papers"],"description":"The papers of Enos Throop contain personal correspondence; bills, receipts and accounts for merchandise and services. Also included is an executive order issued by Governor Throop for the transfer of prisoners from Auburn to Sing Sing, the former prison being overcrowded.","recordLocation":{"name":"Carl A. Kroch Library","location":{"addressLocality":"Ithaca","addressRegion":"NY"},"parentRecordLocation":{"name":"Cornell University","location":{"addressLocality":"Ithaca","addressRegion":"NY"}}}},{"name":"2 letters.","recordType":["Papers"],"recordLocation":{"name":"Boston Public Library","location":{"addressLocality":"Boston","addressRegion":"MA"}}},{"name":"1804-1868, 1 cubic foot","recordType":["Papers"],"description":"Family correspondence of Enos Throop, his wife Evelina Vredenburgh Throop, nephew Montgomery Hunt Throop, and others; political and business correspondence, including letters from Benjamin F. Butler, Samuel Clark, Jabez Hammond, James L. Graham, and John S. Jenkins. Also political and patriotic orations, 1806-17; financial and legal papers; returns of Cayuga County election, 1808; and memorabilia.","recordLocation":{"name":"Special Collections, River Campus Libraries","location":{"addressLocality":"Rochester","addressRegion":"NY"},"parentRecordLocation":{"name":"University of Rochester","location":{"addressLocality":"Rochester","addressRegion":"NY"}}}},{"name":"1829-1832, 12 items.","recordType":["Papers"],"description":"The papers of Enos Throop include letters and petitions received.","recordLocation":{"name":"Special Collections and Archives","location":{"addressLocality":"New Brunswick","addressRegion":"NJ"},"parentRecordLocation":{"name":"Rutgers University Library","location":{"addressLocality":"New Brunswick","addressRegion":"NJ"}}}},{"name":"In the Theodorus Bailey Myers Collection, 1542-1876, 10 linear feet.","recordType":["Papers"],"description":"Correspondents include Enos Throop.","recordLocation":{"name":"Humanities and Social Sciences Library","location":{"addressLocality":"New York","addressRegion":"NY"},"parentRecordLocation":{"name":"The New York Public Library","location":{"addressLocality":"New York","addressRegion":"NY"}}}},{"name":"1871, 1 page.","recordType":["Papers"],"description":"A letter from Governor Enos Throop to M.D. Phillips written on August 9, 1871. In the letter, Throop informs him that he has left a copy of Jenkins' \"Lives of the Governors\" for Phillips at the office of the American Merchants Union Express Company of New York City.","recordLocation":{"name":"New York State Library","location":{"addressLocality":"Albany","addressRegion":"NY"}}},{"name":"In the Throop and Martin Family Papers, 1693-1951, 4.2 linear feet.","recordType":["Papers"],"description":"Persons represented include Enos Throop.","recordLocation":{"name":"Special Collections","location":{"addressLocality":"Princeton","addressRegion":"NJ"},"parentRecordLocation":{"name":"Princeton University Library","location":{"addressLocality":"Princeton","addressRegion":"NJ"}}}},{"name":"In the Political Papers, 1755-1972, 80 items.","recordType":["Papers"],"description":"Persons represented include Enos Throop.","recordLocation":{"name":"Special Collections and Archives","location":{"addressLocality":"New Brunswick","addressRegion":"NJ"},"parentRecordLocation":{"name":"Rutgers University Library","location":{"addressLocality":"New Brunswick","addressRegion":"NJ"}}}},{"name":"1836, 1 page.","recordType":["Papers"],"description":"A letter from Enos Throop to Mr. Dwight written on June 30, 1836. In the letter, Throop writes, \"I will contribute all in my power towards furthering the views of the Commissioners of the Auburn &amp; Rochester railroad company.\"","recordLocation":{"name":"Margaret Clapp Library","location":{"addressLocality":"Wellesley","addressRegion":"MA"},"parentRecordLocation":{"name":"Wellesley College","location":{"addressLocality":"Wellesley","addressRegion":"MA"}}}},{"name":"1836, 1 page.","recordType":["Papers"],"description":"A letter from E.T. Throop to Mr. Dwight written on July 19, 1836. In the letter, Throop writes, \"I would have sooner acknowledged the receipt of the subscription book for the Auburn &amp; Rochester Rail Road...\"","recordLocation":{"name":"Margaret Clapp Library","location":{"addressLocality":"Wellesley","addressRegion":"MA"},"parentRecordLocation":{"name":"Wellesley College","location":{"addressLocality":"Wellesley","addressRegion":"MA"}}}}],"deleted":false}}
