{"data":{"usCongressBioId":"T000375","familyName":"Trimble","givenName":"Lawrence","middleName":"Strother","honorificPrefix":"Mr.","unaccentedFamilyName":"Trimble","unaccentedGivenName":"Lawrence","unaccentedMiddleName":"Strother","birthDate":"1825-08-26","birthCirca":false,"deathDate":"1904-08-09","deathCirca":false,"profileText":"A Representative from Kentucky; born near Flemingsburg, Fleming County, Ky., August 26, 1825; completed preparatory studies; studied law; was admitted to the bar in 1847 and commenced practice in Paducah, Ky.; member of the State house of representatives in 1851 and 1852; judge of the equity and criminal court of the first judicial circuit of Kentucky 1856-1860; president of the New Orleans &amp; Ohio Railroad Co. 1860-1865; unsuccessful candidate for election in 1868 to the Thirty-eighth Congress; elected as a Democrat to the Thirty-ninth, Fortieth, and Forty-first Congresses (March 4, 1865-March 3, 1871); unsuccessful candidate for renomination in 1870; resumed the practice of law; moved to Albuquerque, N.Mex., in 1879 and continued the practice of law until 1889, when he retired; died in Albuquerque, N.Mex., August 9, 1904; interment in Fairview Cemetery.","relationship":[],"asset":[],"jobPositions":[{"job":{"name":"Representative","jobType":"CongressMemberJob"},"startDate":"1865-03-04","startCirca":false,"congressAffiliation":{"congress":{"name":"The 39th United States Congress","congressNumber":39,"congressType":"USCongress","startDate":"1865-03-04","endDate":"1867-03-03"},"partyAffiliation":[{"party":{"name":"Democrat"}}],"caucusAffiliation":[{"party":{"name":"Democrat"}}],"represents":{"regionType":"DistrictRegion","regionCode":"KY"}}},{"job":{"name":"Representative","jobType":"CongressMemberJob"},"startDate":"1867-03-04","startCirca":false,"congressAffiliation":{"congress":{"name":"The 40th United States Congress","congressNumber":40,"congressType":"USCongress","startDate":"1867-03-04","endDate":"1869-03-03"},"partyAffiliation":[{"party":{"name":"Democrat"}}],"caucusAffiliation":[{"party":{"name":"Democrat"}}],"represents":{"regionType":"DistrictRegion","regionCode":"KY"},"note":[{"type":"Note","noteType":"FootNote","content":"Election unsuccessfully contested by G. G. Symes; took his seat January 10, 1868."}]}},{"job":{"name":"Representative","jobType":"CongressMemberJob"},"startDate":"1869-03-04","startCirca":false,"congressAffiliation":{"congress":{"name":"The 41st United States Congress","congressNumber":41,"congressType":"USCongress","startDate":"1869-03-04","endDate":"1871-03-03"},"partyAffiliation":[{"party":{"name":"Democrat"}}],"caucusAffiliation":[{"party":{"name":"Democrat"}}],"represents":{"regionType":"DistrictRegion","regionCode":"KY"}}}],"creativeWork":[],"researchRecord":[{"name":"In the Charles Lanman collection.","recordType":["Papers"],"description":"Autobiographical or biographical sketch. Unpublished finding aid in repository.","recordLocation":{"name":"Filson Club Historical Society","location":{"addressLocality":"Louisville","addressRegion":"KY"}}}]}}
