{"data":{"usCongressBioId":"T000068","familyName":"Taylor","givenName":"Caleb","middleName":"Newbold","honorificPrefix":"Mr.","unaccentedFamilyName":"Taylor","unaccentedGivenName":"Caleb","unaccentedMiddleName":"Newbold","birthDate":"1813-07-27","birthCirca":false,"deathDate":"1887-11-15","deathCirca":false,"profileText":"A Representative from Pennsylvania; born near Newportville, Bristol Township, Bucks County, Pa., July 27, 1813; completed preparatory studies; engaged in agricultural pursuits; delegate to the Whig State convention at Harrisburg in 1832; unsuccessful candidate for election to Congress in 1848, 1850, and again in 1852; delegate to the Republican National Convention in 1860; elected as a Republican to the Fortieth Congress (March 4, 1867-March 3, 1869); successfully contested the election of John R. Reading to the Forty-first Congress and served from April 13, 1870, to March 3, 1871; engaged in banking; president of the Farmers' National Bank of Bucks County, Bristol, Pa., from 1875 until his death at his home, ``Sunbury Farm,'' near Newportville, Bristol Township, Pa., November 15, 1887; interment in the Friends Burying Ground, Bristol, Pa.","relationship":[],"asset":[],"jobPositions":[{"job":{"name":"Representative","jobType":"CongressMemberJob"},"startDate":"1867-03-04","startCirca":false,"congressAffiliation":{"congress":{"name":"The 40th United States Congress","congressNumber":40,"congressType":"USCongress","startDate":"1867-03-04","endDate":"1869-03-03"},"partyAffiliation":[{"party":{"name":"Republican"}}],"caucusAffiliation":[{"party":{"name":"Republican"}}],"represents":{"regionType":"DistrictRegion","regionCode":"PA"}}},{"job":{"name":"Representative","jobType":"CongressMemberJob"},"congressAffiliation":{"congress":{"name":"The 41st United States Congress","congressNumber":41,"congressType":"USCongress","startDate":"1869-03-04","endDate":"1871-03-03"},"partyAffiliation":[{"party":{"name":"Republican"}}],"caucusAffiliation":[{"party":{"name":"Republican"}}],"represents":{"regionType":"StateRegion","regionCode":"PA"},"note":[{"type":"Note","noteType":"FootNote","content":"Successfully contested the election of John R. Reading, and took his seat April 13, 1870."}]}}],"creativeWork":[],"researchRecord":[]}}
