{"data":{"usCongressBioId":"T000235","familyName":"Thorington","givenName":"James","honorificPrefix":"Mr.","unaccentedFamilyName":"Thorington","unaccentedGivenName":"James","birthDate":"1816-05-07","birthCirca":false,"birthDateUnknown":false,"deathDate":"1887-06-13","deathCirca":false,"deathDateUnknown":false,"profileText":"A Representative from Iowa; born in Wilmington, N.C., May 7, 1816; moved with his parents to Montgomery, Ala., in 1827; attended the common schools, the military school in Fayetteville, N.C., 1830-1832, and the University of Alabama at Tuscaloosa 1832-1835; studied law in Montgomery, Ala.; engaged in trading and trapping on the upper Missouri and Columbia Rivers 1837-1839; moved to Davenport, Iowa, in 1839; was admitted to the bar in 1844 and commenced practice in Davenport; mayor of Davenport 1843-1847; probate judge of Scott County 1843-1851; clerk of the district court of Scott County 1846-1854; elected as an Opposition candidate to the Thirty-fourth Congress (March 4, 1855-March 3, 1857); was not a candidate for renomination in 1856; affiliated with the Republican Party; sheriff of Scott County 1859-1863; recorder 1864-1868; was appointed consul at Aspinwall, Colombia, January 21, 1873; appointed commercial agent at the same city May 27, 1873, and served in both positions until October 21, 1882; died while on a visit to his daughter at Santa Fe, N.Mex., June 13, 1887; interment in Oakdale Cemetery, Davenport, Iowa.","relationship":[],"asset":[],"jobPositions":[{"job":{"name":"Representative","jobType":"CongressMemberJob"},"startDate":"1855-03-04","startCirca":false,"endCirca":false,"congressAffiliation":{"congress":{"name":"The 34th United States Congress","congressNumber":34,"congressType":"USCongress","startDate":"1855-12-03","endDate":"1857-03-03"},"partyAffiliation":[{"party":{"name":"Opposition"},"startCirca":false,"endCirca":false}],"represents":{"regionType":"DistrictRegion","regionCode":"IA"}}}],"creativeWork":[],"researchRecord":[{"name":"1856, 1 item.","recordType":["Papers"],"description":"A letter from P. Moriarty to James Thorington written on January 5, 1856. In the letter, P. Moriarty announces his publication of a newspaper discussing the coming elections and political climate.","recordLocation":{"name":"Special Collections Department","location":{"addressLocality":"Iowa City","addressRegion":"IA"},"parentRecordLocation":{"name":"University of Iowa Libraries","location":{"addressLocality":"Iowa City","addressRegion":"IA"}}}},{"name":"1856, 1 item.","recordType":["Papers"],"description":"A letter from James Thorington to to the<i> Congressional Globe</i>, written on August 26, 1856. In the letter, Thornington orders back issues of the <i>Globe</i>.","recordLocation":{"name":"Special Collections Department","location":{"addressLocality":"Iowa City","addressRegion":"IA"},"parentRecordLocation":{"name":"University of Iowa Libraries","location":{"addressLocality":"Iowa City","addressRegion":"IA"}}}},{"name":"1858, 1 item.","recordType":["Papers"],"description":"A letter from James Thorington to Justin S. Morrill. Davenport written on November 6, 1858. In the letter, Thorington requests assistance in his candidacy for the position of Clerk of the House, 36th Congress.","recordLocation":{"name":"Special Collections Department","location":{"addressLocality":"Iowa City","addressRegion":"IA"},"parentRecordLocation":{"name":"University of Iowa Libraries","location":{"addressLocality":"Iowa City","addressRegion":"IA"}}}}],"deleted":false}}
