{"data":{"usCongressBioId":"T000416","familyName":"Turner","givenName":"Charles","honorificPrefix":"Mr.","honorificSuffix":"Jr.","unaccentedFamilyName":"Turner","unaccentedGivenName":"Charles","birthDate":"1760-06-20","birthCirca":false,"birthDateUnknown":false,"deathDate":"1839-05-16","deathCirca":false,"deathDateUnknown":false,"profileText":"a Representative from Massachusetts; born in Duxbury, Mass., June 20, 1760; received a common-school education at Duxbury and Scituate, Mass.; commissioned an adjutant in the Massachusetts state militia in 1787; promoted to major in 1790, and held the rank of lieutenant colonel commandant 1798-1812; appointed first postmaster of Scituate, Mass., in 1800; justice of the peace; member of the Massachusetts state house of representatives in 1803 and 1805-1808; successfully contested as a Democratic Republican the election of William Baylies to the Eleventh Congress; reelected to the Twelfth Congress and served from June 28, 1809, to March 3, 1813; chairman, Committee on Accounts (Twelfth Congress); unsuccessful candidate for reelection to the Thirteenth Congress; served in the Massachusetts state senate in 1816; again a member of the Massachusetts state house of representatives in 1817, 1819, and 1823; appointed steward of the Marine Hospital at Chelsea, Mass.; delegate to the Massachusetts state constitutional convention in 1820; engaged in agricultural pursuits; died in Scituate, Plymouth County, Mass., May 16, 1839; interment in the burial ground of the First Parish of Norwell (formerly Scituate).","relationship":[],"asset":[],"jobPositions":[{"job":{"name":"Representative","jobType":"CongressMemberJob"},"startDate":"1809-05-22","startCirca":false,"endCirca":false,"congressAffiliation":{"congress":{"name":"The 11th United States Congress","congressNumber":11,"congressType":"USCongress","startDate":"1809-03-04","endDate":"1811-03-03"},"partyAffiliation":[{"party":{"name":"Democratic Republican"},"startCirca":false,"endCirca":false}],"caucusAffiliation":[{"party":{"name":"Democratic Republican"},"startCirca":false,"endCirca":false}],"represents":{"regionType":"DistrictRegion","regionCode":"MA"},"note":[{"type":"Note","content":"Represented Plymouth district.","noteType":"FootNote"},{"type":"Note","content":"Successfully contested the election of William Baylies, and took his seat June 28, 1809.","noteType":"FootNote"}]}},{"job":{"name":"Representative","jobType":"CongressMemberJob"},"startDate":"1811-11-04","startCirca":false,"endCirca":false,"congressAffiliation":{"congress":{"name":"The 12th United States Congress","congressNumber":12,"congressType":"USCongress","startDate":"1811-11-04","endDate":"1813-03-03"},"partyAffiliation":[{"party":{"name":"Democratic Republican"},"startCirca":false,"endCirca":false}],"caucusAffiliation":[{"party":{"name":"Democratic Republican"},"startCirca":false,"endCirca":false}],"represents":{"regionType":"DistrictRegion","regionCode":"MA"},"note":[{"type":"Note","content":"Represented Plymouth district.","noteType":"FootNote"}]}}],"creativeWork":[],"researchRecord":[],"deleted":false}}
