{"data":{"usCongressBioId":"T000031","familyName":"Tallmadge","givenName":"James","honorificPrefix":"Mr.","honorificSuffix":"Jr.","unaccentedFamilyName":"Tallmadge","unaccentedGivenName":"James","birthDate":"1778-01-28","birthCirca":false,"birthDateUnknown":false,"deathDate":"1853-09-29","deathCirca":false,"deathDateUnknown":false,"profileText":"A Representative from New York; born in Stanfordville, Dutchess County, N.Y., January 28, 1778; was graduated from Brown University, Providence, R.I., in 1798; secretary to Governor Clinton 1798-1800; studied law; was admitted to the bar in 1802 and practiced in Poughkeepsie, N.Y., and in New York City; served in the War of 1812 and commanded a company of home guards in defense of New York; elected as a Democratic Republican to the Fifteenth Congress to fill the vacancy caused by the death of Henry B. Lee and served from June 6, 1817, to March 3, 1819; author of amendment, passed by the House on February 17, 1819, prohibiting further introduction of slaves into Missouri; declined to be a candidate for renomination in 1818 to the Sixteenth Congress; delegate to the State constitutional conventions in 1821 and 1846; member of the New York state assembly in 1824; Lieutenant Governor of New York 1824-1826; died in New York City September 29, 1853; interment in Marble Cemetery.","relationship":[],"asset":[],"jobPositions":[{"job":{"name":"Representative","jobType":"CongressMemberJob"},"startDate":"1817-12-01","startCirca":false,"endCirca":false,"congressAffiliation":{"congress":{"name":"The 15th United States Congress","congressNumber":15,"congressType":"USCongress","startDate":"1817-03-04","endDate":"1819-03-03"},"partyAffiliation":[{"party":{"name":"Democratic Republican"},"startCirca":false,"endCirca":false}],"caucusAffiliation":[{"party":{"name":"Democratic Republican"},"startCirca":false,"endCirca":false}],"represents":{"regionType":"DistrictRegion","regionCode":"NY"},"note":[{"type":"Note","content":"Elected to fill vacancy caused by death of Representative-elect Henry B. Lee (February 18, 1817, before the beginning of the congressional term), and took his seat December 1, 1817.","noteType":"FootNote"}]}}],"creativeWork":[{"freeFormCitationText":"Andrews, George B. <i>A sermon, occasioned by the death of the Hon. James Tallmadge</i>. Poughkeepsie: Platt &amp; Schram's Steam Printing Establishment, 1853."},{"freeFormCitationText":"Tallmadge, James.<i> Address at the close of the Twenty-second Annual Fair of the American Institute</i>. New York: W. E. Dean, printed, 1849."},{"freeFormCitationText":"------.<i> Address before the American Institute, at the close of its fourteenth annual fair</i>. New York: Hopkins and Jennings, printers, 1841."},{"freeFormCitationText":"------. <i>Address, delivered at the close of the eighteenth annual fair of the American Institute, of the city of New-York, at Niblo's Saloon, October 24, 1845</i>. New-York: J. Van Norden &amp; Co., printers, 1845."},{"freeFormCitationText":"------. <i>Address delivered May 20, 1837</i>. New York: Printed by D. Fanshaw, 1837."},{"freeFormCitationText":"------. <i>Address of General James Tallmadge, delivered at Castle Garden, in the City of New York</i>. New York: R. Craighead, printer, 1847."},{"freeFormCitationText":"------. <i>Remarks, at the Agricultural Convention, New-York, Oct. 11, 1844</i>. [New York: N.p., 1844]."},{"freeFormCitationText":"------. <i>Speech of the Hon. James Tallmadge, of Duchess County, New York, in the House of Representatives of the United States, on slavery</i>. Boston: Printed by Ticknor &amp; Company, 1849."},{"freeFormCitationText":"------. <i>Speech of James Tallmadge, Esq., on the bill to provide for the choice</i>. Albany: N.p., 1824."},{"freeFormCitationText":"------. <i>Speech of James Tallmadge, Esq., on the subject of caucus, to nominate a president and vice-president, as brought up on the Tennessee resolutions, in the House of Assembly, 26th January, 1824</i>. Albany: N.p., 1824."},{"freeFormCitationText":"------. <i>Speech of James Tallmadge, Esq. on the subject of giving the choice of presidential electors to the people: in the House of Assembly, on the 5th of August, 1824</i>. Albany [N.Y.]: Printed by John B. Van Steenbergh. [1824]"},{"freeFormCitationText":"------.<i> Speech of the Hon. Mr. Tallmadge, in the House of Representatives, on the Seminole War</i>. [Washington, D.C.: N.p., 1819?]"},{"freeFormCitationText":"------. <i>Speech of the Honorable James Tallmadge, Jr. of Duchess County, New York ... on slavery. To which is added, the proceedings of the Manumission Society of the City of New York, and the correspondence of their committee with Messrs. Tallmadge and Taylor</i>. New York: Printed by E. Conrad, 1819."},{"freeFormCitationText":"<i>The West vindicated. A review (in part) of the address of General James Tallmadge, before the American Institute, October 26, 1841</i>. Buffalo: Steele's Press, 1842."}],"researchRecord":[{"name":"1802-1846. 39 items.","recordType":["Papers"],"description":"Chiefly personal correspondence; a few items relating to personal business. Finding aid in repository.","recordLocation":{"name":"New-York Historical Society","location":{"addressLocality":"New York","addressRegion":"NY"}}},{"name":"In the Matthias B. Tallmadge Correspondence and Papers, 1800-1850, 2.4 linear feet.","recordType":["Papers"],"description":"Correspondents include James Tallmadge.","recordLocation":{"name":"New-York Historical Society","location":{"addressLocality":"New York","addressRegion":"NY"}}},{"name":"In the John W. Taylor Correspondence and Papers, 1804-1846, 2.8 linear feet.","recordType":["Papers"],"description":"Correspondents include James Tallmadge.","recordLocation":{"name":"New-York Historical Society","location":{"addressLocality":"New York","addressRegion":"NY"}}},{"name":"In the William Cabell Rives Papers, ca. 1824-1842, approximately 190 items.","recordType":["Papers"],"description":"Correspondents include James Tallmadge.","recordLocation":{"name":"Albert and Shirley Small Special Collections Library","location":{"addressLocality":"Charlottesville","addressRegion":"VA"},"parentRecordLocation":{"name":"University of Virginia","location":{"addressLocality":"Charlottesville","addressRegion":"VA"}}}},{"name":"12 letters.","recordType":["Papers"],"recordLocation":{"name":"Boston Public Library","location":{"addressLocality":"Boston","addressRegion":"MA"}}},{"name":"1848, 3 pages.","recordType":["Papers"],"description":"A letter from James Tallmadge to Daniel Webster written on June 16, 1848. In the letter, Tallmadge writes that he is a Taylor man and hopes Webster will run with Taylor on the Presidential ticket. Tallmadge also mentions past political events.","recordLocation":{"name":"Rauner Special Collections Library","location":{"addressLocality":"Hanover","addressRegion":"NH"},"parentRecordLocation":{"name":"Dartmouth College","location":{"addressLocality":"Hanover","addressRegion":"NH"}}}},{"name":"1812, 1 item.","recordType":["Papers"],"description":"A letter from Peter Robert Livingston to James Tallmadge written on November 29, 1812. In the letter, Livingston writes regarding arrangements for the payment of a judgment by a Col. H. Livingston in a New York Supreme Court lawsuit brought by I.T. Schriver.","recordLocation":{"name":"Special Collections","location":{"addressLocality":"Chicago","addressRegion":"IL"},"parentRecordLocation":{"name":"Newberry Library","location":{"addressLocality":"Chicago","addressRegion":"IL"}}}},{"name":"In the William L. Stone Letters, 1819-1841, 3 items.","recordType":["Papers"],"description":"Correspondents include James Tallmadge.","recordLocation":{"name":"Special Collections","location":{"addressLocality":"Chicago","addressRegion":"IL"},"parentRecordLocation":{"name":"Newberry Library","location":{"addressLocality":"Chicago","addressRegion":"IL"}}}}],"deleted":false}}
