{"data":{"usCongressBioId":"T000205","familyName":"Thompson","givenName":"Joel","honorificPrefix":"Mr.","unaccentedFamilyName":"Thompson","unaccentedGivenName":"Joel","birthDate":"1760-10-03","birthCirca":false,"deathDate":"1843-02-08","deathCirca":false,"profileText":"A Representative from New York; born in Stanford, Dutchess County, N.Y., October 3, 1760; attended the common schools in Smyrna, N.Y.; studied law; was admitted to the bar and practiced in Duanesburg, and Sherburne, N.Y.; served in the Revolutionary Army in 1779 and 1780; member of the State assembly in 1798, 1803, and 1804, serving one term as member from Albany County and two terms as member from Chenango County; assistant justice of the court of common pleas of Chenango County from July 1799 to June 1807, when he became judge of Chenango County, serving until March 16, 1814; elected as a Federalist to the Thirteenth Congress (March 4, 1813-March 3, 1815); resumed the practice of law in Sherburne, N.Y.; died in Brooklyn, N.Y., February 8, 1843; interment in Greenwood Cemetery.","relationship":[],"asset":[],"jobPositions":[{"job":{"name":"Representative","jobType":"CongressMemberJob"},"startDate":"1813-05-24","startCirca":false,"congressAffiliation":{"congress":{"name":"The 13th United States Congress","congressNumber":13,"congressType":"USCongress","startDate":"1813-05-24","endDate":"1815-03-03"},"partyAffiliation":[{"party":{"name":"Federalist"}}],"caucusAffiliation":[{"party":{"name":"Federalist"}}],"represents":{"regionType":"DistrictRegion","regionCode":"NY"},"note":[{"type":"Note","noteType":"FootNote","content":"One of two elected to represent 15th district."}]}}],"creativeWork":[],"researchRecord":[]}}
