{"data":{"usCongressBioId":"T000051","familyName":"Tattnall","givenName":"Edward","middleName":"Fenwick","honorificPrefix":"Mr.","unaccentedFamilyName":"Tattnall","unaccentedGivenName":"Edward","unaccentedMiddleName":"Fenwick","birthDate":"1788","birthCirca":false,"birthDateUnknown":false,"deathDate":"1832-11-21","deathCirca":false,"deathDateUnknown":false,"profileText":"a Representative from Georgia; born in Savannah, Ga., in 1788; educated in England; held several local offices; solicitor general from November 1816 to September 1817, when he resigned; member of the Georgia state house of representatives in 1818 and 1819; elected as a Democratic Republican to the Seventeenth Congress, reelected as a Crawford Republican to the Eighteenth Congress, and reelected as a Jacksonian candidate to the Nineteenth and Twentieth Congresses and served from March 4, 1821, until his resignation in 1827 before the convening of the Twentieth Congress; never served in the Twentieth Congress; first captain of the Savannah Volunteer Guards; died in Savannah, Chatham County, Ga., November 21, 1832; interment in Bonaventure Cemetery.","relationship":[],"asset":[],"jobPositions":[{"job":{"name":"Representative","jobType":"CongressMemberJob"},"startDate":"1821-12-03","startCirca":false,"endCirca":false,"congressAffiliation":{"congress":{"name":"The 17th United States Congress","congressNumber":17,"congressType":"USCongress","startDate":"1821-12-03","endDate":"1823-03-03"},"partyAffiliation":[{"party":{"name":"Democratic Republican"},"startCirca":false,"endCirca":false}],"caucusAffiliation":[{"party":{"name":"Democratic Republican"},"startCirca":false,"endCirca":false}],"represents":{"regionType":"StateRegion","regionCode":"GA"}}},{"job":{"name":"Representative","jobType":"CongressMemberJob"},"startDate":"1823-12-01","startCirca":false,"congressAffiliation":{"congress":{"name":"The 18th United States Congress","congressNumber":18,"congressType":"USCongress","startDate":"1823-12-01","endDate":"1825-03-03"},"partyAffiliation":[{"party":{"name":"Crawford Republican"}}],"caucusAffiliation":[{"party":{"name":"Crawford Republican"}}],"represents":{"regionType":"StateRegion","regionCode":"GA"}}},{"job":{"name":"Representative","jobType":"CongressMemberJob"},"startDate":"1825-12-05","startCirca":false,"congressAffiliation":{"congress":{"name":"The 19th United States Congress","congressNumber":19,"congressType":"USCongress","startDate":"1825-03-04","endDate":"1827-03-03"},"partyAffiliation":[{"party":{"name":"Jacksonian"}}],"caucusAffiliation":[{"party":{"name":"Jacksonian"}}],"represents":{"regionType":"StateRegion","regionCode":"GA"}}}],"creativeWork":[],"researchRecord":[{"name":"In File II Names.","recordType":["Papers"],"description":"File is primarily incoming correspondence to the Governor of Georgia. Finding aid in repository.","recordLocation":{"name":"Georgia Department of Archives and History","location":{"addressLocality":"Atlanta","addressRegion":"GA"}}},{"name":"1819, 1 item.","recordType":["Papers"],"description":"A letter from Edward Fenwick Tattnall to James Hunter written on April 13, 1819. In the letter, Tattnall writes that he is resigning as a Director of a branch Bank of the United States.","recordLocation":{"name":"Department of Literary and Historical Manuscripts","location":{"addressLocality":"New York","addressRegion":"NY"},"parentRecordLocation":{"name":"The Morgan Library and Museum","location":{"addressLocality":"New York","addressRegion":"NY"}}}},{"name":"In the George Michael Troup Letter, 1824, 1 item.","recordType":["Papers"],"description":"A letter to Governor Troup from Edward F. Tattnall written on December 5, 1824. In the letter, Tattnall indicates that Lafayette's trip South will be postponed until after the inauguration of the president.","recordLocation":{"name":"Southern Historical Collection","location":{"addressLocality":"Chapel Hill","addressRegion":"NC"},"parentRecordLocation":{"name":"University of North Carolina at Chapel Hill","location":{"addressLocality":"Chapel Hill","addressRegion":"NC"}}}}],"deleted":false}}
