{"data":{"usCongressBioId":"T000103","familyName":"Taylor","givenName":"William","honorificPrefix":"Mr.","unaccentedFamilyName":"Taylor","unaccentedGivenName":"William","birthDate":"1791-10-12","birthCirca":false,"birthDateUnknown":false,"deathDate":"1865-09-16","deathCirca":false,"deathDateUnknown":false,"profileText":"a Representative from New York; born in Suffield, Hartford County, Conn., October 12, 1791; moved with his parents to Onondaga County, N.Y.; attended the public schools; studied medicine and was admitted to practice; elected as a Jacksonian candidate to the Twenty-third and Twenty-fourth Congresses and reelected as a Democrat to the Twenty-fifth Congress (March 4, 1833-March 3, 1839); chairman, Committee on Invalid Pensions (Twenty-fifth Congress); resumed the practice of his chosen profession; member of the state assembly in 1841 and 1842; delegate to the state constitutional convention in 1846; died in Manlius, N.Y., September 16, 1865; interment in Christ Church Cemetery.","relationship":[],"asset":[],"jobPositions":[{"job":{"name":"Representative","jobType":"CongressMemberJob"},"congressAffiliation":{"congress":{"name":"The 23rd United States Congress","congressNumber":23,"congressType":"USCongress","startDate":"1833-12-02","endDate":"1835-03-03"},"partyAffiliation":[{"party":{"name":"Jacksonian"}}],"caucusAffiliation":[{"party":{"name":"Democrat"}}],"represents":{"regionType":"StateRegion","regionCode":"NY"}}},{"job":{"name":"Representative","jobType":"CongressMemberJob"},"startDate":"1835-03-04","startCirca":false,"congressAffiliation":{"congress":{"name":"The 24th United States Congress","congressNumber":24,"congressType":"USCongress","startDate":"1835-12-07","endDate":"1837-03-03"},"partyAffiliation":[{"party":{"name":"Jacksonian"}}],"caucusAffiliation":[{"party":{"name":"Democrat"}}],"represents":{"regionType":"DistrictRegion","regionCode":"NY"},"note":[{"type":"Note","noteType":"FootNote","content":"One of two elected to represent the 23rd District."}]}},{"job":{"name":"Representative","jobType":"CongressMemberJob"},"startDate":"1837-03-04","startCirca":false,"congressAffiliation":{"congress":{"name":"The 25th United States Congress","congressNumber":25,"congressType":"USCongress","startDate":"1837-03-04","endDate":"1839-03-03"},"partyAffiliation":[{"party":{"name":"Democrat"}}],"caucusAffiliation":[{"party":{"name":"Democrat"}}],"represents":{"regionType":"DistrictRegion","regionCode":"NY"},"note":[{"type":"Note","noteType":"FootNote","content":"One of two elected to represent the twenty-third district."}]}}],"creativeWork":[],"researchRecord":[],"deleted":false}}
