{"data":{"usCongressBioId":"U000009","familyName":"Underhill","givenName":"Walter","honorificPrefix":"Mr.","unaccentedFamilyName":"Underhill","unaccentedGivenName":"Walter","birthDate":"1795-09-12","birthCirca":false,"deathDate":"1866-08-17","deathCirca":false,"profileText":"A Representative from New York; born in New York City September 12, 1795; completed preparatory studies; trustee of the house of refuge; treasurer of New York City for several years; served on the board of managers of the Society for the Reformation of Juvenile Delinquents in the city of New York 1845-1866, serving as treasurer 1857-1866; elected as a Whig to the Thirty-first Congress (March 4, 1849-March 3, 1851); was not a candidate for renomination in 1850; president of the Mechanics &amp; Traders' Insurance Co., New York City, from 1853 until his death in Whitestone, Long Island, N.Y., August 17, 1866; interment in Woodlawn Cemetery, New York City.","relationship":[],"asset":[],"jobPositions":[{"job":{"name":"Representative","jobType":"CongressMemberJob"},"startDate":"1849-03-04","startCirca":false,"congressAffiliation":{"congress":{"name":"The 31st United States Congress","congressNumber":31,"congressType":"USCongress","startDate":"1849-03-05","endDate":"1851-03-03"},"partyAffiliation":[{"party":{"name":"Whig"}}],"caucusAffiliation":[{"party":{"name":"Whig"}}],"represents":{"regionType":"DistrictRegion","regionCode":"NY"}}}],"creativeWork":[],"researchRecord":[]}}
