{"data":{"usCongressBioId":"U000016","familyName":"Underwood","givenName":"Warner","middleName":"Lewis","honorificPrefix":"Mr.","unaccentedFamilyName":"Underwood","unaccentedGivenName":"Warner","unaccentedMiddleName":"Lewis","birthDate":"1808-08-07","birthCirca":false,"birthDateUnknown":false,"deathDate":"1872-03-12","deathCirca":false,"deathDateUnknown":false,"profileText":"A Representative from Kentucky; born in Goochland County, Va., on August 7, 1808; completed preparatory studies; moved to Kentucky in 1825; was graduated from the University of Virginia at Charlottesville in 1829; studied law; was admitted to the bar and commenced practice in Bowling Green; Ky., in 1830; moved to Texas in 1834; attorney general for the eastern district of Texas; returned to Bowling Green, Ky., in 1840; member of the State house of representatives in 1848; served in the State senate 1849-1853; elected as an American to the Thirty-fourth and Thirty-fifth Congresses (March 4, 1855-March 3, 1859); was not a candidate for renomination; United States consul to Glasgow, Scotland, from July 17, 1862, until September 30, 1864; returned to the United States and practiced law in San Francisco, Calif.; returned to Kentucky in 1866 and resumed the practice of law; died near Bowling Green, Ky., March 12, 1872; interment in Fairview Cemetery, Bowling Green, Ky.","relationship":[{"relationshipType":"brother","relatedTo":{"usCongressBioId":"U000011","familyName":"Underwood","givenName":"Joseph","middleName":"Rogers","honorificPrefix":"Mr.","unaccentedFamilyName":"Underwood","unaccentedGivenName":"Joseph","unaccentedMiddleName":"Rogers","birthDate":"1791-10-24","birthCirca":false,"deathDate":"1876-08-23","deathCirca":false}}],"asset":[],"jobPositions":[{"job":{"name":"Representative","jobType":"CongressMemberJob"},"startDate":"1855-03-04","startCirca":false,"endCirca":false,"congressAffiliation":{"congress":{"name":"The 34th United States Congress","congressNumber":34,"congressType":"USCongress","startDate":"1855-12-03","endDate":"1857-03-03"},"partyAffiliation":[{"party":{"name":"American"},"startCirca":false,"endCirca":false}],"caucusAffiliation":[{"party":{"name":"American"},"startCirca":false,"endCirca":false}],"represents":{"regionType":"DistrictRegion","regionCode":"KY"}}},{"job":{"name":"Representative","jobType":"CongressMemberJob"},"startDate":"1857-03-04","startCirca":false,"endCirca":false,"congressAffiliation":{"congress":{"name":"The 35th United States Congress","congressNumber":35,"congressType":"USCongress","startDate":"1857-03-04","endDate":"1859-03-03"},"partyAffiliation":[{"party":{"name":"American"},"startCirca":false,"endCirca":false}],"caucusAffiliation":[{"party":{"name":"American"},"startCirca":false,"endCirca":false}],"represents":{"regionType":"DistrictRegion","regionCode":"KY"}}}],"creativeWork":[],"researchRecord":[{"name":"1826-1902, 0.4 cubic foot.","recordType":["Papers"],"description":"These diaries, journals, family Bible records, passports, and correspondence reflect Warner Underwood's career as member of Congress and as U.S. Consul to Scotland during President Abraham Lincoln's administration.","recordLocation":{"name":"Manuscript Section, Kentucky Library","location":{"addressLocality":"Bowling Green","addressRegion":"KY"},"parentRecordLocation":{"name":"Western Kentucky University","location":{"addressLocality":"Bowling Green","addressRegion":"KY"}}}},{"name":"In the Henry L. Underwood Papers, 1835-1963, 0.2 cubic foot.","recordType":["Papers"],"description":"Persons represented include Warner Underwood.","recordLocation":{"name":"Manuscript Section, Kentucky Library","location":{"addressLocality":"Bowling Green","addressRegion":"KY"},"parentRecordLocation":{"name":"Western Kentucky University","location":{"addressLocality":"Bowling Green","addressRegion":"KY"}}}},{"name":"In the Underwood Family Papers, 1791-1912, 1.8 cubic feet.","recordType":["Papers"],"description":"Persons represented include Warner Underwood.","recordLocation":{"name":"Manuscript Section, Kentucky Library","location":{"addressLocality":"Bowling Green","addressRegion":"KY"},"parentRecordLocation":{"name":"Western Kentucky University","location":{"addressLocality":"Bowling Green","addressRegion":"KY"}}}},{"name":"In the Thomas Haines Dudley Collection, 1843-1891, approximately 4650 unbound pieces and 34 volumes.","recordType":["Papers"],"description":"Persons represented include Warner Underwood.","recordLocation":{"name":"Manuscripts Department","location":{"addressLocality":"San Marino","addressRegion":"CA"},"parentRecordLocation":{"name":"The Huntington Library","location":{"addressLocality":"San Marino","addressRegion":"CA"}}}},{"name":"1826-1902, 0.4 cubic foot.","recordType":["Papers"],"description":"These diaries, journals, family Bible records, passports, and correspondence reflect Warner Underwood's career as member of Congress and as U.S. Consul to Scotland during President Abraham Lincoln's administration.","recordLocation":{"name":"Kentucky State Archives","location":{"addressLocality":"Frankfort","addressRegion":"KY"}}},{"name":"In the Underwood Family Papers, 1833-1927, approximately 25 items.","recordType":["Papers"],"description":"Persons represented include Warner Underwood.","recordLocation":{"name":"Friends Historical Library","location":{"addressLocality":"Swarthmore","addressRegion":"PA"},"parentRecordLocation":{"name":"Swarthmore College","location":{"addressLocality":"Swarthmore","addressRegion":"PA"}}}}],"deleted":false}}
