{"data":{"usCongressBioId":"U000030","familyName":"Upton","givenName":"Charles","middleName":"Horace","honorificPrefix":"Mr.","unaccentedFamilyName":"Upton","unaccentedGivenName":"Charles","unaccentedMiddleName":"Horace","birthDate":"1812-08-23","birthCirca":false,"deathDate":"1877-06-17","deathCirca":false,"profileText":"A Representative from Virginia; born in Salem, Mass., August 23, 1812; attended the public schools; was graduated from Bowdoin College, Brunswick, Maine, in 1834; moved to Falls Church, Va., in 1836 and engaged in agricultural and literary pursuits; held several local offices; presented credentials as a Unionist Member-elect to the Thirty-seventh Congress under an election held on May 23, 1861, and served until February 27, 1862, when the House declared he was not entitled to the seat; appointed by President Lincoln in 1863 United States consul to Switzerland and served from July 9, 1863, until his death in Geneva, Switzerland, June 17, 1877; interment in the Congressional Cemetery, Washington, D.C.","relationship":[],"asset":[],"jobPositions":[{"job":{"name":"Representative","jobType":"CongressMemberJob"},"startDate":"1861-05-23","startCirca":false,"endDate":"1862-02-27","endCirca":false,"departureReason":"OtherDepartureReason","congressAffiliation":{"congress":{"name":"The 37th United States Congress","congressNumber":37,"congressType":"USCongress","startDate":"1861-03-04","endDate":"1863-03-03"},"departureReason":"OtherDepartureReason","partyAffiliation":[{"party":{"name":"Unionist"}}],"caucusAffiliation":[{"party":{"name":"Unionist"}}],"represents":{"regionType":"DistrictRegion","regionCode":"VA"},"note":[{"type":"Note","noteType":"FootNote","content":"Presented credentials of an election held May 23, 1861, and took his seat July 4, 1861; declared not entitled to the seat February 27, 1862. S. Ferguson Beach presented memorial denying right of Upton, and claiming seat under an election held October 24, 1861, but on March 31, 1862, was declared not entitled to same."}]}}],"creativeWork":[],"researchRecord":[{"name":"1823, 2 pages.","recordType":["Papers"],"description":"A letter from Daniel Webster to Charles Horace Upton written on February 6, 1823. In the letter, Webster discusses possible legal proceedings in regard to bonds held by Upton.","recordLocation":{"name":"Rauner Special Collections Library","location":{"addressLocality":"Hanover","addressRegion":"NH"},"parentRecordLocation":{"name":"Dartmouth College","location":{"addressLocality":"Hanover","addressRegion":"NH"}}}}]}}
