{"data":{"usCongressBioId":"V000041","familyName":"Van Horn","givenName":"George","honorificPrefix":"Mr.","unaccentedFamilyName":"Van Horn","unaccentedGivenName":"George","birthDate":"1850-02-05","birthCirca":false,"deathDate":"1904-05-03","deathCirca":false,"profileText":"A Representative from New York; born in Otsego, Otsego County, N.Y., February 5, 1850; attended the common schools, the Cooperstown Seminary, and the New Berlin Academy; studied law; was admitted to the bar in February 1871 and practiced in Cooperstown, N.Y.; elected clerk of Otsego County in 1881 and reelected in 1884; elected supervisor of Otsego, and twice reelected; member of the Democratic county committee; elected as a Democrat to the Fifty-second Congress (March 4, 1891-March 3, 1893); unsuccessful candidate for reelection in 1892 to the Fifty-third Congress; engaged in banking, and was vice president of the Second National Bank of Cooperstown, N.Y., until his death there on May 3, 1904; interment in Lakewood Cemetery.","relationship":[],"asset":[],"jobPositions":[{"job":{"name":"Representative","jobType":"CongressMemberJob"},"startDate":"1891-03-04","startCirca":false,"congressAffiliation":{"congress":{"name":"The 52nd United States Congress","congressNumber":52,"congressType":"USCongress","startDate":"1891-12-07","endDate":"1893-03-04"},"partyAffiliation":[{"party":{"name":"Democrat"}}],"caucusAffiliation":[{"party":{"name":"Democrat"}}],"represents":{"regionType":"DistrictRegion","regionCode":"NY"}}}],"creativeWork":[],"researchRecord":[]}}
