{"data":{"usCongressBioId":"V000054","familyName":"Van Rensselaer","givenName":"Killian","middleName":"Killian","honorificPrefix":"Mr.","unaccentedFamilyName":"Van Rensselaer","unaccentedGivenName":"Killian","unaccentedMiddleName":"Killian","birthDate":"1763-06-09","birthCirca":false,"deathDate":"1845-06-18","deathCirca":false,"profileText":"A Representative from New York; born in Greenbush, Rensselaer County, N.Y., June 9, 1763; completed preparatory studies and attended Yale College; studied law; was admitted to the bar in 1784 and commenced practice in Claverack, N.Y.; private secretary to Gen. Philip Schuyler; elected as a Federalist to the Seventh and to the four succeeding Congresses (March 4, 1801-March 3, 1811); resumed the practice of law; died in Albany, N.Y., on June 18, 1845; interment in a private cemetery at Greenbush, N.Y.","relationship":[{"relationshipType":"cousin","relatedTo":{"usCongressBioId":"V000053","familyName":"Van Rensselaer","givenName":"Jeremiah","honorificPrefix":"Mr.","unaccentedFamilyName":"Van Rensselaer","unaccentedGivenName":"Jeremiah","birthDate":"1738-08-27","birthCirca":false,"deathDate":"1810-02-19","deathCirca":false}},{"relationshipType":"uncle","relatedTo":{"usCongressBioId":"V000055","familyName":"Van Rensselaer","givenName":"Solomon","middleName":"Van Vechten","honorificPrefix":"Mr.","unaccentedFamilyName":"Van Rensselaer","unaccentedGivenName":"Solomon","unaccentedMiddleName":"Van Vechten","birthDate":"1774-08-06","birthCirca":false,"deathDate":"1852-04-23","deathCirca":false}}],"asset":[],"jobPositions":[{"job":{"name":"Representative","jobType":"CongressMemberJob"},"startDate":"1801-12-02","startCirca":false,"congressAffiliation":{"congress":{"name":"The 7th United States Congress","congressNumber":7,"congressType":"USCongress","startDate":"1801-03-04","endDate":"1803-03-03"},"partyAffiliation":[{"party":{"name":"Federalist"}}],"caucusAffiliation":[{"party":{"name":"Federalist"}}],"represents":{"regionType":"DistrictRegion","regionCode":"NY"}}},{"job":{"name":"Representative","jobType":"CongressMemberJob"},"startDate":"1803-10-17","startCirca":false,"congressAffiliation":{"congress":{"name":"The 8th United States Congress","congressNumber":8,"congressType":"USCongress","startDate":"1803-10-17","endDate":"1805-03-03"},"partyAffiliation":[{"party":{"name":"Federalist"}}],"caucusAffiliation":[{"party":{"name":"Federalist"}}],"represents":{"regionType":"DistrictRegion","regionCode":"NY"}}},{"job":{"name":"Representative","jobType":"CongressMemberJob"},"startDate":"1805-12-02","startCirca":false,"congressAffiliation":{"congress":{"name":"The 9th United States Congress","congressNumber":9,"congressType":"USCongress","startDate":"1805-12-02","endDate":"1807-03-03"},"partyAffiliation":[{"party":{"name":"Federalist"}}],"caucusAffiliation":[{"party":{"name":"Federalist"}}],"represents":{"regionType":"DistrictRegion","regionCode":"NY"}}},{"job":{"name":"Representative","jobType":"CongressMemberJob"},"startDate":"1807-10-26","startCirca":false,"congressAffiliation":{"congress":{"name":"The 10th United States Congress","congressNumber":10,"congressType":"USCongress","startDate":"1807-10-26","endDate":"1809-03-03"},"partyAffiliation":[{"party":{"name":"Federalist"}}],"caucusAffiliation":[{"party":{"name":"Federalist"}}],"represents":{"regionType":"DistrictRegion","regionCode":"NY"}}},{"job":{"name":"Representative","jobType":"CongressMemberJob"},"startDate":"1809-05-22","startCirca":false,"congressAffiliation":{"congress":{"name":"The 11th United States Congress","congressNumber":11,"congressType":"USCongress","startDate":"1809-03-04","endDate":"1811-03-03"},"partyAffiliation":[{"party":{"name":"Federalist"}}],"caucusAffiliation":[{"party":{"name":"Federalist"}}],"represents":{"regionType":"DistrictRegion","regionCode":"NY"}}}],"creativeWork":[{"freeFormCitationText":"Sill, Dunkin H. <i>Kiliaen van Rensselaer, First Patroon of the Colony of Rennsselaerswyck</i>. New York: N.p., 1926."}],"researchRecord":[{"name":"54 letters in Van Rensselaer family papers, 1713-1858. 1 volume and 2 boxes.","recordType":["Papers"],"recordLocation":{"name":"New-York Historical Society","location":{"addressLocality":"New York","addressRegion":"NY"}}},{"name":"In the Richard Varick Papers, 1780-1927, 7 items.","recordType":["Papers"],"description":"Persons represented include K. K. Van Rensselaer.","recordLocation":{"name":"Manuscript Division","location":{"addressLocality":"Washington","addressRegion":"DC"},"parentRecordLocation":{"name":"Library of Congress","location":{"addressLocality":"Washington","addressRegion":"DC"}}}},{"name":"1 letter.","recordType":["Papers"],"recordLocation":{"name":"Boston Public Library","location":{"addressLocality":"Boston","addressRegion":"MA"}}},{"name":"1799, 1 page.","recordType":["Papers"],"description":"A letter from Killian Van Rensselaer to an unidentified recipient written on June 3, 1799. In the letter, Van Rensselaer requests a quarter cask of sherry wine, mentions a suit against an individual named Wood and states \"we are all sick with the fever.\"","recordLocation":{"name":"Manuscripts and Special Collections","location":{"addressLocality":"Albany","addressRegion":"NY"},"parentRecordLocation":{"name":"New York State Library","location":{"addressLocality":"Albany","addressRegion":"NY"}}}},{"name":"1801, 1 page.","recordType":["Papers"],"description":"A letter from Samuel Stringer to Killian Van Rensselaer written on April 7, 1801. In the letter, Stringer requests that a member of Congress refute a piece published by Congressman Theodorus Bailey in the <i>Albany Register</i>. Stringer maintains that the piece is \"calculated to misguide the people against the ensuing election.\"","recordLocation":{"name":"Manuscripts and Special Collections","location":{"addressLocality":"Albany","addressRegion":"NY"},"parentRecordLocation":{"name":"New York State Library","location":{"addressLocality":"Albany","addressRegion":"NY"}}}},{"name":"1802, 2 pages.","recordType":["Papers"],"description":"A letter from Samuel Stringer to Kelyan [Killian] K. Van Rensselaer written on March 17, 1802. In the letter Stringer expresses his political views, talks of New York State politics, and mentions county elections. Reference is made to a Turnpike Bill stalled in the legislature. Mentions Governor Clinton, the Federal Party, and elections in Montgomery, Dutchess, and Washington Counties.","recordLocation":{"name":"Manuscripts and Special Collections","location":{"addressLocality":"Albany","addressRegion":"NY"},"parentRecordLocation":{"name":"New York State Library","location":{"addressLocality":"Albany","addressRegion":"NY"}}}}]}}
