{"data":{"usCongressBioId":"V000058","familyName":"Van Schaick","givenName":"Isaac","middleName":"Whitbeck","honorificPrefix":"Mr.","unaccentedFamilyName":"Van Schaick","unaccentedGivenName":"Isaac","unaccentedMiddleName":"Whitbeck","birthDate":"1817-12-07","birthCirca":false,"birthDateUnknown":false,"deathDate":"1901-08-22","deathCirca":false,"deathDateUnknown":false,"image":[{"contentUrl":"/bioguide-staging/assets/66d73721f82b0eef2ffd68b6.jpg","caption":"Image courtesy of the Library of Congress","name":"V000058_001"}],"profileText":"A Representative from Wisconsin; born in Coxsackie, Greene County, N.Y., December 7, 1817; attended the common schools; engaged extensively in the manufacture of glue; moved to Chicago in 1857, and to Wisconsin in 1861 and engaged in the flour-milling business in Milwaukee; elected to the Milwaukee Common Council in 1871; member of the State assembly 1873-1875; served in the State senate 1877-1882; elected as a Republican to the Forty-ninth Congress (March 4, 1885-March 3, 1887); declined to be a candidate for renomination in 1886; elected to the Fifty-first Congress (March 4, 1889-March 3, 1891); was not a candidate for renomination in 1890; unsuccessful candidate for State senator in 1890; moved to Catonsville, Baltimore County, Md., in 1894, where he lived in retirement until his death there August 22, 1901; interment in Athens Cemetery, Athens, N.Y.","relationship":[{"relationshipType":"uncle","relatedTo":{"usCongressBioId":"C000568","familyName":"Cochrane","givenName":"Aaron","middleName":"Van Schaick","honorificPrefix":"Mr.","unaccentedFamilyName":"Cochrane","unaccentedGivenName":"Aaron","unaccentedMiddleName":"Van Schaick","birthDate":"1858-03-14","birthCirca":false,"birthDateUnknown":false,"deathDate":"1943-09-07","deathCirca":false,"deathDateUnknown":false,"deleted":false}}],"asset":[{"name":"V000058_001","assetType":"Image","contentUrl":"/bioguide-published/assets/66d73721f82b0eef2ffd68b6.jpg","creditLine":"Image courtesy of the Library of Congress","associatedEntity":[],"note":[{"noteType":"ImageNote","content":"https://www.loc.gov/item/2016688424/"}],"usageRight":["Import to Congress.gov"]}],"jobPositions":[{"job":{"name":"Representative","jobType":"CongressMemberJob"},"congressAffiliation":{"congress":{"name":"The 49th United States Congress","congressNumber":49,"congressType":"USCongress","startDate":"1885-03-04","endDate":"1887-03-03"},"partyAffiliation":[{"party":{"name":"Republican"}}],"caucusAffiliation":[{"party":{"name":"Republican"}}],"represents":{"regionType":"StateRegion","regionCode":"WI"}}},{"job":{"name":"Representative","jobType":"CongressMemberJob"},"startDate":"1889-03-04","startCirca":false,"congressAffiliation":{"congress":{"name":"The 51st United States Congress","congressNumber":51,"congressType":"USCongress","startDate":"1889-03-04","endDate":"1891-03-03"},"partyAffiliation":[{"party":{"name":"Republican"}}],"caucusAffiliation":[{"party":{"name":"Republican"}}],"represents":{"regionType":"DistrictRegion","regionCode":"WI"}}}],"creativeWork":[],"researchRecord":[],"deleted":false}}
