{"data":{"usCongressBioId":"V000056","familyName":"Van Rensselaer","givenName":"Stephen","honorificPrefix":"Mr.","honorificSuffix":"III","unaccentedFamilyName":"Van Rensselaer","unaccentedGivenName":"Stephen","birthDate":"1764-11-01","birthCirca":false,"birthDateUnknown":false,"deathDate":"1839-01-26","deathCirca":false,"deathDateUnknown":false,"profileText":"a Representative from New York; born in New York City November 1, 1764; completed preparatory studies and attended Princeton College; graduated from Harvard University in 1782; major of militia in 1786, colonel in 1788, and major general in 1801; member of the New York state assembly 1789-1791, 1798, and 1818; member of the New York state senate 1791-1796; elected lieutenant governor of New York in 1795; unsuccessful candidate for New York governor in 1801 and 1813; served as major general of Volunteers in the War of 1812; member of the canal commission 1816-1839, and served fourteen years as its president; member of the New York state constitutional convention in 1821; founded the Rensselaer Polytechnic Institute at Troy in 1824; was a supporter of John Quincy Adams; elected as a Federalist to the Seventeenth Congress by special election to fill the vacancy caused by the resignation of United States Representative Solomon Van Vechten Van Rensselaer; elected as a Adams-Clay Federalist to the Eighteenth Congress; elected as an Adams candidate to the Nineteenth and to the succeeding Congress (February 27, 1822-March 3, 1829); chairman, Committee on Agriculture (Eighteenth through Twentieth Congresses); was not a candidate for reelection; devoted his time to landed interests and to educational and public welfare matters; regent of the University of New York 1819-1839; died on January 26, 1839, in Albany, N.Y.; interment in the family burying ground; reinterment in Albany Rural Cemetery.","relationship":[{"relationshipType":"father","relatedTo":{"usCongressBioId":"V000052","familyName":"Van Rensselaer","givenName":"Henry","middleName":"Bell","honorificPrefix":"Mr.","unaccentedFamilyName":"Van Rensselaer","unaccentedGivenName":"Henry","unaccentedMiddleName":"Bell","birthDate":"1810-05-14","birthCirca":false,"deathDate":"1864-03-23","deathCirca":false}}],"asset":[],"jobPositions":[{"job":{"name":"Representative","jobType":"CongressMemberJob"},"startDate":"1822-03-12","startCirca":false,"endCirca":false,"congressAffiliation":{"congress":{"name":"The 17th United States Congress","congressNumber":17,"congressType":"USCongress","startDate":"1821-12-03","endDate":"1823-03-03"},"partyAffiliation":[{"party":{"name":"Federalist"},"startCirca":false,"endCirca":false}],"caucusAffiliation":[{"party":{"name":"Federalist"},"startCirca":false,"endCirca":false}],"represents":{"regionType":"DistrictRegion","regionCode":"NY"},"note":[{"type":"Note","content":"Elected to fill vacancy caused by resignation of Soloman Van Rensselaer, and took his seat March 12, 1822.","noteType":"FootNote"}]}},{"job":{"name":"Representative","jobType":"CongressMemberJob"},"startDate":"1823-12-01","startCirca":false,"endCirca":false,"congressAffiliation":{"congress":{"name":"The 18th United States Congress","congressNumber":18,"congressType":"USCongress","startDate":"1823-12-01","endDate":"1825-03-03"},"partyAffiliation":[{"party":{"name":"Adams-Clay Federalist"},"startCirca":false,"endCirca":false}],"caucusAffiliation":[{"party":{"name":"Adams-Clay Federalist"},"startCirca":false,"endCirca":false}],"represents":{"regionType":"DistrictRegion","regionCode":"NY"}}},{"job":{"name":"Representative","jobType":"CongressMemberJob"},"startDate":"1825-12-05","startCirca":false,"endCirca":false,"congressAffiliation":{"congress":{"name":"The 19th United States Congress","congressNumber":19,"congressType":"USCongress","startDate":"1825-03-04","endDate":"1827-03-03"},"partyAffiliation":[{"party":{"name":"Adams"},"startCirca":false,"endCirca":false}],"caucusAffiliation":[{"party":{"name":"Adams"},"startCirca":false,"endCirca":false}],"represents":{"regionType":"DistrictRegion","regionCode":"NY"}}},{"job":{"name":"Representative","jobType":"CongressMemberJob"},"startDate":"1827-12-03","startCirca":false,"endCirca":false,"congressAffiliation":{"congress":{"name":"The 20th United States Congress","congressNumber":20,"congressType":"USCongress","startDate":"1827-12-03","endDate":"1829-03-03"},"partyAffiliation":[{"party":{"name":"Adams"},"startCirca":false,"endCirca":false}],"caucusAffiliation":[{"party":{"name":"Adams"},"startCirca":false,"endCirca":false}],"represents":{"regionType":"DistrictRegion","regionCode":"NY"}}}],"creativeWork":[{"freeFormCitationText":"Barlow, William. <i>Character and reward of a just man: A funeral discourse, commemorative of the life, and virtues, of the late Hon. Stephen Van Rensselaer, delivered at Ogdensburgh, February 17, 1839</i>. Albany: Packard, Van Benthuysen and Co., 1839."},{"freeFormCitationText":"Barnard, Daniel D. <i>A discourse on the life, services and character of Stephen Van Rensselaer; delivered before the Albany Institute, April 15, 1839. With an historical sketch of the colony and manor of Rensselaerwyck, in an appendix</i>. Albany: Printed by Hoffman &amp; White, 1839."},{"freeFormCitationText":"McClave, Elizabeth W.<i> Stephen Van Rensselaer, III: A Pictorial Reflection and Biographical Commentary</i>. Edited by Rowland McClave and William B. Zimmerman. [Stephentown, N.Y.]: Stephentown Historical Society; [New York, N.Y.]: Holland Society of New York, [1984]."},{"freeFormCitationText":"Sprague, William Buell. <i>Religion and rank: A sermon addressed to the Second Presbyterian Congregation in Albany, Feb. 3, 1839, the Sabbath immediately succeeding the funeral of the Hon. Stephen Van Rensselaer</i>. Albany: Printed by Packard, Van Benthuysen, 1839."},{"freeFormCitationText":"Vermilye, Thomas Edward. A funeral discourse. Albany: Printed by J. Munsell, 1839."}],"researchRecord":[{"name":"1782-1839. 140 items.","recordType":["Papers"],"recordLocation":{"name":"New-York Historical Society","location":{"addressLocality":"New York","addressRegion":"NY"}}},{"name":"In the Egbert Benson Papers, 1772-1939, 3 linear feet.","recordType":["Papers"],"description":"Correspondents include Stephen Van Rensselaer.","recordLocation":{"name":"New-York Historical Society","location":{"addressLocality":"New York","addressRegion":"NY"}}},{"name":"In the New York State Legislature Portrait Prints Collection, 1798, 1.58 linear feet.","recordType":["Papers"],"description":"Persons represented include Stephen Van Rensselaer.","recordLocation":{"name":"New-York Historical Society","location":{"addressLocality":"New York","addressRegion":"NY"}}},{"name":"In the Saint-M&eacute;min Print Collection 1794-1808, 4 linear feet.","recordType":["Papers"],"description":"Portraits include Stephen Van Rensselaer.","recordLocation":{"name":"New-York Historical Society","location":{"addressLocality":"New York","addressRegion":"NY"}}},{"name":"In the Church Family Correspondence, 1716-1865, 1 reel.","recordType":["Microfilm"],"description":"Correspondents include Stephen Van Rensselaer.","recordLocation":{"name":"Manuscript Division","location":{"addressLocality":"Washington","addressRegion":"DC"},"parentRecordLocation":{"name":"Library of Congress","location":{"addressLocality":"Washington","addressRegion":"DC"}}}},{"name":"In the Robert Robertson Hunter Papers, 1822-1827, 1 item.","recordType":["Papers"],"description":"Correspondents include Stephen Van Rensselaer.","recordLocation":{"name":"Manuscript Division","location":{"addressLocality":"Washington","addressRegion":"DC"},"parentRecordLocation":{"name":"Library of Congress","location":{"addressLocality":"Washington","addressRegion":"DC"}}}},{"name":"In the Philip John Schuyler Papers, 1775-1804, 18 items.","recordType":["Papers"],"description":"Includes letters (1787-1804) addressed primarily to Stephen Van Rensselaer pertaining to Schuyler’s career as New York state legislator.","recordLocation":{"name":"Manuscript Division","location":{"addressLocality":"Washington","addressRegion":"DC"},"parentRecordLocation":{"name":"Library of Congress","location":{"addressLocality":"Washington","addressRegion":"DC"}}}},{"name":"In the Horatio Gates Spofford Correspondence, 1818-1822, 2 items.","recordType":["Papers"],"description":"Includes a letter from Horatio Gates Spofford to Stephen Van Rensselaer written on May 20, . In the letter, Spofford requests information for his gazetteer of New York state.","recordLocation":{"name":"Manuscript Division","location":{"addressLocality":"Washington","addressRegion":"DC"},"parentRecordLocation":{"name":"Library of Congress","location":{"addressLocality":"Washington","addressRegion":"DC"}}}},{"name":"In the Burr Family Papers, 1750-1853, l linear foot.","recordType":["Papers"],"description":"Persons represented include Stephen Van Rensselaer.","recordLocation":{"name":"Beinecke Rare Book and Manuscript Library","location":{"addressLocality":"New Haven","addressRegion":"CT"},"parentRecordLocation":{"name":"Yale University Library","location":{"addressLocality":"New Haven","addressRegion":"CT"}}}},{"name":"In The Morris Tyler Family Collection of John James Audubon, ca. 1697-1982, 12.3 linear feet.","recordType":["Papers"],"description":"Persons represented include Stephen Van Rensselaer.","recordLocation":{"name":"Beinecke Rare Book and Manuscript Library","location":{"addressLocality":"New Haven","addressRegion":"CT"},"parentRecordLocation":{"name":"Yale University Library","location":{"addressLocality":"New Haven","addressRegion":"CT"}}}},{"name":"In the Morse Family Papers, 1779-1868, 8 linear feet.","recordType":["Papers"],"description":"Persons represented include Stephen Van Rensselaer.","recordLocation":{"name":"Beinecke Rare Book and Manuscript Library","location":{"addressLocality":"New Haven","addressRegion":"CT"},"parentRecordLocation":{"name":"Yale University Library","location":{"addressLocality":"New Haven","addressRegion":"CT"}}}},{"name":"12 letters.","recordType":["Papers"],"recordLocation":{"name":"Boston Public Library","location":{"addressLocality":"Boston","addressRegion":"MA"}}},{"name":"ca. 1785-1830, approximately 58 pages.","recordType":["Papers"],"description":"This description covers various letters between Stephen Van Rensselaer and very correspondents at the New York Public Library. The following individuals are among the correspondents: Gerard Bancker, Jonathan Beekman, John Parker Boyd, John Barker Church, Joseph Green Cogswell, William Cooper, General H.A. Dearborn, Douw Fonda, Peter Gansevoort, Dirck Gardeneer, Peter Hunt, J.H. Lawrence, Henry Walter Livingston, John Lovett, Henry McNeil, Alexander Macomb, Jacob Morris, Thomas Morris, William North, David Parish, William Paulding, Jonas Platt, Henry Van Schaack, Eliza Schuyler, John Bradstreet Schuyler, Philip Jeremiah Schuyler, Philip John Schuyler, Benjamin Taylor, Abraham Ten Broeck, Daniel Tompkins, Alexander Turner, David Van Horne, David Van Schaack, Stephen Van Rensselaer, Jr., Abraham Van Vechten, Thomas Witbeck, and Oliver Wolcott.","recordLocation":{"name":"Manuscripts and Special Collections","location":{"addressLocality":"Albany","addressRegion":"NY"},"parentRecordLocation":{"name":"New York State Library","location":{"addressLocality":"Albany","addressRegion":"NY"}}}},{"name":"1791-1827, 7 documents.","recordType":["Papers"],"description":"This collection of indentures and surveys pertain to a parcel of land in the Van Bael patent of the Rensselaer Patroonship. In 1792, Stephen Van Rensselaer signed an indenture assigning more than 28 acres to Michael Bruce and his heirs. This indenture describes the tract's boundaries and the yearly rent-in-kind to be paid. On the back of the indentures is a series of attestations transferring the landholding to Bruce's son James; from James Bruce to Job Earls; from Job Earls to James Bell in 1807. The other indentures involve transfers within this tract, beginning with that of James Bell to Abraham Veeder in 1814, and various quitclaims to James Bell involving parcels of the same plot. The surveys of the tract were made on or before 1815. The back of the indentures have attestations about the independent agreement and concurrences of wives to these transactions.","recordLocation":{"name":"Manuscripts and Special Collections","location":{"addressLocality":"Albany","addressRegion":"NY"},"parentRecordLocation":{"name":"New York State Library","location":{"addressLocality":"Albany","addressRegion":"NY"}}}},{"name":"In the New York (State) Adjutant General General Orders, 1809, 3 pages.","recordType":["Papers"],"description":"An organizational chart of the 5th Infantry Division from April 17, 1809, and the cavalry pursuant to the act passed 1809 March 29. Given from headquarters in Albany by Adjutant General William Paulding Jr, includes an address to Gen. Stephen Van Rensselaer.","recordLocation":{"name":"Manuscripts and Special Collections","location":{"addressLocality":"Albany","addressRegion":"NY"},"parentRecordLocation":{"name":"New York State Library","location":{"addressLocality":"Albany","addressRegion":"NY"}}}},{"name":"In the Schuyler Family Collection, 1711-1823, 0.5 cubic foot.","recordType":["Papers"],"description":"Correspondents include Stephen Van Rensselaer.","recordLocation":{"name":"Manuscripts and Special Collections","location":{"addressLocality":"Albany","addressRegion":"NY"},"parentRecordLocation":{"name":"New York State Library","location":{"addressLocality":"Albany","addressRegion":"NY"}}}},{"name":"In the Shaw Family Papers, 1791-1816, 0.25 cubic foot.","recordType":["Papers"],"description":"Other authors include Stephen Van Rensselaer.","recordLocation":{"name":"Manuscripts and Special Collections","location":{"addressLocality":"Albany","addressRegion":"NY"},"parentRecordLocation":{"name":"New York State Library","location":{"addressLocality":"Albany","addressRegion":"NY"}}}},{"name":"In the Van Rensselaer-Rankin Papers, 1812-1816, 8 folders.","recordType":["Papers"],"description":"This series consists of military correspondence of General Stephen Van Rensselaer. Van Rensselaer served as a Major General in the New York State Militia and commanded the northern frontier of the state. The records consist of two leather books which contain transcriptions of letters sent by Van Rensselaer. All of the correspondence deals with military topics. The series also contains one folder of military broadsides. These papers are on deposit from Historic Cherry Hill and their use requires written permission from Historic Cherry Hill.","recordLocation":{"name":"Manuscripts and Special Collections","location":{"addressLocality":"Albany","addressRegion":"NY"},"parentRecordLocation":{"name":"New York State Library","location":{"addressLocality":"Albany","addressRegion":"NY"}}}},{"name":"In the Account Books, Eighteenth Century, 1734-1801, 13 volumes.","recordType":["Papers"],"description":"Persons represented include Stephen Van Rensselaer.","recordLocation":{"name":"McKinney Library","location":{"addressLocality":"Albany","addressRegion":"NY"},"parentRecordLocation":{"name":"Albany Institute of History and Art","location":{"addressLocality":"Albany","addressRegion":"NY"}}}},{"name":"In the Sage Estate Collection, 1697-1830, 67 items.","recordType":["Papers"],"description":"Correspondents include Stephen Van Rensselaer.","recordLocation":{"name":"McKinney Library","location":{"addressLocality":"Albany","addressRegion":"NY"},"parentRecordLocation":{"name":"Albany Institute of History and Art","location":{"addressLocality":"Albany","addressRegion":"NY"}}}},{"name":"In the Howard Townsend Papers Collection of Van Rensselaer, Schuyler, Ten Eyck and Ten Broeck Families, 1686-1876, 0.7 cubic foot.","recordType":["Papers"],"description":"Persons represented include Stephen Van Rensselaer.","recordLocation":{"name":"McKinney Library","location":{"addressLocality":"Albany","addressRegion":"NY"},"parentRecordLocation":{"name":"Albany Institute of History and Art","location":{"addressLocality":"Albany","addressRegion":"NY"}}}},{"name":"In the A. Conger Goodyear Collection of War of 1812 manuscripts, 1779-1862, 1.5 linear feet.","recordType":["Papers"],"description":"Other authors include Stephen Van Rensselaer.","recordLocation":{"name":"Buffalo and Erie County Historical Society","location":{"addressLocality":"Buffalo","addressRegion":"NY"}}},{"name":"In the Kling Family - Bell Indentures Collection, 1850-1900, 1 large flat box of 20 documents.","recordType":["Papers"],"description":"Persons represented include Stephen Van Rensselaer.","recordLocation":{"name":"New York State Archives","location":{"addressLocality":"Albany","addressRegion":"NY"}}},{"name":"In the Ticonderoga Historical Society Miscellaneous Manuscripts, 1704-1980, approximately 3 cubic feet.","recordType":["Papers"],"description":"Persons represented include Stephen Van Rensselaer.","recordLocation":{"name":"New York State Archives","location":{"addressLocality":"Albany","addressRegion":"NY"}}},{"name":"In the Van Rensselaer Indentures Collection, 1791-1827, 1 large flat box of 7 documents.","recordType":["Papers"],"description":"This collection of indentures and surveys pertain to a parcel of land in the Van Bael patent of the Rensselaer Patroonship. In 1792, Stephen Van Rensselaer signed an indenture assigning more than 28 acres to Michael Bruce and his heirs. This indenture describes the tract's boundaries and the yearly rent-in-kind to be paid. On the back of the indentures is a series of attestations transferring the landholding to Bruce's son James; from James Bruce to Job Earls; from Job Earls to James Bell in 1807. The other indentures involve transfers within this tract, beginning with that of James Bell to Abraham Veeder in 1814, and various quitclaims to James Bell involving parcels of the same plot. The surveys of the tract were made on or before 1815. The back of the indentures have attestations about the independent agreement and concurrences of wives to these transactions.","recordLocation":{"name":"New York State Archives","location":{"addressLocality":"Albany","addressRegion":"NY"}}},{"name":"In the Erie Canal Enlargement Records, 1833-1904, 3 folders.","recordType":["Papers"],"description":"Correspondents include Stephen Van Rensselaer.","recordLocation":{"name":"Research Center","location":{"addressLocality":"Syracuse","addressRegion":"NY"},"parentRecordLocation":{"name":"Onondaga Historical Association","location":{"addressLocality":"Syracuse","addressRegion":"NY"}}}},{"name":"In the New York (State) Comptroller's Office Miscellaneous Records, ca. 1796-1957, 2 cubic feet.","recordType":["Papers"],"description":"Persons represented include Stephen Van Rensselaer.","recordLocation":{"name":"Research Center","location":{"addressLocality":"Syracuse","addressRegion":"NY"},"parentRecordLocation":{"name":"Onondaga Historical Association","location":{"addressLocality":"Syracuse","addressRegion":"NY"}}}},{"name":"List of candidates (April 6, 1798) and broadside (April 16, 1798).","recordType":["Papers"],"description":"Finding aid in repository.","recordLocation":{"name":"Brooklyn Historical Society","location":{"addressLocality":"Brooklyn","addressRegion":"NY"}}},{"name":"In the Pierrepont Family Papers Relating to Gilbert Stuart's \"Portrait of George Washington,\" 1812-1913, 0.25 linear foot.","recordType":["Papers"],"description":"Persons represented include Stephen Van Rensselaer.","recordLocation":{"name":"Archives","location":{"addressLocality":"Brooklyn","addressRegion":"NY"},"parentRecordLocation":{"name":"Brooklyn Museum","location":{"addressLocality":"Brooklyn","addressRegion":"NY"}}}},{"name":"In the Simon Newton Dexter Papers, 1785-1862, 12.8 cubic feet, 9 volumes, and 4 microfilm rolls.","recordType":["Papers"],"description":"Persons represented include Stephen Van Rensselaer.","recordLocation":{"name":"Carl A. Kroch Library","location":{"addressLocality":"Ithaca","addressRegion":"NY"},"parentRecordLocation":{"name":"Cornell University","location":{"addressLocality":"Ithaca","addressRegion":"NY"}}}},{"name":"In Washington Irving's <i>Life of George Washington</i>, Volume X, miscellany, 1764-1805, 81 items.","recordType":["Papers"],"description":"Persons represented include Stephen Van Rensselaer.","recordLocation":{"name":"Carl A. Kroch Library","location":{"addressLocality":"Ithaca","addressRegion":"NY"},"parentRecordLocation":{"name":"Cornell University","location":{"addressLocality":"Ithaca","addressRegion":"NY"}}}},{"name":"In the Jedediah Morse Correspondence, 1794-1824, 6 folders.","recordType":["Papers"],"description":"Persons represented include General Stephen Van Rensselaer.","recordLocation":{"name":"Carl A. Kroch Library","location":{"addressLocality":"Ithaca","addressRegion":"NY"},"parentRecordLocation":{"name":"Cornell University","location":{"addressLocality":"Ithaca","addressRegion":"NY"}}}},{"name":"In The Winterthur Manuscripts, 1588-1955, 156 linear feet.","recordType":["Papers"],"description":"Persons represented include Stephen Van Rensselaer.","recordLocation":{"name":"Hagley Museum and Library","location":{"addressLocality":"Greenville","addressRegion":"DE"}}},{"name":"In the Forbes Family Business Records, 1803-1942,","recordType":["Papers"],"description":"Persons represented include Stephen Van Rensselaer.","recordLocation":{"name":"Houghton Library","location":{"addressLocality":"Cambridge","addressRegion":"MA"},"parentRecordLocation":{"name":"Harvard University","location":{"addressLocality":"Cambridge","addressRegion":"MA"}}}},{"name":"In the Harvard University Portrait Files, ca. 1782, 1 item.","recordType":["Photographs"],"description":"Persons represented include Stephen Van Rensselaer.","recordLocation":{"name":"Houghton Library","location":{"addressLocality":"Cambridge","addressRegion":"MA"},"parentRecordLocation":{"name":"Harvard University","location":{"addressLocality":"Cambridge","addressRegion":"MA"}}}},{"name":"In the Andrews Norton Papers, 1786-1853, 6 linear feet.","recordType":["Papers"],"description":"Persons represented include Stephen Van Rensselaer.","recordLocation":{"name":"Houghton Library","location":{"addressLocality":"Cambridge","addressRegion":"MA"},"parentRecordLocation":{"name":"Harvard University","location":{"addressLocality":"Cambridge","addressRegion":"MA"}}}},{"name":"In the Stephen Van Rensselaer Military Papers, 1812-1816, 8 folders.","recordType":["Papers"],"description":"The collection is deposited at the New York State Library in Albany, NY.","recordLocation":{"name":"Historic Cherry Hill","location":{"addressLocality":"Albany","addressRegion":"NY"}}},{"name":"In the Miscellaneous Manuscripts T - V, ca. 1790-1979, 1.2 cubic foot.","recordType":["Papers"],"description":"The papers contain a political letter of Stephen Van Rensselaer to William Cooper, 1793.","recordLocation":{"name":"Library","location":{"addressLocality":"Cooperstown","addressRegion":"NY"},"parentRecordLocation":{"name":"New York State Historical Association","location":{"addressLocality":"Cooperstown","addressRegion":"NY"}}}},{"name":"1779, 1 volume.","recordType":["Papers"],"description":"An autograph manuscript of a valedictory oration given by Stephen Van Rensselaer at Nassau Hall, Princeton, for the grammar school commencement exercises, Sept. 28, 1779.","recordLocation":{"name":"Manuscripts Division","location":{"addressLocality":"Preinceton","addressRegion":"NJ"},"parentRecordLocation":{"name":"Princeton University Library","location":{"addressLocality":"Princeton","addressRegion":"NJ"}}}},{"name":"In the Throop and Martin Family Papers, 1693-1951, 4.2 linear feet.","recordType":["Papers"],"description":"Persons represented include Stephen Van Rensselaer.","recordLocation":{"name":"Manuscripts Division","location":{"addressLocality":"Preinceton","addressRegion":"NJ"},"parentRecordLocation":{"name":"Princeton University Library","location":{"addressLocality":"Princeton","addressRegion":"NJ"}}}},{"name":"In the Isadore M. Fixman Collection of Stephen Van Rensselaer Papers, ca. 1790-1964, 20 linear feet.","recordType":["Papers"],"description":"Correspondence, legal papers, and print materials of and about Stephen Van Rensselaer; correspondence of Isadore M. Fixman relating to Van Rensselaer and his papers; and miscellaneous items relating to other members of the Van Rensselaer family.","recordLocation":{"name":"Institute Archives and Department of Special Collections","location":{"addressLocality":"Troy","addressRegion":"NY"},"parentRecordLocation":{"name":"Rensselaer Polytechnic Institute","location":{"addressLocality":"Troy","addressRegion":"NY"}}}},{"name":"In the DeFreest Family Papers, ca. 1770-1899, 1.2 cubic feet.","recordType":["Papers"],"description":"Persons represented include Stephen Van Rensselaer.","recordLocation":{"name":"Institute Archives and Department of Special Collections","location":{"addressLocality":"Troy","addressRegion":"NY"},"parentRecordLocation":{"name":"Rensselaer Polytechnic Institute","location":{"addressLocality":"Troy","addressRegion":"NY"}}}},{"name":"In the Simeon De Witt Collection, 1778-1834, 3 folders.","recordType":["Papers"],"description":"Correspondents include Stephen Van Rensselaer.","recordLocation":{"name":"Special Collections and Archives, Archibald S. Alexander Library","location":{"addressLocality":"New Brunswick","addressRegion":"NJ"},"parentRecordLocation":{"name":"Rutgers University Libraries","location":{"addressLocality":"New Brunswick","addressRegion":"NJ"}}}},{"name":"In the Van Gaasbeek Family Papers, 1773-1797, approximately 4 cubic feet.","recordType":["Papers"],"description":"Correspondents include Stephen Van Rensselaer.","recordLocation":{"name":"Senate House State Historic Site","location":{"addressLocality":"Kingston","addressRegion":"NY"}}},{"name":"In the Albert Phelps Collection, 1791-1838, 268 items","recordType":["Papers"],"description":"The collection also includes legal documents of Stephen Van Rensselaer.","recordLocation":{"name":"Stephentown Historical Society","location":{"addressLocality":"Stephentown","addressRegion":"NY"}}},{"name":"In the Freligh Family Papers, 1770-1959, 0.8 cubic foot.","recordType":["Papers"],"description":"The papers include rent receipts signed by Stephen Van Rensselaer.","recordLocation":{"name":"M.E. Grenander Department of Special Collections and Archives, University Libraries","location":{"addressLocality":"Albany","addressRegion":"NY"},"parentRecordLocation":{"name":"University at Albany","location":{"addressLocality":"Albany","addressRegion":"NY"}}}},{"name":"In the Ebenezer Foote Letters, 1794-1820, 29 items.","recordType":["Papers"],"description":"Correspondents include Stephen Van Rensselaer.","recordLocation":{"name":"Albert and Shirley Small Special Collections Library","location":{"addressLocality":"Charlottesville","addressRegion":"VA"},"parentRecordLocation":{"name":"University of Virginia","location":{"addressLocality":"Charlottesville","addressRegion":"VA"}}}},{"name":"In the Angelica Schuyler Church Papers, 1716-1865, 84 items.","recordType":["Papers"],"description":"Persons represented include Stephen Van Rensselaer.","recordLocation":{"name":"Albert and Shirley Small Special Collections Library","location":{"addressLocality":"Charlottesville","addressRegion":"VA"},"parentRecordLocation":{"name":"University of Virginia","location":{"addressLocality":"Charlottesville","addressRegion":"VA"}}}}],"deleted":false}}
