{"data":{"usCongressBioId":"V000053","familyName":"Van Rensselaer","givenName":"Jeremiah","honorificPrefix":"Mr.","unaccentedFamilyName":"Van Rensselaer","unaccentedGivenName":"Jeremiah","birthDate":"1738-08-27","birthCirca":false,"deathDate":"1810-02-19","deathCirca":false,"profileText":"A Representative from New York; born in New York on August 27, 1738; completed preparatory studies at the manor house, ``Rensselaerswyck,'' and in private schools in Albany; graduated from Princeton College in 1758; took an active interest in the Revolutionary War; member of the Albany Committee of Safety; elected to the First Congress (March 4, 1789-March 3, 1791); unsuccessful candidate for reelection to the Second Congress in 1790; member of the New York state assembly in 1789; member of the first board of directors of the Bank of Albany in 1792 and president of that bank 1798-1806; lieutenant governor of New York 1801-1804; curator of the Evangelical Lutheran Seminary at Albany in 1804; died on February 19, 1810, in Albany, N.Y.; interment in the Dutch Reformed Cemetery; reinterment in Albany Rural Cemetery, Menands, N.Y.","relationship":[{"relationshipType":"cousin","relatedTo":{"usCongressBioId":"V000054","familyName":"Van Rensselaer","givenName":"Killian","middleName":"Killian","honorificPrefix":"Mr.","unaccentedFamilyName":"Van Rensselaer","unaccentedGivenName":"Killian","unaccentedMiddleName":"Killian","birthDate":"1763-06-09","birthCirca":false,"deathDate":"1845-06-18","deathCirca":false}}],"asset":[],"jobPositions":[{"job":{"name":"Representative","jobType":"CongressMemberJob"},"startDate":"1789-03-04","startCirca":false,"endCirca":false,"congressAffiliation":{"congress":{"name":"The 1st United States Congress","congressNumber":1,"congressType":"USCongress","startDate":"1789-03-04","endDate":"1791-03-03"},"partyAffiliation":[{"party":{"name":"Anti-Administration"},"startCirca":false,"endCirca":false}],"represents":{"regionType":"DistrictRegion","regionCode":"NY"}}}],"creativeWork":[],"researchRecord":[{"name":"1761-1821. 150 items.","recordType":["Papers"],"description":"Concern matters such as land speculation, debts, and threat of war.","recordLocation":{"name":"New-York Historical Society","location":{"addressLocality":"New York","addressRegion":"NY"}}},{"name":"In the Henry Osgood Du Bois Papers, 1803-1944, 118 items.","recordType":["Papers"],"description":"Other authors include Jeremiah Van Rensselaer.","recordLocation":{"name":"New-York Historical Society","location":{"addressLocality":"New York","addressRegion":"NY"}}},{"name":"At least 2 letters (1789) in the Webb family papers.","recordType":["Papers"],"recordLocation":{"name":"Yale University Library","location":{"addressLocality":"New Haven","addressRegion":"CT"}}},{"name":"2 letters.","recordType":["Papers"],"recordLocation":{"name":"Boston Public Library","location":{"addressLocality":"Boston","addressRegion":"MA"}}},{"name":"N.d., 1 page.","recordType":["Papers"],"description":"A letter from Philip Schuyler to Jeremiah Van Rensselaer regarding the incorporation of the [Hamilton Manufacturing Company]. Schuyler thanks Van Rensselaer for his support of the bill for incorporation.","recordLocation":{"name":"Manuscripts and Special Collections","location":{"addressLocality":"Albany","addressRegion":"NY"},"parentRecordLocation":{"name":"New York State Library","location":{"addressLocality":"Albany","addressRegion":"NY"}}}},{"name":"1774, 1 map.","recordType":["Papers"],"description":"A survey map of Dartmouth Patent (Warren, Saratoga, and Hamilton Counties, New York) for Jeremiah Van Rensselaer, James Abeel and 45 others.","recordLocation":{"name":"Manuscripts and Special Collections","location":{"addressLocality":"Albany","addressRegion":"NY"},"parentRecordLocation":{"name":"New York State Library","location":{"addressLocality":"Albany","addressRegion":"NY"}}}},{"name":"1778, 2 pages.","recordType":["Papers"],"description":"A voucher from New York (State) Commissioners for Inquiring into Conspiracy to Gerrard Banker, Treasurer of New York State, dating from April 13, 1778. The commissioners request Banker to pay Peter Cantine, Jr. or Egbert Benson 1000 pounds as part of the payment for the commission. The voucher is signed by J. Van Rensselaer, Isaac Fonda, John M. Beeckman, and Matthew Visscher, Commissioners. The receipt of the funds is acknowledged on the back of the page.","recordLocation":{"name":"Manuscripts and Special Collections","location":{"addressLocality":"Albany","addressRegion":"NY"},"parentRecordLocation":{"name":"New York State Library","location":{"addressLocality":"Albany","addressRegion":"NY"}}}},{"name":"1784, 1 map.","recordType":["Papers"],"description":"A 1784 survey map of Sadaqueda Patent, Oneida (then Montgomery) County, New York with names of the proprietors, including Jeremiah Van Rensselaer.","recordLocation":{"name":"Manuscripts and Special Collections","location":{"addressLocality":"Albany","addressRegion":"NY"},"parentRecordLocation":{"name":"New York State Library","location":{"addressLocality":"Albany","addressRegion":"NY"}}}},{"name":"1785, 1 page.","recordType":["Papers"],"description":"A letter from Jeremiah Van Rennselaer to Gerard Bancker written on December 17, 1785. The letter is signed by Van Rensselaer and Henry Oathout. The letter regards the payment of some bonds.","recordLocation":{"name":"Manuscripts and Special Collections","location":{"addressLocality":"Albany","addressRegion":"NY"},"parentRecordLocation":{"name":"New York State Library","location":{"addressLocality":"Albany","addressRegion":"NY"}}}},{"name":"1786, 2 pages.","recordType":["Papers"],"description":"A letter from Walter Livingston to Jeremiah Van Rensselaer and Henry Oothoudt written on April 12, 1786. In the letter, Livingston settles his account with them and thanks them for their efforts on his behalf.","recordLocation":{"name":"Manuscripts and Special Collections","location":{"addressLocality":"Albany","addressRegion":"NY"},"parentRecordLocation":{"name":"New York State Library","location":{"addressLocality":"Albany","addressRegion":"NY"}}}},{"name":"1787, 2 pages.","recordType":["Papers"],"description":"A letter from Christopher Yates to Henry Oothoudt and Jeremiah Van Rensselaer written on December 1, 1787. In the letter, Yates thanks them for the newspaper they sent, asks for the same in the future, and asks if they will send him some black notebooks if any are to be found in Albany. The second half deals with a Franklin stove he has received, asks how it should be set up, as it smokes as badly as his chimney did, and he has never seen one set up. He mentions that one of these men owned the stove previously, and that he would appreciate any account of how the stove acted while in his possession.","recordLocation":{"name":"Manuscripts and Special Collections","location":{"addressLocality":"Albany","addressRegion":"NY"},"parentRecordLocation":{"name":"New York State Library","location":{"addressLocality":"Albany","addressRegion":"NY"}}}},{"name":"1790, 2 pages.","recordType":["Papers"],"description":"Bounty rights deposited with Jeremiah Van Rensselaer's location on the river St. Lawrence of the 7 March 1789. Names listed include Nathaniel Henry, John N. Bleecker, and P.W. Yates.","recordLocation":{"name":"Manuscripts and Special Collections","location":{"addressLocality":"Albany","addressRegion":"NY"},"parentRecordLocation":{"name":"New York State Library","location":{"addressLocality":"Albany","addressRegion":"NY"}}}},{"name":"1798, 1 page.","recordType":["Papers"],"description":"A letter from Elkanah Watson to Jeremiah Van Rensselaer written on June 4, 1798. In the letter, Watson writes concerning some financial dealings in which they are trying to outwit Mayor Peter Yates.","recordLocation":{"name":"Manuscripts and Special Collections","location":{"addressLocality":"Albany","addressRegion":"NY"},"parentRecordLocation":{"name":"New York State Library","location":{"addressLocality":"Albany","addressRegion":"NY"}}}},{"name":"1799, 2 pages.","recordType":["Papers"],"description":"A letter from Alexander Macomb to Stephen Van Rensselaer written on June 14, 1799. In the letter, Macomb writes regarding the payment of a note due to Mrs. Macomb. Van Rensselaer sent Jeremiah Van Rensselaer to Macomb with partial payment. He informed Macomb that he was sending a sloop loaded with wheat out to be sold. The proceeds of this sale would go toward retiring the debt. Macomb acknowledges this information in this letter.","recordLocation":{"name":"Manuscripts and Special Collections","location":{"addressLocality":"Albany","addressRegion":"NY"},"parentRecordLocation":{"name":"New York State Library","location":{"addressLocality":"Albany","addressRegion":"NY"}}}},{"name":"In the Willis T. Hanson Colonial Manuscript Collection, 1709-1833, 4 boxes.","recordType":["Papers"],"description":"Persons represented include Jeremiah Van Rensselaer.","recordLocation":{"name":"Manuscripts and Special Collections","location":{"addressLocality":"Albany","addressRegion":"NY"},"parentRecordLocation":{"name":"New York State Library","location":{"addressLocality":"Albany","addressRegion":"NY"}}}},{"name":"In the Catherine S. Crary Collection, 1724-1826, 1 linear foot","recordType":["Papers"],"description":"Persons represented include Jeremiah Van Rensselaer.","recordLocation":{"name":"Rare Book and Manuscript Library","location":{"addressLocality":"New York","addressRegion":"NY"},"parentRecordLocation":{"name":"Columbia University","location":{"addressLocality":"New York","addressRegion":"NY"}}}},{"name":"1757-1810, 1855. 1 folder.","recordType":["Papers"],"description":"Miscellaneous papers concerning taxes, debts, and similar matters.","recordLocation":{"name":"Burton Historical Collection","location":{"addressLocality":"Detroit","addressRegion":"MI"},"parentRecordLocation":{"name":"Detroit Public Library","location":{"addressLocality":"Detroit","addressRegion":"MI"}}}},{"name":"In the Samuel Spitzbart Miscellaneous Documents, 1760-1885, 34 items.","recordType":["Papers"],"description":"The papers include a letter from Jeremiah Van Rensselaer to the Sons of Liberty in opposition to the sugar act, 1766.","recordLocation":{"name":"Long Island Studies Institute, West Campus Library","location":{"addressLocality":"Hempstead","addressRegion":"NY"},"parentRecordLocation":{"name":"Hofstra University","location":{"addressLocality":"Hempstead","addressRegion":"NY"}}}},{"name":"In the Van Rensselaer-Fort Papers, 1708-1885, 1.5 linear feet.","recordType":["Papers"],"description":"Persons represented include Jeremiah Van Rensselaer.","recordLocation":{"name":"Manuscripts and Archives Division","location":{"addressLocality":"New York","addressRegion":"NY"},"parentRecordLocation":{"name":"New York Public Library","url":"http://www.nypl.org/research/chss/spe/rbk/mss","location":{"addressLocality":"New York","addressRegion":"NY"}}}}]}}
