{"data":{"usCongressBioId":"V000036","familyName":"Van Dyke","givenName":"Nicholas","unaccentedFamilyName":"Van Dyke","unaccentedGivenName":"Nicholas","birthDate":"1738","birthCirca":false,"deathDate":"1789","deathCirca":false,"profileText":"(Father of Nicholas Van Dyke [1770-1826]), a Delegate from Delaware; born in New Castle County, Del., September 25, 1738; studied law in Philadelphia, Pa.; admitted to the bar in 1765 and commenced practice in New Castle County; delegate to the State constitutional convention in July 1776; elected a member of the Council of Delaware in 1777, serving as speaker in 1779; appointed judge of admiralty February 21, 1777; Member of the Continental Congress 1777-1781; a signer of the Articles of Confederation; served as President of Delaware from February 1, 1783, to October 27, 1786; died in New Castle County, Del., February 19, 1789; interment in Immanuel Churchyard, New Castle, Del.","relationship":[],"asset":[],"jobPositions":[{"job":{"name":"Delegate","jobType":"CongressMemberJob"},"congressAffiliation":{"congress":{"name":"The 2nd Continental Congress","congressNumber":2,"congressType":"ContinentalCongress","startDate":"1775-05-10","endDate":"1781-03-01"},"represents":{"regionType":"StateRegion","regionCode":"DE"}}},{"job":{"name":"Delegate","jobType":"CongressMemberJob"},"congressAffiliation":{"congress":{"name":"The Confederation Congress","congressNumber":1,"congressType":"ConfederationCongress","startDate":"1781-03-01","endDate":"1789-03-02"},"represents":{"regionType":"StateRegion","regionCode":"DE"}}}],"creativeWork":[],"researchRecord":[{"name":"1781-1793, 300 items.","recordType":["Papers"],"description":"The papers of Nicholas Van Dyke contain correspondence, a deed, and other papers. Correspondents include Thomas McKean, Robert Morris, François de Barbé-Marbois, John Dickinson, Richard Henry Lee, Thomas Mifflin, Walter Livingston, Elias Boudinot, Eleazer McComb, William Winder, Thomas Barclay, James Bowdoin, Charles Thomson, John Jay, and James Tilton.","recordLocation":{"name":"Manuscript Division","location":{"addressLocality":"Washington","addressRegion":"DC"},"parentRecordLocation":{"name":"Library of Congress","location":{"addressLocality":"Washington","addressRegion":"DC"}}}}]}}
