{"data":{"usCongressBioId":"V000123","familyName":"Vroom","givenName":"Peter","middleName":"Dumont","honorificPrefix":"Mr.","unaccentedFamilyName":"Vroom","unaccentedGivenName":"Peter","unaccentedMiddleName":"Dumont","birthDate":"1791-12-12","birthCirca":false,"deathDate":"1873-11-18","deathCirca":false,"profileText":"A Representative from New Jersey; born in Hillsboro, Somerset County, N.J., December 12, 1791; attended the common schools and the Somerville (N.J.) Academy; was graduated from Columbia College, New York City, in 1808; studied law; was admitted to the bar in 1813 and commenced practice in Hillsboro; moved to Somerville in 1821; member of the State general assembly in 1826, 1827, and 1829; became a sergeant at law in 1828; elected Governor of New Jersey as a Jacksonian in 1829, 1830, and 1831; unsuccessful candidate for reelection in 1832, but again elected in 1833, 1834, 1835, and 1836; on account of ill health declined to become a candidate for renomination; was appointed a commissioner to adjust the claims of the Choctaw Indians in 1837; elected as a Democrat to the Twenty-sixth Congress (March 4, 1839-March 3, 1841); unsuccessful candidate for reelection in 1840 to the Twenty-seventh Congress; moved to Trenton, N.J., and resumed the practice of law; delegate to the State constitutional convention in 1844; appointed chief justice of the supreme court of New Jersey in 1853, but declined; appointed Minister to Prussia on May 24, 1853, and served until August 10, 1857; again resumed the practice of law; delegate to the peace convention held in Washington, D.C., in 1861 in an effort to devise means to prevent the impending war; reporter of the supreme court of New Jersey 1862-1872; commissioner of the sinking fund of New Jersey from 1864 until his death; died in Trenton, N.J., November 18, 1873; interment in the cemetery of the First Reformed Dutch Church, Somerville, N.J.","relationship":[],"asset":[],"jobPositions":[{"job":{"name":"Representative","jobType":"CongressMemberJob"},"startDate":"1839-03-04","startCirca":false,"congressAffiliation":{"congress":{"name":"The 26th United States Congress","congressNumber":26,"congressType":"USCongress","startDate":"1839-12-02","endDate":"1841-03-03"},"partyAffiliation":[{"party":{"name":"Democrat"}}],"caucusAffiliation":[{"party":{"name":"Democrat"}}],"represents":{"regionType":"StateRegion","regionCode":"NJ"}}}],"creativeWork":[{"freeFormCitationText":"Messler, Abraham. <i>Sermons and tributes of respect on the occasion of the death of Hon. Peter D. Vroom, Ex-Governor of the State of New Jersey</i>. Somerville, N.J.: J. R. Schenk, printer, 1874."}],"researchRecord":[{"name":"1783-1891, 20 linear feet.","recordType":["Papers"],"description":"The Peter Vroom Collection consists of general correspondence from 1783-1869, individual legal case files from 1813-1891, letter books from 1840-1857, personal financial records from 1813-1861, diaries from 1850-1874, subscription and nominations lists from 1832-1868, and written personal opinions from 1822-1870. The collection also contains record books from various New Jersey churches, organizations, and individuals from 1821-1856 and Supreme Court cases from 1840-1894.","recordLocation":{"name":"New Jersey Historical Society","location":{"addressLocality":"Newark","addressRegion":"NJ"}}},{"name":"1820-1893, 20 feet.","recordType":["Papers"],"description":"Correspondence, diaries, case files, and other papers, reflecting Peter Vroom's career as a lawyer in Schooleys Mountain, Hackettstown, Flemington, Somerville, and Trenton, N.J., state legislator, governor, congressman, U.S. minister to the court of Prussia (1854-1857), and law reporter for the New Jersey Supreme Court (1865-1873), and his activities in the Whig Party and Dutch Reformed Church. Includes papers of his father, Peter D. Vroom (1745-1831), and his son, Garret D.W. Vroom (1843-1914), lawyer and mayor of Trenton (1881-1884).","recordLocation":{"name":"New Jersey Historical Society","location":{"addressLocality":"Newark","addressRegion":"NJ"}}},{"name":"In the Boggs Family Papers, 1732-1950, 5 linear feet.","recordType":["Papers"],"description":"Persons represented include Peter Vroom.","recordLocation":{"name":"New Jersey Historical Society","location":{"addressLocality":"Newark","addressRegion":"NJ"}}},{"name":"In the Joseph P. Bradley Papers, 1836-1943, 22.5 linear feet. .","recordType":["Papers"],"description":"Persons represented include Peter Vroom.","recordLocation":{"name":"New Jersey Historical Society","location":{"addressLocality":"Newark","addressRegion":"NJ"}}},{"name":"In the Mahlon Dickerson and Philemon Dickerson Papers, ca. 1774-1922, 3 linear feet.","recordType":["Papers"],"description":"Other authors include Peter Vroom.","recordLocation":{"name":"New Jersey Historical Society","location":{"addressLocality":"Newark","addressRegion":"NJ"}}},{"name":"In the Robert S. Green Papers, 1863-1888, 460 items.","recordType":["Papers"],"description":"Correspondents include Peter D. Vroom.","recordLocation":{"name":"New Jersey Historical Society","location":{"addressLocality":"Newark","addressRegion":"NJ"}}},{"name":"In the John P. Jackson Papers, ca. 1821-1887, 0.25 linear foot.","recordType":["Papers"],"description":"Persons represented include Peter Vroom.","recordLocation":{"name":"New Jersey Historical Society","location":{"addressLocality":"Newark","addressRegion":"NJ"}}},{"name":"In the Wheaton J. Lane Collection of Historical Correspondence, 1796-1897, 0.2 cubic foot.","recordType":["Papers"],"description":"Correspondents include Peter Vroom.","recordLocation":{"name":"New Jersey Historical Society","location":{"addressLocality":"Newark","addressRegion":"NJ"}}},{"name":"In the Miscellaneous Manuscripts, 1664-1956, 10 feet.","recordType":["Papers"],"description":"Persons represented include Peter Vroom.","recordLocation":{"name":"New Jersey Historical Society","location":{"addressLocality":"Newark","addressRegion":"NJ"}}},{"name":"In the Parker Family Papers, 1680-1936, 7 feet.","recordType":["Papers"],"description":"Persons represented include Peter D. Vroom.","recordLocation":{"name":"New Jersey Historical Society","location":{"addressLocality":"Newark","addressRegion":"NJ"}}},{"name":"1849-1879, 0.05 linear foot.","recordType":["Papers"],"description":"Papers include correspondence to and from Peter d. Vroom from family, friends and business associates, 1849-1879.","recordLocation":{"name":"Historical Society of Pennsylvania","location":{"addressLocality":"Philadelphia","addressRegion":"PA"}}},{"name":"Ethan Allen Hitchcock Papers, 1837-1839, 94 items.","recordType":["Papers"],"description":"Persons represented include Peter Vroom.","recordLocation":{"name":"Beinecke Rare Book and Manuscript Library","location":{"addressLocality":"New Haven","addressRegion":"CT"},"parentRecordLocation":{"name":"Yale University","location":{"addressLocality":"New Haven","addressRegion":"CT"}}}},{"name":"1744-1873, amount unknown.","recordType":["Papers"],"description":"Correspondence and papers of Peter Vroom, consisting chiefly of letters received by Vroom from a variety of individuals including J.H. Austin, Andrew Deutcher, Alfred Gale, P.B. Kennedy, James Parker, and John M. Wycoff. These letters deal with business, legal, and political affairs. There are a few personal letters, various legal papers and documents, and memoranda written by Vroom. The early material contains Vroom family letters and documents including letters to Vroom's father, Peter D. Vroom (1745-1831). Also of interest is Vroom's Latin-English vocabulary notebook kept during his junior year at Columbia College, 1807. The notebook contains a list of his classmates. In addition there is his 1808 Columbia College Commencement address.","recordLocation":{"name":"Alexander Library Department of Special Collections and Archives","location":{"addressLocality":"New Brunswick","addressRegion":"NJ"},"parentRecordLocation":{"name":"Rutgers University","location":{"addressLocality":"New Brunswick","addressRegion":"NJ"}}}},{"name":"1762-1877, 24 items, 2 volumes, and 1 folder.","recordType":["Papers"],"description":"Letters received and copies of letters sent by Peter Vroom (1825-1864); memorandum (1867) by David D. Demarest, relating to Rutgers University centennial celebration; correspondence, scrapbook, and other papers (1856-1857) as U.S. minister to Prussia; and legal notes.","recordLocation":{"name":"Alexander Library Department of Special Collections and Archives","location":{"addressLocality":"New Brunswick","addressRegion":"NJ"},"parentRecordLocation":{"name":"Rutgers University","location":{"addressLocality":"New Brunswick","addressRegion":"NJ"}}}},{"name":"1805-1870, 0.2 cubic foot.","recordType":["Papers"],"description":"Letters received, 1836-1870 and undated; together with a letter, 1805, addressed to Peter Vroom's father, Peter D. Vroom, Sr., letters, 1841-1853 and undated, received by his wife (including several written by Vroom), and letters, 1874-1887, received by his son Garret D.W. Vroom. Also present are letters, 1852-1858, received by P[hineas] B. Kennedy from Charles Parker (Vroom's agent) and James W. Wall during and just before the period when Vroom was out of the country. Much of the correspondence represents letters sent to Vroom by attorneys Charles Parker (at Trenton) and P.B. Kennedy (at Belvidere, New Jersey) regarding Vroom's real estate holdings (e.g., properties in Belvidere) owned in common with James W. Wall (and formerly owned by Garret D. Wall). Among the other correspondents are Vroom's daughter Maria (5 letters: 1838-1839 and undated), his son John P. Vroom (3 letters: 1847-1848) and lawyers Joseph P. Bradley (6 letters: 1863-1865) and John M. Sherrerd (3 letters: 1846, 1852 and 1864).","recordLocation":{"name":"Alexander Library Department of Special Collections and Archives","location":{"addressLocality":"New Brunswick","addressRegion":"NJ"},"parentRecordLocation":{"name":"Rutgers University","location":{"addressLocality":"New Brunswick","addressRegion":"NJ"}}}},{"name":"1820-1893, 20 feet.","recordType":["Papers"],"description":"Correspondence, diaries, case files, and other papers, reflecting Peter Vroom's career as a lawyer in Schooleys Mountain, Hackettstown, Flemington, Somerville, and Trenton, N.J., state legislator, governor, congressman, U.S. minister to the court of Prussia (1854-1857), and law reporter for the New Jersey Supreme Court (1865-1873), and his activities in the Whig Party and Dutch Reformed Church. Includes papers of his father, Peter D. Vroom (1745-1831), and his son, Garret D.W. Vroom (1843-1914), lawyer and mayor of Trenton (1881-1884).","recordLocation":{"name":"Alexander Library Department of Special Collections and Archives","location":{"addressLocality":"New Brunswick","addressRegion":"NJ"},"parentRecordLocation":{"name":"Rutgers University","location":{"addressLocality":"New Brunswick","addressRegion":"NJ"}}}},{"name":"In the Legal Papers, 1676-1903; 118 items, 5 volumes, 4 folders, and 1 microfilm reel.","recordType":["Papers"],"description":"Persons represented include P.D. Vroom.","recordLocation":{"name":"Alexander Library Department of Special Collections and Archives","location":{"addressLocality":"New Brunswick","addressRegion":"NJ"},"parentRecordLocation":{"name":"Rutgers University","location":{"addressLocality":"New Brunswick","addressRegion":"NJ"}}}},{"name":"In the Charles A. Philhower Collection, 16-- - 19--, approximately 170 ft.","recordType":["Papers"],"description":"Other authors include Peter Vroom.","recordLocation":{"name":"Alexander Library Department of Special Collections and Archives","location":{"addressLocality":"New Brunswick","addressRegion":"NJ"},"parentRecordLocation":{"name":"Rutgers University","location":{"addressLocality":"New Brunswick","addressRegion":"NJ"}}}},{"name":"In the Southard Hay Autograph Collection, 1750-1885, 0.75 linear foot.","recordType":["Papers"],"description":"Persons represented include Peter Vroom.","recordLocation":{"name":"Manuscripts and Archives","location":{"addressLocality":"New Haven","addressRegion":"CT"},"parentRecordLocation":{"name":"Yale University Library","location":{"addressLocality":"New Haven","addressRegion":"CT"}}}},{"name":"1744-1857. 1,500 items.","recordType":["Papers"],"description":"Personal correspondence, business papers, Columbia college student papers, and family papers. Finding aid in repository.","recordLocation":{"name":"Rare Book and Manuscript Library","location":{"addressLocality":"New York","addressRegion":"NY"},"parentRecordLocation":{"name":"Columbia University","location":{"addressLocality":"New York","addressRegion":"NY"}}}},{"name":"1791, 1 item.","recordType":["Papers"],"description":"A detailed statement of the expenses incurred by Abraham Clark as commissioner to settle New Jersey's accounts with the Federal government. The statement covers October 22-24, 1791 and includes a record of cash advances made to Clark and a final receipt for payment of the balance due. In Clark's autograph and signed five times by him; notarized by Daniel Marsh, approved for payment by Ellis Cook, Peter Dumont Vroom, and Bateman Lloyd.","recordLocation":{"name":"Rosenbach Museum and Library","location":{"addressLocality":"Philadelphia","addressRegion":"PA"}}},{"name":"ca. 1839-1845, 2 items.","recordType":["Papers"],"description":"The first letter, 20 November 1839, concerns efforts by Peter Vroom and others involved in the Broad Seal War to have their election confirmed. In the second, 11 April 1845, Vroom explains that illness has kept him from attending to a request from Dayton and congratulates him on having retained his government appointment after a political shakeup.","recordLocation":{"name":"Rosenbach Museum and Library","location":{"addressLocality":"Philadelphia","addressRegion":"PA"}}},{"name":"1856, 1 item.","recordType":["Papers"],"description":"A letter from Millard Fillmore to Mr. and Mrs. P.D. Vroom written on April 3, 1856. In the letter, Fillmore informs the U.S. minister to Prussia of his presence in Berlin.","recordLocation":{"name":"Rauner Special Collections Library","location":{"addressLocality":"Hanover","addressRegion":"NH"},"parentRecordLocation":{"name":"Dartmouth College","location":{"addressLocality":"Hanover","addressRegion":"NH"}}}},{"name":"1856, 1 item.","recordType":["Papers"],"description":"A letter from George Ticknow to Peter Vroom written on September 5, 1856. In the letter, Ticknow requests his passport and states that he is going to Dresden.","recordLocation":{"name":"Rauner Special Collections Library","location":{"addressLocality":"Hanover","addressRegion":"NH"},"parentRecordLocation":{"name":"Dartmouth College","location":{"addressLocality":"Hanover","addressRegion":"NH"}}}},{"name":"1857, 1 letter.","recordType":["Papers"],"description":"A letter from Henry Hubbard to Peter D. Vroom written on January 12, 1857. In the letter, Hubbard introduces Doct. James R. Wellman of Cornish who will be visiting Berlin on his European tour.","recordLocation":{"name":"Rauner Special Collections Library","location":{"addressLocality":"Hanover","addressRegion":"NH"},"parentRecordLocation":{"name":"Dartmouth College","location":{"addressLocality":"Hanover","addressRegion":"NH"}}}},{"name":"1834, 1 item.","recordType":["Papers"],"description":"A letter from Peter Vroom to J.S. Lyon written on February 17, 1834. In the letter, Vroom writes that he regrets that \"it is not in my power to send you a copy of my address before the Elizabeth town Temperance Societies. The address has not been published, and will not be.\"","recordLocation":{"name":"The Adelman Collection","location":{"addressLocality":"Bryn Mawr","addressRegion":"PA"},"parentRecordLocation":{"name":"Bryn Mawr College","location":{"addressLocality":"Bryn Mawr","addressRegion":"PA"}}}},{"name":"1834, 1 item.","recordType":["Papers"],"description":"A letter from Peter Vroom to Governor Marcy of New York written on March 10, 1834. In the letter, Vroom encloses a copy of an act of the legislature concerning boundaries.","recordLocation":{"name":"Department of Literary and Historical Manuscripts","location":{"addressLocality":"New York","addressRegion":"NY"},"parentRecordLocation":{"name":"Morgan Library and Museum","location":{"addressLocality":"New York","addressRegion":"NY"}}}},{"name":"In the William L. Dayton Papers, ca. 1791-1897, 1.8 linear feet.","recordType":["Papers"],"description":"Persons represented include Peter Vroom.","recordLocation":{"name":"Manuscripts, Archives, and Special Collections","location":{"addressLocality":"Princeton","addressRegion":"NJ"},"parentRecordLocation":{"name":"Princeton University","url":"http://infoshare1.princeton.edu","location":{"addressLocality":"Princeton","addressRegion":"NJ"}}}},{"name":"In the Russell W. Moore Autograph Collection of Princetonians, 1738-1918, 1.33 cubic feet.","recordType":["Papers"],"description":"Persons represented include Peter Vroom.","recordLocation":{"name":"Manuscripts, Archives, and Special Collections","location":{"addressLocality":"Princeton","addressRegion":"NJ"},"parentRecordLocation":{"name":"Princeton University","url":"http://infoshare1.princeton.edu","location":{"addressLocality":"Princeton","addressRegion":"NJ"}}}},{"name":"In the New Jersey Collection, ca. 1648-1917, 4.05 cubic feet.","recordType":["Papers"],"description":"Persons represented include Peter Vroom.","recordLocation":{"name":"Manuscripts, Archives, and Special Collections","location":{"addressLocality":"Princeton","addressRegion":"NJ"},"parentRecordLocation":{"name":"Princeton University","url":"http://infoshare1.princeton.edu","location":{"addressLocality":"Princeton","addressRegion":"NJ"}}}},{"name":"1857, 1 item.","recordType":["Papers"],"description":"A letter from Howell Cobb to P.D. Vroom written on December 1, 1857.","recordLocation":{"name":"Archives and Manuscripts","location":{"addressLocality":"Chicago","addressRegion":"IL"},"parentRecordLocation":{"name":"University of Chicago Library","location":{"addressLocality":"Chicago","addressRegion":"IL"}}}},{"name":"1904, 1 item.","recordType":["Papers"],"description":"A letter from Peter D. Vroom to Professor Palmer C. Ricketts written on March 24, 1904. In the letter, Vroom requests a copy of the last Annual Register of the Rensselaer Polytechnic Institute.","recordLocation":{"name":"Archives and Manuscripts","location":{"addressLocality":"Chicago","addressRegion":"IL"},"parentRecordLocation":{"name":"University of Chicago Library","location":{"addressLocality":"Chicago","addressRegion":"IL"}}}}]}}
