{"data":{"usCongressBioId":"V000005","familyName":"Valentine","givenName":"Edward","middleName":"Kimble","unaccentedFamilyName":"Valentine","unaccentedGivenName":"Edward","unaccentedMiddleName":"Kimble","birthDate":"1843","birthCirca":false,"birthDateUnknown":false,"deathDate":"1916","deathCirca":false,"deathDateUnknown":false,"image":[{"contentUrl":"/bioguide-staging/assets/66d7366af82b0eef2ffd68a1.jpg","caption":"Image courtesy of the Library of Congress","name":"V000005_001"}],"profileText":"A Representative from Nebraska; born in Keosauqua, Van Buren County, Iowa, June 1, 1843; attended the common schools; learned the trade of a printer; during the Civil War enlisted in the Union Army and served in the Sixty-seventh Regiment, Illinois Volunteer Infantry; promoted to second lieutenant and honorably discharged; in the spring of 1863 reenlisted as a private in the Seventh Iowa Volunteer Cavalry; promoted to adjutant of the regiment and served until June 1866; settled in Omaha, Nebr., in 1866; appointed register of the United States land office at West Point, Nebr., and served from May 17, 1869, to September 30, 1871; studied law; was admitted to the bar in 1869 and commenced practice at West Point, Nebr.; elected judge of the sixth judicial district in 1875; elected as a Republican to the Forty-sixth, Forty-seventh, and Forty-eighth Congresses (March 4, 1879-March 3, 1885); chairman, Committee on Agriculture (Forty-seventh Congress); declined to be a candidate for renomination in 1884; Sergeant-at-Arms of the United States Senate from June 30, 1890, to August 6, 1893; resumed the practice of law in West Point, Nebr.; moved to Chicago, Ill., in 1908 and lived in retirement until his death April 11, 1916; interment in Union Ridge Cemetery, Norwood Park, Ill.","relationship":[],"asset":[{"name":"V000005_001","assetType":"Image","contentUrl":"/bioguide-published/assets/66d7366af82b0eef2ffd68a1.jpg","creditLine":"Image courtesy of the Library of Congress","associatedEntity":[],"note":[{"noteType":"ImageNote","content":"https://www.loc.gov/item/2017894345/"}],"usageRight":["Import to Congress.gov"]}],"jobPositions":[{"job":{"name":"Representative","jobType":"CongressMemberJob"},"congressAffiliation":{"congress":{"name":"The 48th United States Congress","congressNumber":48,"congressType":"USCongress","startDate":"1883-12-03","endDate":"1885-03-04"},"partyAffiliation":[{"party":{"name":"Republican"}}],"caucusAffiliation":[{"party":{"name":"Republican"}}],"represents":{"regionType":"StateRegion","regionCode":"NE"}}},{"job":{"name":"Representative","jobType":"CongressMemberJob"},"congressAffiliation":{"congress":{"name":"The 46th United States Congress","congressNumber":46,"congressType":"USCongress","startDate":"1879-03-18","endDate":"1881-03-03"},"partyAffiliation":[{"party":{"name":"Republican"}}],"caucusAffiliation":[{"party":{"name":"Republican"}}],"represents":{"regionType":"StateRegion","regionCode":"NE"}}},{"job":{"name":"Representative","jobType":"CongressMemberJob"},"congressAffiliation":{"congress":{"name":"The 47th United States Congress","congressNumber":47,"congressType":"USCongress","startDate":"1881-03-04","endDate":"1883-03-03"},"partyAffiliation":[{"party":{"name":"Republican"}}],"caucusAffiliation":[{"party":{"name":"Republican"}}],"represents":{"regionType":"StateRegion","regionCode":"NE"}}}],"creativeWork":[],"researchRecord":[{"name":"ca. 1851-1957, 1 item.","recordType":["Papers"],"description":"An autograph album from Edward Valentine containing signatures of presidents, legislators, foreign ministers, writers, clergy, and others, and poetry. Persons represented include Abraham Lincoln, Millard Fillmore, Zachary Taylor, James Buchanan, Ulysses S. Grant, Jefferson Davis, Mary E. Walker, Richard Nixon, Dwight Eisenhower, Isabella Hooker, Daniel Webster, Cornelius Vanderbilt, Winfield Scott, Samuel Houston, and Edward Clark.","recordLocation":{"name":"Chattanooga-Hamilton County Bicentennial Library","location":{"addressLocality":"Chattanooga","addressRegion":"TN"}}}],"deleted":false}}
