{"data":{"usCongressBioId":"V000049","familyName":"Van Ness","givenName":"John","middleName":"Peter","honorificPrefix":"Mr.","unaccentedFamilyName":"Van Ness","unaccentedGivenName":"John","unaccentedMiddleName":"Peter","birthDate":"1769-11-04","birthCirca":false,"birthDateUnknown":false,"deathDate":"1846-03-07","deathCirca":false,"deathDateUnknown":false,"profileText":"A Representative from New York; born in Ghent (formerly Claverly), Columbia County, N.Y., November 4, 1769; completed preparatory studies and attended Columbia College in New York City; studied law and was admitted to the bar, but never practiced; elected as a Democratic Republican to the Seventh Congress to fill the vacancy caused by the resignation of John Bird and served from October 6, 1801, to January 17, 1803, when his seat was declared forfeited, as he had accepted and exercised the office of major of militia in the District of Columbia bestowed on him by President Jefferson; he then made Washington his home; president of the second council in 1803; promoted to the rank of lieutenant colonel commandant of the first legion of militia in 1805, brigadier general in 1811, and major general in 1813; alderman of the city of Washington in 1829; mayor 1830-1834; second vice president of the Washington National Monument Society in 1833; president of the commissioners of the Washington Canal in 1834; president of the branch bank of the United States at Washington, D.C.; first president of the National Metropolitan Bank from 1814 until his death in Washington, D.C., March 7, 1846; interment in a mausoleum at Oak Hill Cemetery.","relationship":[],"asset":[],"jobPositions":[{"job":{"name":"Representative","jobType":"CongressMemberJob"},"startDate":"1801-12-07","startCirca":false,"endCirca":false,"congressAffiliation":{"congress":{"name":"The 7th United States Congress","congressNumber":7,"congressType":"USCongress","startDate":"1801-03-04","endDate":"1803-03-03"},"partyAffiliation":[{"party":{"name":"Democratic Republican"},"startCirca":false,"endCirca":false}],"caucusAffiliation":[{"party":{"name":"Democratic Republican"},"startCirca":false,"endCirca":false}],"represents":{"regionType":"DistrictRegion","regionCode":"NY"}}}],"creativeWork":[{"freeFormCitationText":"Clark, Allen C. <i>General John Peter Van Ness, A Mayor of the City of Washington, His Wife, Marcia, and Her Father, David Burnes</i>. Washington: N.p., 1919."}],"researchRecord":[{"name":"In William Peter Van Ness correspondence, 1795-1828. ca. 100 items.","recordType":["Papers"],"description":"Chiefly political correspondence.","recordLocation":{"name":"New York Public Library","url":"http://www.nypl.org/research/chss/spe/rbk/mss","location":{"addressLocality":"New York","addressRegion":"NY"}}},{"name":"In the Lewis H. Machen Family Papers, ca. 1802-1938, 12 linear feet.","recordType":["Papers"],"description":"Subjects include John Peter Van Ness. A finding aid is available in the library.","recordLocation":{"name":"Manuscript Division","location":{"addressLocality":"Washington","addressRegion":"DC"},"parentRecordLocation":{"name":"Library of Congress","location":{"addressLocality":"Washington","addressRegion":"DC"}}}},{"name":"In the Charles Fenton Mercer Papers, 1825-1832, 8 items.","recordType":["Papers"],"description":"The papers include a letter from John Peter Van Ness to Phineas Janney written on December 25, 1832, pertaining to loand for the Chesapeake and Ohio Canal.","recordLocation":{"name":"Manuscript Division","location":{"addressLocality":"Washington","addressRegion":"DC"},"parentRecordLocation":{"name":"Library of Congress","location":{"addressLocality":"Washington","addressRegion":"DC"}}}},{"name":"In the Anna Maria Brodeau Thornton Papers, 1793-1861, 7 items.","recordType":["Papers"],"description":"A collection of autographs includes signatures of John Peter Van Ness. A finding aid is available in the library.","recordLocation":{"name":"Manuscript Division","location":{"addressLocality":"Washington","addressRegion":"DC"},"parentRecordLocation":{"name":"Library of Congress","location":{"addressLocality":"Washington","addressRegion":"DC"}}}},{"name":"In the Van Ness Family Papers, ca. 1788-1905, 30 items.","recordType":["Papers"],"description":"Persons represented include John Peter Van Ness. The collection contains chiefly photocopies of originals privately owned.","recordLocation":{"name":"Manuscript Division","location":{"addressLocality":"Washington","addressRegion":"DC"},"parentRecordLocation":{"name":"Library of Congress","location":{"addressLocality":"Washington","addressRegion":"DC"}}}},{"name":"l letter.","recordType":["Papers"],"recordLocation":{"name":"Boston Public Library","location":{"addressLocality":"Boston","addressRegion":"MA"}}},{"name":"In the Van Ness Family Papers, 1743-1951, approximately 15,000 items.","recordType":["Papers"],"description":"The papers include 14 boxes of material concerning John Peter Van Ness.","recordLocation":{"name":"The New-York Historical Society","location":{"addressLocality":"New York","addressRegion":"NY"}}},{"name":"In the W. Lloyd Wright Papers, 1794-1943, 0.5 linear foot.","recordType":["Papers"],"description":"Persons represented include John Peter Van Ness.","recordLocation":{"name":"Special Collections and University Archives","location":{"addressLocality":"Washington","addressRegion":"DC"},"parentRecordLocation":{"name":"George Washington University","location":{"addressLocality":"Washington","addressRegion":"DC"}}}},{"name":"1817, 1 item.","recordType":["Papers"],"description":"A deed from John Peter Van Ness and his wife, Marcia Van Ness, to Peter Lenox for Lot 10, Square 292, in Washington. The deed was signed on 1817 Jan. 27 and recorded 1817 Feb. 1.","recordLocation":{"name":"Historical Society of Washington, D.C.","location":{"addressLocality":"Washington","addressRegion":"DC"}}},{"name":"1832, 1 item.","recordType":["Papers"],"description":"A letter from the board of managers of the Washington Orphan Asylum Society to John Peter Van Ness written on September 14, 1832. In the letter, the board of managers offer their condolences on the death of John Van Ness's wife, Marcia Van Ness.","recordLocation":{"name":"Historical Society of Washington, D.C.","location":{"addressLocality":"Washington","addressRegion":"DC"}}},{"name":"In the Charlotte Hanes Harding Autographs Collection, 1744-1928, 0.45 cubic foot.","recordType":["Papers"],"description":"Persons represented include John Peter Van Ness. A finding aid is available in the repository and online.","recordLocation":{"name":"Special Collections Library, Historical Collections and Labor Archives","location":{"addressLocality":"University Park","addressRegion":"PA"},"parentRecordLocation":{"name":"Pennsylvania State University","location":{"addressLocality":"University Park","addressRegion":"PA"}}}},{"name":"In the Moses Dawson Correspondence, 1811-1845, 178 letters.","recordType":["Papers"],"description":"Correspondents include John Peter Van Ness. The collections also is available on microfilm. An inventory is available in the repository.","recordLocation":{"name":"McDonald Memorial Library","location":{"addressLocality":"Cincinnati","addressRegion":"OH"},"parentRecordLocation":{"name":"Xavier University","location":{"addressLocality":"Cincinnati","addressRegion":"OH"}}}},{"name":"1823, 1 item.","recordType":["Papers"],"description":"An indenture between John Peter Van Ness and his wife, Marcia Van Ness, to Robert Tweedy signed August 12, 1823 for Lot 1, Square 288, in Washington, DC. The deed was recorded on January 3, 1824.","recordLocation":{"name":"Georgetown Branch, Peabody Room","location":{"addressLocality":"Washington","addressRegion":"DC"},"parentRecordLocation":{"name":"District of Columbia Public Library","location":{"addressLocality":"Washington","addressRegion":"DC"}}}}],"deleted":false}}
