{"data":{"usCongressBioId":"V000001","familyName":"Vail","givenName":"George","honorificPrefix":"Mr.","unaccentedFamilyName":"Vail","unaccentedGivenName":"George","birthDate":"1809-07-21","birthCirca":false,"deathDate":"1875-05-23","deathCirca":false,"profileText":"A Representative from New Jersey; born in Morristown, Morris County, N.J., July 21, 1809; completed preparatory studies; attended Morris Academy at Morristown; engaged in the manufacture of telegraph instruments; member of the State general assembly in 1843 and 1844; appointed by the Governor of New Jersey to represent the State at the World's Fair in London, England, in 1851; unsuccessful candidate for election in 1850 to the Thirty-second Congress; elected as a Democrat to the Thirty-third and Thirty-fourth Congresses (March 4, 1853-March 3, 1857); appointed February 3, 1858, by President James Buchanan, as consul to Glasgow, Scotland, and served until August 10, 1861; returned to the United States and settled in Morristown, N.J., where he engaged in literary pursuits; member of the court of pardons; judge of the New Jersey Court of Errors and Appeals 1865-1871; died in Morristown, N.J., May 23, 1875; interment in First Presbyterian Church Cemetery.","relationship":[],"asset":[],"jobPositions":[{"job":{"name":"Representative","jobType":"CongressMemberJob"},"startDate":"1853-03-04","startCirca":false,"congressAffiliation":{"congress":{"name":"The 33rd United States Congress","congressNumber":33,"congressType":"USCongress","startDate":"1853-03-04","endDate":"1855-03-03"},"partyAffiliation":[{"party":{"name":"Democrat"}}],"caucusAffiliation":[{"party":{"name":"Democrat"}}],"represents":{"regionType":"DistrictRegion","regionCode":"NJ"}}},{"job":{"name":"Representative","jobType":"CongressMemberJob"},"startDate":"1855-03-04","startCirca":false,"congressAffiliation":{"congress":{"name":"The 34th United States Congress","congressNumber":34,"congressType":"USCongress","startDate":"1855-12-03","endDate":"1857-03-03"},"partyAffiliation":[{"party":{"name":"Democrat"}}],"caucusAffiliation":[{"party":{"name":"Democrat"}}],"represents":{"regionType":"DistrictRegion","regionCode":"NJ"}}}],"creativeWork":[],"researchRecord":[{"name":"In the Miscellaneous Manuscripts Collection, 1664-1956, 10 feet.","recordType":["Papers"],"description":"Other persons represented include George Vail.","recordLocation":{"name":"New Jersey Historical Society","location":{"addressLocality":"Newark","addressRegion":"NJ"}}}]}}
