{"data":{"usCongressBioId":"W000157","familyName":"Warner","givenName":"Samuel","middleName":"Larkin","honorificPrefix":"Mr.","unaccentedFamilyName":"Warner","unaccentedGivenName":"Samuel","unaccentedMiddleName":"Larkin","birthDate":"1828-06-14","birthCirca":false,"deathDate":"1893-02-06","deathCirca":false,"profileText":"A Representative from Connecticut; born in Wethersfield, Hartford County, Conn., June 14, 1828; attended Wilbraham Academy, Wilbraham, Mass., and the law department of Yale College; was graduated from the law department of Harvard University in 1854; was admitted to the bar in Boston, Mass., in 1854; commenced the practice of law in Portland, Middlesex County, Conn., in 1855; member of the State house of representatives in 1858; moved to Middletown in 1860; mayor 1862-1866; delegate to the Republican National Convention in 1864, 1888, and 1892; elected as a Republican to the Thirty-ninth Congress (March 4, 1865-March 3, 1867); was not a candidate for renomination; resumed the practice of law; died in Middletown, Conn., on February 6, 1893; interment in Indian Hill Cemetery.","relationship":[{"relationshipType":"brother","relatedTo":{"usCongressBioId":"W000155","familyName":"Warner","givenName":"Levi","unaccentedFamilyName":"Warner","unaccentedGivenName":"Levi","birthDate":"1831","birthCirca":false,"deathDate":"1911","deathCirca":false}}],"asset":[],"jobPositions":[{"job":{"name":"Representative","jobType":"CongressMemberJob"},"startDate":"1865-03-04","startCirca":false,"congressAffiliation":{"congress":{"name":"The 39th United States Congress","congressNumber":39,"congressType":"USCongress","startDate":"1865-03-04","endDate":"1867-03-03"},"partyAffiliation":[{"party":{"name":"Republican"}}],"caucusAffiliation":[{"party":{"name":"Republican"}}],"represents":{"regionType":"DistrictRegion","regionCode":"CT"}}}],"creativeWork":[],"researchRecord":[{"name":"1862(?). 1 volume.","recordType":["Papers"],"description":"Copies of speeches, notes, and correspondence.","recordLocation":{"name":"Connecticut Historical Society","location":{"addressLocality":"Hartford","addressRegion":"CT"}}}]}}
