{"data":{"usCongressBioId":"W000554","familyName":"Williamson","givenName":"William","middleName":"Durkee","honorificPrefix":"Mr.","unaccentedFamilyName":"Williamson","unaccentedGivenName":"William","unaccentedMiddleName":"Durkee","birthDate":"1779-07-31","birthCirca":false,"birthDateUnknown":false,"deathDate":"1846-05-27","deathCirca":false,"deathDateUnknown":false,"profileText":"A Representative from Maine; born in Canterbury, Conn., July 31, 1779; moved in boyhood with his father to Amherst, Mass.; attended the common schools and Williams College, Williamstown, Mass.; was graduated from Brown University, Providence, R.I., in 1804; studied law; was admitted to the bar and commenced practice in Bangor, Maine (then a district of Massachusetts), in 1807; State's attorney for Hancock County 1808-1815; postmaster of Bangor, Maine, 1810-1821; member of the Massachusetts State senate from 1816 until the separation of Maine from Massachusetts in 1820; served in the Maine State senate in 1820 and 1821 and was elected its president both years; as president of the senate he became Governor upon the resignation of Governor King in 1821; elected as a Democratic Republican to the Seventeenth Congress (March 4, 1821-March 3, 1823); was not a candidate for renomination in 1822; judge of probate for Penobscot County 1824-1840; bank commissioner 1838-1841; died in Bangor, Maine, May 27, 1846; interment in Mount Hope Cemetery.","relationship":[],"asset":[],"jobPositions":[{"job":{"name":"Representative","jobType":"CongressMemberJob"},"startDate":"1821-12-03","startCirca":false,"endCirca":false,"congressAffiliation":{"congress":{"name":"The 17th United States Congress","congressNumber":17,"congressType":"USCongress","startDate":"1821-12-03","endDate":"1823-03-03"},"partyAffiliation":[{"party":{"name":"Democratic Republican"},"startCirca":false,"endCirca":false}],"caucusAffiliation":[{"party":{"name":"Democratic Republican"},"startCirca":false,"endCirca":false}],"represents":{"regionType":"DistrictRegion","regionCode":"ME"}}}],"creativeWork":[{"freeFormCitationText":"Williamson, William Durkee. <i>The history of the state of Maine: from its first discovery, A.D. 1602, to the separation, A.D. 1820, inclusive</i>. Hallowell [Me.]: Glazier, Masters, 1832. Reprint, [Freeport, Me.: Cumberland Press, 1966?]"}],"researchRecord":[{"name":"1820-1848. 49 items.","recordType":["Papers"],"description":"Letters, lists of judges and Governors of Canada, copy of first census of Maine, genealogical material, and a memoir (1826-1848, 170 pages). Finding aid in repository. Partially restricted.","recordLocation":{"name":"Boston Public Library","location":{"addressLocality":"Boston","addressRegion":"MA"}}},{"name":"N.d., 1 volume.","recordType":["Papers"],"description":"A notebook belonging to William D. Williamson, consisting of lists of Portland, Me., lawyer, notes on wars with the Indians, list of Indian treaties, and memoranda to collect material history of Maine.","recordLocation":{"name":"Maine Historical Society","location":{"addressLocality":"Portland","addressRegion":"ME"}}},{"name":"1777-1894, 3 linear feet.","recordType":["Papers"],"description":"Genealogical and biographical sketches of William D. Williamson’s family. The papers include a chronology and diary (1821-1822) of Williamson describing a trip from Bangor to Washington, D.C., with an account of expenses incurred.","recordLocation":{"name":"Maine Historical Society","location":{"addressLocality":"Portland","addressRegion":"ME"}}},{"name":"1820, 1 item.","recordType":["Papers"],"description":"A letter from William D. Williamson to Isaac Lane, written sometime during 1820. In the letter, Williamson requests information from Lane concerning the history of Maine.","recordLocation":{"name":"Maine Historical Society","location":{"addressLocality":"Portland","addressRegion":"ME"}}},{"name":"1831, 1 item.","recordType":["Papers"],"description":"A contract agreement between William D. Williamson and the firm Glazier, Masters, and Company, for printing and binding of \"The History of the State of Maine.\"","recordLocation":{"name":"Maine Historical Society","location":{"addressLocality":"Portland","addressRegion":"ME"}}},{"name":"In the Samuel Waldron Hayes bills, receipts, and writ, 1802-1814, 78 items.","recordType":["Papers"],"description":"Other authors include William D. Williamson.","recordLocation":{"name":"Maine Historical Society","location":{"addressLocality":"Portland","addressRegion":"ME"}}}],"deleted":false}}
