{"data":{"usCongressBioId":"W000597","familyName":"Wilson","givenName":"John","honorificPrefix":"Mr.","unaccentedFamilyName":"Wilson","unaccentedGivenName":"John","birthDate":"1773-08-11","birthCirca":false,"birthDateUnknown":false,"deathDate":"1828-08-13","deathCirca":false,"deathDateUnknown":false,"profileText":"A Representative from South Carolina; born at Wilson's Ferry (now Pelzer), Anderson County, S.C., August 11, 1773; attended the common schools; engaged in agricultural pursuits in Anderson County, near Golden Grove, S.C.; also operated a public ferry across the Saluda River at what is now known as Pelzer; member, State house of representatives, 1812-1817; elected as a Democratic Republican to the Seventeenth Congress, reelected as a Jackson Republican to the Eighteenth Congress, and reelected as a Jacksonian candidate to the Nineteenth Congress (March 4, 1821-March 3, 1827); unsuccessful candidate for reelection in 1826 to the Twentieth Congress; died at his home near Golden Grove, in Anderson County, S.C., August 13, 1828; interment in the family cemetery on his plantation, which is now a part of the industrial city of Pelzer, S.C.","relationship":[],"asset":[],"jobPositions":[{"job":{"name":"Representative","jobType":"CongressMemberJob"},"startDate":"1821-12-03","startCirca":false,"endCirca":false,"congressAffiliation":{"congress":{"name":"The 17th United States Congress","congressNumber":17,"congressType":"USCongress","startDate":"1821-12-03","endDate":"1823-03-03"},"partyAffiliation":[{"party":{"name":"Democratic Republican"},"startCirca":false,"endCirca":false}],"caucusAffiliation":[{"party":{"name":"Democratic Republican"},"startCirca":false,"endCirca":false}],"represents":{"regionType":"DistrictRegion","regionCode":"SC"}}},{"job":{"name":"Representative","jobType":"CongressMemberJob"},"startDate":"1823-12-01","startCirca":false,"endCirca":false,"congressAffiliation":{"congress":{"name":"The 18th United States Congress","congressNumber":18,"congressType":"USCongress","startDate":"1823-12-01","endDate":"1825-03-03"},"partyAffiliation":[{"party":{"name":"Jackson Republican"},"startCirca":false,"endCirca":false}],"caucusAffiliation":[{"party":{"name":"Jackson Republican"},"startCirca":false,"endCirca":false}],"represents":{"regionType":"StateRegion","regionCode":"SC"}}},{"job":{"name":"Representative","jobType":"CongressMemberJob"},"startDate":"1825-12-05","startCirca":false,"endCirca":false,"congressAffiliation":{"congress":{"name":"The 19th United States Congress","congressNumber":19,"congressType":"USCongress","startDate":"1825-03-04","endDate":"1827-03-03"},"partyAffiliation":[{"party":{"name":"Jacksonian"},"startCirca":false,"endCirca":false}],"caucusAffiliation":[{"party":{"name":"Jacksonian"},"startCirca":false,"endCirca":false}],"represents":{"regionType":"DistrictRegion","regionCode":"SC"}}}],"creativeWork":[],"researchRecord":[],"deleted":false}}
