{"data":{"usCongressBioId":"W000112","familyName":"Walton","givenName":"Charles","middleName":"Wesley","honorificPrefix":"Mr.","unaccentedFamilyName":"Walton","unaccentedGivenName":"Charles","unaccentedMiddleName":"Wesley","birthDate":"1819-12-09","birthCirca":false,"deathDate":"1900-01-24","deathCirca":false,"profileText":"A Representative from Maine; born in Mexico, Oxford County, Maine, December 9, 1819; attended the common schools and was instructed at home and by private tutors; studied law; was admitted to the bar in Oxford, Maine, in 1841 and commenced practice in Mexico, Maine, in 1843; also practiced law in Dixfield, Maine; attorney for Oxford County 1847-1851; moved to Auburn, Maine, in 1855 and continued the practice of law; attorney for Androscoggin County 1857-1860; elected as a Republican to the Thirty-seventh Congress and served from March 4, 1861, to May 26, 1862, when he resigned to accept a judicial appointment; associate justice of the State supreme court 1862-1897; was not a candidate for reappointment; resided in Portland, Cumberland County, Maine, until his death on January 24, 1900; interment in Evergreen Cemetery.","relationship":[],"asset":[],"jobPositions":[{"job":{"name":"Representative","jobType":"CongressMemberJob"},"startDate":"1861-03-04","startCirca":false,"endDate":"1862-05-26","endCirca":false,"departureReason":"Resigned","congressAffiliation":{"congress":{"name":"The 37th United States Congress","congressNumber":37,"congressType":"USCongress","startDate":"1861-03-04","endDate":"1863-03-03"},"departureReason":"Resigned","partyAffiliation":[{"party":{"name":"Republican"}}],"caucusAffiliation":[{"party":{"name":"Republican"}}],"represents":{"regionType":"DistrictRegion","regionCode":"ME"},"note":[{"type":"Note","noteType":"FootNote","content":"Resigned May 26, 1862."}]}}],"creativeWork":[],"researchRecord":[]}}
