{"data":{"usCongressBioId":"W000324","familyName":"Wharton","givenName":"Jesse","honorificPrefix":"Mr.","unaccentedFamilyName":"Wharton","unaccentedGivenName":"Jesse","birthDate":"1782-07-29","birthCirca":false,"deathDate":"1833-07-22","deathCirca":false,"profileText":"A Representative and a Senator from Tennessee; born in Covesville, Albemarle County, Va., July 29, 1782; completed preparatory studies; studied law; admitted to the bar and commenced practice in Albemarle County; moved to Tennessee; elected as a Democratic Republican to the Tenth Congress (March 4, 1807-March 3, 1809); appointed to the United States Senate to fill the vacancy caused by the resignation of George W. Campbell and served from March 17, 1814, to October 10, 1815, when a successor was elected; resumed the practice of his profession; member of the board of visitors to the United States Military Academy, West Point, N.Y., in 1832; died in Nashville, Tenn., July 22, 1833; interment in Mount Olivet Cemetery.","relationship":[{"relationshipType":"grandfather","relatedTo":{"usCongressBioId":"G000419","familyName":"Green","givenName":"Wharton","middleName":"Jackson","unaccentedFamilyName":"Green","unaccentedGivenName":"Wharton","unaccentedMiddleName":"Jackson","birthDate":"1831-02-28","birthCirca":false,"birthDateUnknown":false,"deathDate":"1910-08-06","deathCirca":false,"deathDateUnknown":false,"deleted":false}}],"asset":[],"jobPositions":[{"job":{"name":"Senator","jobType":"CongressMemberJob"},"congressAffiliation":{"congress":{"name":"The 13th United States Congress","congressNumber":13,"congressType":"USCongress","startDate":"1813-05-24","endDate":"1815-03-03"},"partyAffiliation":[{"party":{"name":"Democratic Republican"}}],"caucusAffiliation":[{"party":{"name":"Republican"}}],"represents":{"regionType":"StateRegion","regionCode":"TN"}},"startCirca":false,"startDate":"1814-03-17"},{"job":{"name":"Representative","jobType":"CongressMemberJob"},"startDate":"1807-10-26","startCirca":false,"congressAffiliation":{"congress":{"name":"The 10th United States Congress","congressNumber":10,"congressType":"USCongress","startDate":"1807-10-26","endDate":"1809-03-03"},"partyAffiliation":[{"party":{"name":"Democratic Republican"}}],"caucusAffiliation":[{"party":{"name":"Republican"}}],"represents":{"regionType":"StateRegion","regionCode":"TN"},"note":[{"type":"Note","noteType":"FootNote","content":"Represented Mero district."}]}},{"job":{"name":"Senator","jobType":"CongressMemberJob"},"congressAffiliation":{"congress":{"name":"The 14th United States Congress","congressNumber":14,"congressType":"USCongress","startDate":"1815-12-04","endDate":"1817-03-03"},"partyAffiliation":[{"party":{"name":"Democratic Republican"}}],"caucusAffiliation":[{"party":{"name":"Republican"}}],"represents":{"regionType":"StateRegion","regionCode":"TN"}},"endCirca":false,"endDate":"1815-10-10"}],"creativeWork":[{"freeFormCitationText":"McKellar, Kenneth. \"Jesse Wharton,\" in <i>Tennessee Senators as seen by one of their Successors</i>. Kingsport, Tenn.: Southern Publishers, Inc., 1942, 135-140."}],"researchRecord":[{"name":"Miscellaneous papers in various collections.","recordType":["Papers"],"recordLocation":{"name":"Tennessee Historical Society","location":{"addressLocality":"Nashville","addressRegion":"TN"}}},{"name":"1 letter and biographical sketches.","recordType":["Papers"],"recordLocation":{"name":"Tennessee State Library and Archives","location":{"addressLocality":"Nashville","addressRegion":"TN"}}},{"name":"1 item.","recordType":["Papers"],"recordLocation":{"name":"Dickinson College Library","location":{"addressLocality":"Carlisle","addressRegion":"PA"}}}]}}
