{"data":{"usCongressBioId":"W000769","familyName":"Wright","givenName":"Samuel","middleName":"Gardiner","honorificPrefix":"Mr.","unaccentedFamilyName":"Wright","unaccentedGivenName":"Samuel","unaccentedMiddleName":"Gardiner","birthDate":"1781-11-18","birthCirca":false,"deathDate":"1845-07-30","deathCirca":false,"profileText":"A Representative from New Jersey; born in Wrightstown, N.J., November 18, 1781; was mainly self-educated; engaged in mercantile pursuits in Philadelphia, Pa., with a country place near Imlaystown, N.J.; owned several iron furnaces in New Jersey and Delaware; was elected as a Whig to the Twenty-ninth Congress and served from March 4, 1845, until his death near Imlaystown, Monmouth County, N.J., July 30, 1845, before the assembling of Congress; interment in the East Branch Cemetery, near Imlaystown, N.J.","relationship":[],"asset":[],"jobPositions":[{"job":{"name":"Representative","jobType":"CongressMemberJob"},"startDate":"1845-03-04","startCirca":false,"endDate":"1845-07-30","endCirca":false,"departureReason":"Died","congressAffiliation":{"congress":{"name":"The 29th United States Congress","congressNumber":29,"congressType":"USCongress","startDate":"1845-03-04","endDate":"1847-03-03"},"departureReason":"Died","partyAffiliation":[{"party":{"name":"Whig"}}],"caucusAffiliation":[{"party":{"name":"Whig"}}],"represents":{"regionType":"DistrictRegion","regionCode":"NJ"},"note":[{"type":"Note","noteType":"FootNote","content":"Died July 30, 1845, before Congress assembled."}]}}],"creativeWork":[],"researchRecord":[{"name":"In the Wawa, Inc. Historical Collection, 1737-1965, 16 linear feet.","recordType":["Papers"],"description":"Subjects include Samuel G. Wright.","recordLocation":{"name":"Manuscripts and Archives Department","location":{"addressLocality":"Greenville","addressRegion":"DE"},"parentRecordLocation":{"name":"Hagley Museum and Library","location":{"addressLocality":"Greenville","addressRegion":"DE"}}}},{"name":"In the Wright Family Papers, ca. 1785-1902, 16.67 linear feet.","recordType":["Papers"],"description":"The papers of Samuel G. Wright document his activities as a New Jersey gentleman farmer, a Philadelphia merchant, an ironmaster and a member of the New Jersey Legislature as well as his private investments in land and securities. As such it is a valuable source on the details of the early nineteenth century iron industry and its allied activities, including coastwise shipping, on the impact of economic fluctuations during the Jacksonian Era, on the linkages between eastern merchants and the developing West, and on everyday life in rural New Jersey and Delaware.","recordLocation":{"name":"Manuscripts and Archives Department","location":{"addressLocality":"Greenville","addressRegion":"DE"},"parentRecordLocation":{"name":"Hagley Museum and Library","location":{"addressLocality":"Greenville","addressRegion":"DE"}}}},{"name":"1830-1843, 0.2 linear foot.","recordType":["Papers"],"description":"The volume contains the breeding records of Durham cattle raised between 1830-1843 at Samuel Gardiner Wright's farm near Imlaystown, New Jersey.","recordLocation":{"name":"The New Jersey Historical Society","location":{"addressLocality":"Newark","addressRegion":"NJ"}}}]}}
