{"data":{"usCongressBioId":"W000404","familyName":"Whitehill","givenName":"Robert","honorificPrefix":"Mr.","unaccentedFamilyName":"Whitehill","unaccentedGivenName":"Robert","birthDate":"1738-07-21","birthCirca":false,"birthDateUnknown":false,"deathDate":"1813-04-08","deathCirca":false,"deathDateUnknown":false,"profileText":"a Representative from Pennsylvania; born in Pequea, Lancaster County, Pa., July 21, 1738; attended the common schools; settled in Cumberland County; member of the State constitutional convention in July 1776 that approved the Declaration of Independence; member of the council of safety in 1777; delegate to the State constitutional convention in 1790; member of the State house of representatives 1797-1800; served in the State senate 1801-1804, and was speaker of the senate in 1804 during the impeachment trials of the supreme court judges of Pennsylvania; elected as a Democratic Republican to the Ninth Congress to fill the vacancy caused by the death of John A. Hanna; reelected to the Tenth and to the three succeeding Congresses and served from November 7, 1805, until his death at Lauther Manor, Cumberland County, Pa., April 8, 1813; interment in the Silver Spring Presbyterian Church Cemetery, Hampden Township, near Camp Hill, Pa.","relationship":[{"relationshipType":"uncle","relatedTo":{"usCongressBioId":"W000402","familyName":"Whitehill","givenName":"James","honorificPrefix":"Mr.","unaccentedFamilyName":"Whitehill","unaccentedGivenName":"James","birthDate":"1762-01-31","birthCirca":false,"birthDateUnknown":false,"deathDate":"1822-02-26","deathCirca":false,"deathDateUnknown":false,"deleted":false}},{"relationshipType":"brother","relatedTo":{"usCongressBioId":"W000403","familyName":"Whitehill","givenName":"John","honorificPrefix":"Mr.","unaccentedFamilyName":"Whitehill","unaccentedGivenName":"John","birthDate":"1729-12-11","birthCirca":false,"birthDateUnknown":false,"deathDate":"1815-09-16","deathCirca":false,"deathDateUnknown":false,"deleted":false}}],"asset":[],"jobPositions":[{"job":{"name":"Representative","jobType":"CongressMemberJob"},"startDate":"1805-12-02","startCirca":false,"endCirca":false,"congressAffiliation":{"congress":{"name":"The 9th United States Congress","congressNumber":9,"congressType":"USCongress","startDate":"1805-12-02","endDate":"1807-03-03"},"partyAffiliation":[{"party":{"name":"Democratic Republican"},"startCirca":false,"endCirca":false}],"caucusAffiliation":[{"party":{"name":"Democratic Republican"},"startCirca":false,"endCirca":false}],"represents":{"regionType":"DistrictRegion","regionCode":"PA"},"note":[{"type":"Note","content":"Elected to fill vacancy caused by death of John A. Hanna, and took his seat December 2, 1805.","noteType":"FootNote"},{"type":"Note","content":"One of two elected to represent 4th district.","noteType":"FootNote"}]}},{"job":{"name":"Representative","jobType":"CongressMemberJob"},"startDate":"1807-10-26","startCirca":false,"endCirca":false,"congressAffiliation":{"congress":{"name":"The 10th United States Congress","congressNumber":10,"congressType":"USCongress","startDate":"1807-10-26","endDate":"1809-03-03"},"partyAffiliation":[{"party":{"name":"Democratic Republican"},"startCirca":false,"endCirca":false}],"caucusAffiliation":[{"party":{"name":"Democratic Republican"},"startCirca":false,"endCirca":false}],"represents":{"regionType":"DistrictRegion","regionCode":"PA"}}},{"job":{"name":"Representative","jobType":"CongressMemberJob"},"startDate":"1809-05-22","startCirca":false,"endCirca":false,"congressAffiliation":{"congress":{"name":"The 11th United States Congress","congressNumber":11,"congressType":"USCongress","startDate":"1809-03-04","endDate":"1811-03-03"},"partyAffiliation":[{"party":{"name":"Democratic Republican"},"startCirca":false,"endCirca":false}],"caucusAffiliation":[{"party":{"name":"Democratic Republican"},"startCirca":false,"endCirca":false}],"represents":{"regionType":"DistrictRegion","regionCode":"PA"}}},{"job":{"name":"Representative","jobType":"CongressMemberJob"},"startDate":"1811-05-04","startCirca":false,"endCirca":false,"congressAffiliation":{"congress":{"name":"The 12th United States Congress","congressNumber":12,"congressType":"USCongress","startDate":"1811-11-04","endDate":"1813-03-03"},"partyAffiliation":[{"party":{"name":"Democratic Republican"},"startCirca":false,"endCirca":false}],"caucusAffiliation":[{"party":{"name":"Democratic Republican"},"startCirca":false,"endCirca":false}],"represents":{"regionType":"DistrictRegion","regionCode":"PA"}}},{"job":{"name":"Representative","jobType":"CongressMemberJob"},"startDate":"1813-03-04","startCirca":false,"endDate":"1813-04-08","endCirca":false,"departureReason":"Died","congressAffiliation":{"congress":{"name":"The 13th United States Congress","congressNumber":13,"congressType":"USCongress","startDate":"1813-05-24","endDate":"1815-03-03"},"departureReason":"Died","partyAffiliation":[{"party":{"name":"Democratic Republican"},"startCirca":false,"endCirca":false}],"caucusAffiliation":[{"party":{"name":"Democratic Republican"},"startCirca":false,"endCirca":false}],"represents":{"regionType":"DistrictRegion","regionCode":"PA"},"note":[{"type":"Note","content":"Died April 8, 1813.","noteType":"FootNote"}]}}],"creativeWork":[{"freeFormCitationText":"Crist, Robert Grant. <i>Robert Whitehill and the Struggle for Civil Rights: A Paper Presented Before the Hamilton Library and Historical Association of Cumberland County, Carlisle, Pa., on March 20, 1958</i>. Lemoyne, Pa.: Lemoyne Trust Co., 1958."}],"researchRecord":[{"name":"In the Whitehill Family Papers, ca. 1762-1829, 4 document cases and part of an oversized box","recordType":["Papers"],"description":"Persons represented include Robert Whitehill.","recordLocation":{"name":"Archives and Library","location":{"addressLocality":"Carlisle","addressRegion":"PA"},"parentRecordLocation":{"name":"Cumberland County Historical Society","location":{"addressLocality":"Carlisle","addressRegion":"PA"}}}}],"deleted":false}}
