{"data":{"usCongressBioId":"W000681","familyName":"Wolford","givenName":"Frank","middleName":"Lane","unaccentedFamilyName":"Wolford","unaccentedGivenName":"Frank","unaccentedMiddleName":"Lane","birthDate":"1817","birthCirca":false,"birthDateUnknown":false,"deathDate":"1895","deathCirca":false,"deathDateUnknown":false,"image":[{"contentUrl":"/bioguide-staging/assets/66d75846f82b0eef2ffd69b2.jpg","caption":"Image courtesy of the Library of Congress","name":"W000681_001"}],"profileText":"A Representative from Kentucky; born near Columbia, Adair County, Ky., September 2, 1817; attended the common schools; studied law; was admitted to the bar and commenced practice in Liberty, Casey County, Ky.; member of the State house of representatives in 1847, 1848, 1865, and 1866; during the Civil War served as colonel of the First Kentucky Volunteer Cavalry 1861-1864; adjutant general of the State of Kentucky in 1867 and 1868; elected as a Democrat to the Forty-eighth and Forty-ninth Congresses (March 4, 1883-March 3, 1887); unsuccessful candidate for reelection in 1886 to the Fiftieth Congress; continued the practice of law in Columbia, Ky., until his death there August 2, 1895; interment in Columbia Cemetery.","relationship":[],"asset":[{"name":"W000681_001","assetType":"Image","contentUrl":"/bioguide-published/assets/66d75846f82b0eef2ffd69b2.jpg","creditLine":"Image courtesy of the Library of Congress","associatedEntity":[],"note":[{"noteType":"ImageNote","content":"https://www.loc.gov/item/2016688349/"}],"usageRight":["Import to Congress.gov"]}],"jobPositions":[{"job":{"name":"Representative","jobType":"CongressMemberJob"},"congressAffiliation":{"congress":{"name":"The 49th United States Congress","congressNumber":49,"congressType":"USCongress","startDate":"1885-03-04","endDate":"1887-03-03"},"partyAffiliation":[{"party":{"name":"Democrat"}}],"caucusAffiliation":[{"party":{"name":"Democrat"}}],"represents":{"regionType":"StateRegion","regionCode":"KY"}}},{"job":{"name":"Representative","jobType":"CongressMemberJob"},"congressAffiliation":{"congress":{"name":"The 48th United States Congress","congressNumber":48,"congressType":"USCongress","startDate":"1883-12-03","endDate":"1885-03-04"},"partyAffiliation":[{"party":{"name":"Democrat"}}],"caucusAffiliation":[{"party":{"name":"Democrat"}}],"represents":{"regionType":"StateRegion","regionCode":"KY"}}}],"creativeWork":[{"freeFormCitationText":"Wolford, Frank Lane. <i>Col. Wolford's letter to President Lincoln</i>. [Liberty, Ky.]: <i>Casey County News</i>, 1966."},{"freeFormCitationText":"------. <i>The tariff. Speech of Hon. Frank L. Wolford, of Kentucky, in the House of Representatives</i>. Washington: [Government Printing Office], 1884."}],"researchRecord":[{"name":"In the Kentucky Adjutant General Records, 1863-1886, 1 cubic foot, and 17 volumes.","recordType":["Papers"],"description":"Subjects include Frank Lane Wolford.","recordLocation":{"name":"Kentucky Military History Museum","location":{"addressLocality":"Frankfort","addressRegion":"KY"},"parentRecordLocation":{"name":"Kentucky Historical Society","location":{"addressLocality":"Frankfort","addressRegion":"KY"}}}}],"deleted":false}}
