{"data":{"usCongressBioId":"W000094","familyName":"Waln","givenName":"Robert","honorificPrefix":"Mr.","unaccentedFamilyName":"Waln","unaccentedGivenName":"Robert","birthDate":"1765-02-22","birthCirca":false,"deathDate":"1836-01-24","deathCirca":false,"profileText":"A Representative from Pennsylvania; born in Philadelphia, Pa., February 22, 1765; received a limited schooling; engaged in mercantile pursuits and in East India and China trade; member of the State legislature for several years; member of the city council of Philadelphia and served as president of the select council; elected as a Federalist to the Fifth Congress to fill the vacancy caused by the death of John Swanwick; reelected to the Sixth Congress and served from December 3, 1798, to March 3, 1801; became interested in the operation of ironworks and during the War of 1812 erected a cotton factory in Trenton; served as president of the Philadelphia Insurance Co. and as a trustee of the University of Pennsylvania; died in Philadelphia, January 24, 1836; interment in Friends' Arch Street Burial Ground.","relationship":[],"asset":[],"jobPositions":[{"job":{"name":"Representative","jobType":"CongressMemberJob"},"startDate":"1797-05-15","startCirca":false,"congressAffiliation":{"congress":{"name":"The 5th United States Congress","congressNumber":5,"congressType":"USCongress","startDate":"1797-03-04","endDate":"1799-03-03"},"partyAffiliation":[{"party":{"name":"Federalist"}}],"caucusAffiliation":[{"party":{"name":"Federalist"}}],"represents":{"regionType":"StateRegion","regionCode":"PA"},"note":[{"type":"Note","noteType":"FootNote","content":"Elected to fill vacancy caused by death of John Swanwick, and took his seat December 3, 1798."}]}},{"job":{"name":"Representative","jobType":"CongressMemberJob"},"startDate":"1799-12-02","startCirca":false,"congressAffiliation":{"congress":{"name":"The 6th United States Congress","congressNumber":6,"congressType":"USCongress","startDate":"1799-12-02","endDate":"1801-03-03"},"partyAffiliation":[{"party":{"name":"Federalist"}}],"caucusAffiliation":[{"party":{"name":"Federalist"}}],"represents":{"regionType":"DistrictRegion","regionCode":"PA"}}}],"creativeWork":[],"researchRecord":[{"name":"In Waln family papers, 1759-1891. ca. 2,000 items, 15 volumes, and 38 boxes.","recordType":["Papers"],"recordLocation":{"name":"Historical Society of Pennsylvania","location":{"addressLocality":"Philadelphia","addressRegion":"PA"}}},{"name":"2 items.","recordType":["Papers"],"recordLocation":{"name":"Boston Public Library","location":{"addressLocality":"Boston","addressRegion":"MA"}}},{"name":"In papers of Robert and Jesse Waln and of Robert Waln, Jr., 1784-ca. 1823. 25 volumes.","recordType":["Papers"],"description":"Letter books and ledgers.","recordLocation":{"name":"Library Company of Philadelphia","location":{"addressLocality":"Philadelphia","addressRegion":"PA"}}}]}}
