{"data":{"usCongressBioId":"W000436","familyName":"Wick","givenName":"William","middleName":"Watson","honorificPrefix":"Mr.","unaccentedFamilyName":"Wick","unaccentedGivenName":"William","unaccentedMiddleName":"Watson","birthDate":"1796-02-23","birthCirca":false,"deathDate":"1868-05-19","deathCirca":false,"profileText":"A Representative from Indiana; born in Canonsburg, Washington County, Pa., February 23, 1796; moved with his parents to Western Reserve in 1800; completed preparatory studies; moved to Cincinnati, Ohio, in 1816; taught school; studied medicine until 1818 and then law; was admitted to the bar in Franklin, Johnson County, Ind., in 1819 and commenced practice in Connersville, Fayette County, Ind., in 1820; clerk of the State house of representatives 1820; assistant clerk of the State senate 1821; president judge of the fifth judicial State circuit 1822-1825; secretary of state 1825-1829; prosecuting attorney of the fifth judicial circuit 1829-1831; again president judge 1834-1837; elected as a Democrat to the Twenty-sixth Congress (March 4, 1839-March 3, 1841); unsuccessful candidate for reelection in 1840 to the Twenty-seventh Congress; resumed the practice of law in Indianapolis; elected to the Twenty-ninth and Thirtieth Congresses (March 4, 1845-March 3, 1849); was not a candidate for renomination; president judge for a third time, serving from 1850 to 1853; postmaster of Indianapolis, Ind., from April 9, 1853, to April 6, 1857; adjutant general in the State militia; moved to Franklin, Ind., in 1857, where he continued the practice of law, and died there May 19, 1868; interment in Greenlawn Cemetery.","relationship":[],"asset":[],"jobPositions":[{"job":{"name":"Representative","jobType":"CongressMemberJob"},"startDate":"1839-03-04","startCirca":false,"congressAffiliation":{"congress":{"name":"The 26th United States Congress","congressNumber":26,"congressType":"USCongress","startDate":"1839-12-02","endDate":"1841-03-03"},"partyAffiliation":[{"party":{"name":"Democrat"}}],"caucusAffiliation":[{"party":{"name":"Democrat"}}],"represents":{"regionType":"DistrictRegion","regionCode":"IN"}}},{"job":{"name":"Representative","jobType":"CongressMemberJob"},"startDate":"1845-03-04","startCirca":false,"congressAffiliation":{"congress":{"name":"The 29th United States Congress","congressNumber":29,"congressType":"USCongress","startDate":"1845-03-04","endDate":"1847-03-03"},"partyAffiliation":[{"party":{"name":"Democrat"}}],"caucusAffiliation":[{"party":{"name":"Democrat"}}],"represents":{"regionType":"DistrictRegion","regionCode":"IN"}}},{"job":{"name":"Representative","jobType":"CongressMemberJob"},"startDate":"1847-03-04","startCirca":false,"congressAffiliation":{"congress":{"name":"The 30th United States Congress","congressNumber":30,"congressType":"USCongress","startDate":"1847-12-06","endDate":"1849-03-03"},"partyAffiliation":[{"party":{"name":"Democrat"}}],"caucusAffiliation":[{"party":{"name":"Democrat"}}],"represents":{"regionType":"DistrictRegion","regionCode":"IN"}}}],"creativeWork":[],"researchRecord":[{"name":"In the William Hayden English Papers, 1741–1928, 103 boxes.","recordType":["Papers"],"description":"The collection contains letters from William W. Wick regarding Indiana politics.","recordLocation":{"name":"Indiana Historical Society","location":{"addressLocality":"Indianapolis","addressRegion":"IN"}}},{"name":"In the William Steele Holman Papers, 1836-1998, amount unknown.","recordType":["Papers"],"description":"Other authors include William W. Wick.","recordLocation":{"name":"Lilly Library","location":{"addressLocality":"Bloomington","addressRegion":"IN"},"parentRecordLocation":{"name":"Indiana University","location":{"addressLocality":"Bloomington","addressRegion":"IN"}}}}]}}
