{"data":{"usCongressBioId":"W000053","familyName":"Walker","givenName":"George","unaccentedFamilyName":"Walker","unaccentedGivenName":"George","birthDate":"1763","birthCirca":false,"deathDate":"1819","deathCirca":false,"profileText":"(Brother of David Walker and great uncle of James David Walker), a Senator from Kentucky; born in Culpeper County, Va., in 1763; attended the common schools; served in the Revolutionary War; moved to Jessamine County, Ky., in 1794; studied law; admitted to the bar and commenced practice in Nicholasville, Ky., in 1799; a commissioner of the Kentucky River Co. in 1801; member, State senate 1810-1814; appointed to the United States Senate to fill the vacancy caused by the resignation of George M. Bibb and served from August 30, 1814, through February 1, 1815, after which an elected successor was qualified and sworn in; died in Nicholasville, Ky., in 1819; interment on his estate near Nicholasville.","relationship":[],"asset":[],"jobPositions":[{"job":{"name":"Senator","jobType":"CongressMemberJob"},"congressAffiliation":{"congress":{"name":"The 13th United States Congress","congressNumber":13,"congressType":"USCongress","startDate":"1813-05-24","endDate":"1815-03-03"},"partyAffiliation":[{"party":{"name":"Democratic Republican"}}],"caucusAffiliation":[{"party":{"name":"Republican"}}],"represents":{"regionType":"StateRegion","regionCode":"KY"}},"endCirca":false,"endDate":"1815-02-01","startCirca":false,"startDate":"1814-08-30"}],"creativeWork":[],"researchRecord":[{"name":"1787-ca. 1822. 19 items.","recordType":["Papers"],"recordLocation":{"name":"Manuscript Division","location":{"addressLocality":"Washington","addressRegion":"DC"},"parentRecordLocation":{"name":"Library of Congress","location":{"addressLocality":"Washington","addressRegion":"DC"}}}},{"name":"1799. 1 item.","recordType":["Papers"],"recordLocation":{"name":"Special Collections and Archives","location":{"addressLocality":"Lexington","addressRegion":"KY"},"parentRecordLocation":{"name":"University of Kentucky Libraries","url":"http://www.uky.edu/Libraries/Special/mpa","location":{"addressLocality":"Lexington","addressRegion":"KY"}}}}]}}
