{"data":{"usCongressBioId":"W000755","familyName":"Wright","givenName":"Augustus","middleName":"Romaldus","honorificPrefix":"Mr.","unaccentedFamilyName":"Wright","unaccentedGivenName":"Augustus","unaccentedMiddleName":"Romaldus","birthDate":"1813-06-16","birthCirca":false,"deathDate":"1891-05-31","deathCirca":false,"profileText":"A Representative from Georgia; born in Wrightsboro, Ga., June 16, 1813; attended the public schools at Appling, Ga., the grammar school, Franklin College, and the University of Georgia at Athens; studied law at Litchfield (Conn.) Law School; was admitted to the bar in 1835 and commenced practice in Crawfordville, Ga., moving the following year to Cassville; served as judge of the superior courts of the Cherokee circuit from 1842 until he resigned in 1849 to resume the practice of law; moved to Rome, Ga., in 1855 and continued the practice of law; elected as a Democrat to the Thirty-fifth Congress (March 4, 1857-March 3, 1859); delegate to Georgia Secession Convention (opposing secession) and to the Confederate Secession Convention; offered provisional governorship of Georgia by President Lincoln, but declined; served as a member of the Confederate Congress; during the Civil War organized Wright's Legion, which was mustered in with the Thirty-eighth Georgia Infantry; after the Civil War resumed the practice of law at Rome, Ga.; member of the Georgia Constitutional Convention of 1877; died March 31, 1891, at his home ``Glenwood,'' later a part of the Berry School, near Rome, Ga.; interment in Myrtle Hill Cemetery.","relationship":[],"asset":[],"jobPositions":[{"job":{"name":"Representative","jobType":"CongressMemberJob"},"startDate":"1857-03-04","startCirca":false,"congressAffiliation":{"congress":{"name":"The 35th United States Congress","congressNumber":35,"congressType":"USCongress","startDate":"1857-03-04","endDate":"1859-03-03"},"partyAffiliation":[{"party":{"name":"Democrat"}}],"caucusAffiliation":[{"party":{"name":"Democrat"}}],"represents":{"regionType":"DistrictRegion","regionCode":"GA"}}}],"creativeWork":[],"researchRecord":[{"name":"In File II Names.","recordType":["Papers"],"description":"File is primarily incoming correspondence to the Governor of Georgia. Finding aid in repository.","recordLocation":{"name":"Georgia Department of Archives and History","location":{"addressLocality":"Atlanta","addressRegion":"GA"}}},{"name":"In the Beulah Shropshire Moseley Family Papers, 1784-1943, 300 items.","recordType":["Papers"],"description":"Persons represented include Augustus Wright.","recordLocation":{"name":"Manuscript Division","location":{"addressLocality":"Washington","addressRegion":"DC"},"parentRecordLocation":{"name":"Library of Congress","location":{"addressLocality":"Washington","addressRegion":"DC"}}}}]}}
