{"data":{"usCongressBioId":"W000598","familyName":"Wilson","givenName":"John","honorificPrefix":"Mr.","unaccentedFamilyName":"Wilson","unaccentedGivenName":"John","birthDate":"1777-01-10","birthCirca":false,"birthDateUnknown":false,"deathDate":"1848-08-09","deathCirca":false,"deathDateUnknown":false,"profileText":"a Representative from Massachusetts; born in Peterboro, N.H., January 10, 1777; graduated from Harvard University in 1799; studied law; admitted to the bar in 1802 at Peterboro, N.H., and commenced practice in Belfast, Maine (then a district of Massachusetts); served as a captain in the State militia; elected as a Federalist to the Thirteenth Congress (March 4, 1813-March 3, 1815); unsuccessful candidate for reelection in 1814 to the Fourteenth Congress; resumed the practice of his profession in Belfast; elected as a Federalist to the Fifteenth Congress (March 4, 1817-March 3, 1819); unsuccessful candidate for renomination in 1818; engaged in the practice of law until his death in Belfast, Maine, August 9, 1848; interment in Grove Cemetery.","relationship":[],"asset":[],"jobPositions":[{"job":{"name":"Representative","jobType":"CongressMemberJob"},"startDate":"1813-05-24","startCirca":false,"congressAffiliation":{"congress":{"name":"The 13th United States Congress","congressNumber":13,"congressType":"USCongress","startDate":"1813-05-24","endDate":"1815-03-03"},"partyAffiliation":[{"party":{"name":"Federalist"}}],"caucusAffiliation":[{"party":{"name":"Federalist"}}],"represents":{"regionType":"StateRegion","regionCode":"MA"},"note":[{"type":"Note","noteType":"FootNote","content":"Represented 5th Eastern district."}]}},{"job":{"name":"Representative","jobType":"CongressMemberJob"},"startDate":"1817-12-01","startCirca":false,"congressAffiliation":{"congress":{"name":"The 15th United States Congress","congressNumber":15,"congressType":"USCongress","startDate":"1817-03-04","endDate":"1819-03-03"},"partyAffiliation":[{"party":{"name":"Federalist"}}],"caucusAffiliation":[{"party":{"name":"Federalist"}}],"represents":{"regionType":"StateRegion","regionCode":"MA"},"note":[{"type":"Note","noteType":"FootNote","content":"Represented 4th Eastern district."}]}}],"creativeWork":[],"researchRecord":[],"deleted":false}}
