{"data":{"usCongressBioId":"W000293","familyName":"Wendover","givenName":"Peter","middleName":"Hercules","honorificPrefix":"Mr.","unaccentedFamilyName":"Wendover","unaccentedGivenName":"Peter","unaccentedMiddleName":"Hercules","birthDate":"1768-08-01","birthCirca":false,"birthDateUnknown":false,"deathDate":"1834-08-24","deathCirca":false,"deathDateUnknown":false,"profileText":"A Representative from New York; born in New York City August 1, 1768; received a liberal schooling; held several local offices; member of the volunteer fire department of New York City in 1796; delegate to the State constitutional conventions in 1801 and 1821; member of the State assembly in 1804; elected as a Democratic Republican to the Fourteenth, Fifteenth, and Sixteenth Congresses (March 4, 1815-March 3, 1821); sheriff of New York County 1822-1825; died in New York City September 24, 1834; interment in the Dutch Reformed Church Cemetery.","relationship":[],"asset":[],"jobPositions":[{"job":{"name":"Representative","jobType":"CongressMemberJob"},"startDate":"1815-12-04","startCirca":false,"endCirca":false,"congressAffiliation":{"congress":{"name":"The 14th United States Congress","congressNumber":14,"congressType":"USCongress","startDate":"1815-12-04","endDate":"1817-03-03"},"partyAffiliation":[{"party":{"name":"Democratic Republican"},"startCirca":false,"endCirca":false}],"caucusAffiliation":[{"party":{"name":"Democratic Republican"},"startCirca":false,"endCirca":false}],"represents":{"regionType":"DistrictRegion","regionCode":"NY"},"note":[{"type":"Note","content":"One of two elected to represent 2nd district.","noteType":"FootNote"}]}},{"job":{"name":"Representative","jobType":"CongressMemberJob"},"startDate":"1817-12-01","startCirca":false,"endCirca":false,"congressAffiliation":{"congress":{"name":"The 15th United States Congress","congressNumber":15,"congressType":"USCongress","startDate":"1817-03-04","endDate":"1819-03-03"},"partyAffiliation":[{"party":{"name":"Democratic Republican"},"startCirca":false,"endCirca":false}],"caucusAffiliation":[{"party":{"name":"Democratic Republican"},"startCirca":false,"endCirca":false}],"represents":{"regionType":"DistrictRegion","regionCode":"NY"},"note":[{"type":"Note","content":"One of two elected to represent the 2nd district.","noteType":"FootNote"}]}},{"job":{"name":"Representative","jobType":"CongressMemberJob"},"startDate":"1819-12-06","startCirca":false,"endCirca":false,"congressAffiliation":{"congress":{"name":"The 16th United States Congress","congressNumber":16,"congressType":"USCongress","startDate":"1819-12-06","endDate":"1821-03-03"},"partyAffiliation":[{"party":{"name":"Democratic Republican"},"startCirca":false,"endCirca":false}],"caucusAffiliation":[{"party":{"name":"Democratic Republican"},"startCirca":false,"endCirca":false}],"represents":{"regionType":"DistrictRegion","regionCode":"NY"}}}],"creativeWork":[],"researchRecord":[{"name":"In the Samuel Chester Reid Family Papers, 1807-1963, 4.2 linear feet.","recordType":["Papers"],"description":"The papers document the role of Peter Wendover and Captain Reid in redesigning the American flag.","recordLocation":{"name":"Manuscript Division","location":{"addressLocality":"Washington","addressRegion":"DC"},"parentRecordLocation":{"name":"Library of Congress","location":{"addressLocality":"Washington","addressRegion":"DC"}}}},{"name":"January 29 and March 28, 1821. 2 letters.","recordType":["Papers"],"description":"Finding aid in repository.","recordLocation":{"name":"New-York Historical Society","location":{"addressLocality":"New York","addressRegion":"NY"}}}],"deleted":false}}
