{"data":{"usCongressBioId":"W000637","familyName":"Winn","givenName":"Richard","honorificPrefix":"Mr.","unaccentedFamilyName":"Winn","unaccentedGivenName":"Richard","birthDate":"1750","birthCirca":false,"birthDateUnknown":false,"deathDate":"1818-12-19","deathCirca":false,"deathDateUnknown":false,"profileText":"a Representative from South Carolina; born in Fauquier County, Va., in 1750; attended the common schools; moved to Georgia and then to Fairfield County in South Carolina in 1768; served as a clerk in a countinghouse; engaged in cotton buying and other mercantile pursuits, and was a land surveyor; entered the Revolutionary Army as a lieutenant and attained the rank of colonel of the South Carolina state militia; after the war was promoted to the rank of major general of militia; member, South Carolina state assembly, 1779-1786; appointed superintendent of Indian affairs for the Creek Nation in 1788; elected as an Anti-Administration candidate to the Third Congress and reelected as a Democratic Republican to the Fourth Congress (March 4, 1793-March 3, 1797); elected as a Democratic Republican to the Seventh Congress to fill the vacancy caused by the resignation of Thomas Sumter, and reelected to the Eighth and to the four succeeding Congresses (January 24, 1803, to March 3, 1813); moved to Tennessee in 1813; became a planter, and continued in the mercantile business until his death on his plantation at Duck River, Maury County, Tenn., December 19, 1818; interment at Winnsboro, Fairfield County, S.C.","relationship":[],"asset":[],"jobPositions":[{"job":{"name":"Representative","jobType":"CongressMemberJob"},"startDate":"1793-12-02","startCirca":false,"endCirca":false,"congressAffiliation":{"congress":{"name":"The 3rd United States Congress","congressNumber":3,"congressType":"USCongress","startDate":"1793-03-04","endDate":"1795-03-03"},"partyAffiliation":[{"party":{"name":"Anti-Administration"},"startCirca":false,"endCirca":false}],"caucusAffiliation":[{"party":{"name":"Anti-Administration"},"startCirca":false,"endCirca":false}],"represents":{"regionType":"DistrictRegion","regionCode":"SC"}}},{"job":{"name":"Representative","jobType":"CongressMemberJob"},"startDate":"1795-12-07","startCirca":false,"endCirca":false,"congressAffiliation":{"congress":{"name":"The 4th United States Congress","congressNumber":4,"congressType":"USCongress","startDate":"1795-06-08","endDate":"1797-03-03"},"partyAffiliation":[{"party":{"name":"Democratic Republican"},"startCirca":false,"endCirca":false}],"caucusAffiliation":[{"party":{"name":"Democratic Republican"},"startCirca":false,"endCirca":false}],"represents":{"regionType":"DistrictRegion","regionCode":"SC"}}},{"job":{"name":"Representative","jobType":"CongressMemberJob"},"startDate":"1801-12-07","startCirca":false,"endCirca":false,"congressAffiliation":{"congress":{"name":"The 7th United States Congress","congressNumber":7,"congressType":"USCongress","startDate":"1801-03-04","endDate":"1803-03-03"},"partyAffiliation":[{"party":{"name":"Democratic Republican"},"startCirca":false,"endCirca":false}],"caucusAffiliation":[{"party":{"name":"Democratic Republican"},"startCirca":false,"endCirca":false}],"represents":{"regionType":"DistrictRegion","regionCode":"SC"},"note":[{"type":"Note","content":"Elected to fill vacancy caused by the resignation of Thomas Sumter, and took his seat January 24, 1803.","noteType":"FootNote"}]}},{"job":{"name":"Representative","jobType":"CongressMemberJob"},"startDate":"1803-10-17","startCirca":false,"endCirca":false,"congressAffiliation":{"congress":{"name":"The 8th United States Congress","congressNumber":8,"congressType":"USCongress","startDate":"1803-10-17","endDate":"1805-03-03"},"partyAffiliation":[{"party":{"name":"Democratic Republican"},"startCirca":false,"endCirca":false}],"caucusAffiliation":[{"party":{"name":"Democratic Republican"},"startCirca":false,"endCirca":false}],"represents":{"regionType":"DistrictRegion","regionCode":"SC"}}},{"job":{"name":"Representative","jobType":"CongressMemberJob"},"startDate":"1805-12-02","startCirca":false,"endCirca":false,"congressAffiliation":{"congress":{"name":"The 9th United States Congress","congressNumber":9,"congressType":"USCongress","startDate":"1805-12-02","endDate":"1807-03-03"},"partyAffiliation":[{"party":{"name":"Democratic Republican"},"startCirca":false,"endCirca":false}],"caucusAffiliation":[{"party":{"name":"Democratic Republican"},"startCirca":false,"endCirca":false}],"represents":{"regionType":"DistrictRegion","regionCode":"SC"}}},{"job":{"name":"Representative","jobType":"CongressMemberJob"},"startDate":"1807-10-26","startCirca":false,"endCirca":false,"congressAffiliation":{"congress":{"name":"The 10th United States Congress","congressNumber":10,"congressType":"USCongress","startDate":"1807-10-26","endDate":"1809-03-03"},"partyAffiliation":[{"party":{"name":"Democratic Republican"},"startCirca":false,"endCirca":false}],"caucusAffiliation":[{"party":{"name":"Democratic Republican"},"startCirca":false,"endCirca":false}],"represents":{"regionType":"DistrictRegion","regionCode":"SC"}}},{"job":{"name":"Representative","jobType":"CongressMemberJob"},"startDate":"1809-05-22","startCirca":false,"endCirca":false,"congressAffiliation":{"congress":{"name":"The 11th United States Congress","congressNumber":11,"congressType":"USCongress","startDate":"1809-03-04","endDate":"1811-03-03"},"partyAffiliation":[{"party":{"name":"Democratic Republican"},"startCirca":false,"endCirca":false}],"caucusAffiliation":[{"party":{"name":"Democratic Republican"},"startCirca":false,"endCirca":false}],"represents":{"regionType":"DistrictRegion","regionCode":"SC"}}},{"job":{"name":"Representative","jobType":"CongressMemberJob"},"startDate":"1811-11-02","startCirca":false,"endCirca":false,"congressAffiliation":{"congress":{"name":"The 12th United States Congress","congressNumber":12,"congressType":"USCongress","startDate":"1811-11-04","endDate":"1813-03-03"},"partyAffiliation":[{"party":{"name":"Democratic Republican"},"startCirca":false,"endCirca":false}],"caucusAffiliation":[{"party":{"name":"Democratic Republican"},"startCirca":false,"endCirca":false}],"represents":{"regionType":"DistrictRegion","regionCode":"SC"}}}],"creativeWork":[],"researchRecord":[{"name":"In the Draper Manuscripts: Georgia, Alabama, and South Carolina Papers, 1782-1878, 0.2 cubic foot (1 volume).","recordType":["Papers"],"description":"Correspondents include Richard Winn.","recordLocation":{"name":"Archives Division","location":{"addressLocality":"Madison","addressRegion":"WI"},"parentRecordLocation":{"name":"Wisconsin Historical Society","location":{"addressLocality":"Madison","addressRegion":"WI"}}}}],"deleted":false}}
