{"data":{"usCongressBioId":"W000704","familyName":"Wood","givenName":"Thomas","middleName":"Jefferson","unaccentedFamilyName":"Wood","unaccentedGivenName":"Thomas","unaccentedMiddleName":"Jefferson","birthDate":"1844","birthCirca":false,"deathDate":"1908","deathCirca":false,"profileText":"A Representative from Indiana; born in Athens County, Ohio, September 30, 1844; moved with his parents to Vigo County, Ind., in 1853; attended the common schools; taught school two years; studied law in Terre Haute, Ind., and was graduated from the law department of the University of Michigan at Ann Arbor in 1867; moved to Crown Point, Lake County, Ind., in November 1867 and practiced law; corporation treasurer 1870-1872; prosecuting attorney of Lake County 1872-1876; member of the State senate 1878-1882; elected as a Democrat to the Forty-eighth Congress (March 4, 1883-March 3, 1885); unsuccessful candidate for reelection; resumed the practice of law; died in Crown Point, Ind., October 13, 1908; interment in Maplewood Cemetery.","relationship":[],"asset":[],"jobPositions":[{"job":{"name":"Representative","jobType":"CongressMemberJob"},"congressAffiliation":{"congress":{"name":"The 48th United States Congress","congressNumber":48,"congressType":"USCongress","startDate":"1883-12-03","endDate":"1885-03-04"},"partyAffiliation":[{"party":{"name":"Democrat"}}],"caucusAffiliation":[{"party":{"name":"Democrat"}}],"represents":{"regionType":"StateRegion","regionCode":"IN"}}}],"creativeWork":[],"researchRecord":[]}}
