{"data":{"usCongressBioId":"W000150","familyName":"Warfield","givenName":"Henry","middleName":"Ridgely","honorificPrefix":"Mr.","unaccentedFamilyName":"Warfield","unaccentedGivenName":"Henry","unaccentedMiddleName":"Ridgely","birthDate":"1774-09-14","birthCirca":false,"birthDateUnknown":false,"deathDate":"1839-03-18","deathCirca":false,"deathDateUnknown":false,"profileText":"a Representative from Maryland; born in Anne Arundel County, Md., September 14, 1774; completed preparatory studies; held several local offices; settled in Frederick, Md.; elected as a Federalist to the Sixteenth and to the succeeding Congress; elected as an Adams-Clay Federalist to the Eighteenth Congress (March 4, 1819-March 3, 1825); died in Frederick, Md., March 18, 1839; interment at Mount Olivet Cemetery, Frederick, Md.","relationship":[],"asset":[],"jobPositions":[{"job":{"name":"Representative","jobType":"CongressMemberJob"},"startDate":"1821-12-03","startCirca":false,"endCirca":false,"congressAffiliation":{"congress":{"name":"The 17th United States Congress","congressNumber":17,"congressType":"USCongress","startDate":"1821-12-03","endDate":"1823-03-03"},"partyAffiliation":[{"party":{"name":"Federalist"},"startCirca":false,"endCirca":false}],"caucusAffiliation":[{"party":{"name":"Federalist"},"startCirca":false,"endCirca":false}],"represents":{"regionType":"DistrictRegion","regionCode":"MD"}}},{"job":{"name":"Representative","jobType":"CongressMemberJob"},"startDate":"1823-12-01","startCirca":false,"endCirca":false,"congressAffiliation":{"congress":{"name":"The 18th United States Congress","congressNumber":18,"congressType":"USCongress","startDate":"1823-12-01","endDate":"1825-03-03"},"partyAffiliation":[{"party":{"name":"Adams-Clay Federalist"},"startCirca":false,"endCirca":false}],"caucusAffiliation":[{"party":{"name":"Adams-Clay Federalist"},"startCirca":false,"endCirca":false}],"represents":{"regionType":"DistrictRegion","regionCode":"MD"}}},{"job":{"name":"Representative","jobType":"CongressMemberJob"},"startDate":"1819-12-06","startCirca":false,"congressAffiliation":{"congress":{"name":"The 16th United States Congress","congressNumber":16,"congressType":"USCongress","startDate":"1819-12-06","endDate":"1821-03-03"},"partyAffiliation":[{"party":{"name":"Federalist"}}],"caucusAffiliation":[{"party":{"name":"Federalist"}}],"represents":{"regionType":"DistrictRegion","regionCode":"MD"}}}],"creativeWork":[],"researchRecord":[{"name":"1830, 1 letter.","recordType":["Papers"],"description":"A letter from Henry R. Warfield to Daniel Webster written on February 19, 1830. In the letter, Henry Warfield writes that Mr. Foote's resolution has generated much interest. Mentions other people and events in the political scene.","recordLocation":{"name":"Rauner Special Collections Library","location":{"addressLocality":"Hanover","addressRegion":"NH"},"parentRecordLocation":{"name":"Dartmouth University","location":{"addressLocality":"Hanover","addressRegion":"NH"}}}}],"deleted":false}}
