{"data":{"usCongressBioId":"W000041","familyName":"Waldron","givenName":"Henry","honorificPrefix":"Mr.","unaccentedFamilyName":"Waldron","unaccentedGivenName":"Henry","birthDate":"1819-10-11","birthCirca":false,"birthDateUnknown":false,"deathDate":"1880-09-13","deathCirca":false,"deathDateUnknown":false,"profileText":"A Representative from Michigan; born in Albany, N.Y., October 11, 1819; attended Albany Academy, and was graduated from Rutgers College, New Brunswick, N.J., in 1836; moved to Michigan in 1837 and was employed as a civil engineer in railroad work; settled in Hillsdale, Mich., in 1839; member of the State legislature in 1843; a director of the Michigan Southern Railroad 1846-1848; active in promoting the construction of the Detroit, Hillsdale &amp; Southwestern Railroad and served as its first president; president of the Second National Bank of Hillsdale from the date of its organization until 1876; presidential elector on the Whig ticket in 1848; elected as an Opposition candidate to the Thirty-fourth Congress and reelected as a Republican to the Thirty-fifth and Thirty-sixth Congresses (March 4, 1855-March 3, 1861); chairman, Committee on Expenditures in the Department of the Treasury (Thirty-fourth Congress); was not a candidate for renomination in 1860; elected to the Forty-second, Forty-third, and Forty-fourth Congresses (March 4, 1871-March 3, 1877); chairman, Committee on Mines and Mining (Forty-second Congress); declined to be a candidate for renomination in 1876; elected president of the First National Bank of Hillsdale in 1876 and served until his death in Hillsdale, Hillsdale County, Mich., September 13, 1880; interment in Oak Grove Cemetery.","relationship":[],"asset":[],"jobPositions":[{"job":{"name":"Representative","jobType":"CongressMemberJob"},"startDate":"1855-03-04","startCirca":false,"endCirca":false,"congressAffiliation":{"congress":{"name":"The 34th United States Congress","congressNumber":34,"congressType":"USCongress","startDate":"1855-12-03","endDate":"1857-03-03"},"partyAffiliation":[{"party":{"name":"Opposition"},"startCirca":false,"endCirca":false}],"represents":{"regionType":"DistrictRegion","regionCode":"MI"}}},{"job":{"name":"Representative","jobType":"CongressMemberJob"},"startDate":"1857-03-04","startCirca":false,"congressAffiliation":{"congress":{"name":"The 35th United States Congress","congressNumber":35,"congressType":"USCongress","startDate":"1857-03-04","endDate":"1859-03-03"},"partyAffiliation":[{"party":{"name":"Republican"}}],"caucusAffiliation":[{"party":{"name":"Republican"}}],"represents":{"regionType":"DistrictRegion","regionCode":"MI"}}},{"job":{"name":"Representative","jobType":"CongressMemberJob"},"startDate":"1859-03-04","startCirca":false,"congressAffiliation":{"congress":{"name":"The 36th United States Congress","congressNumber":36,"congressType":"USCongress","startDate":"1859-03-04","endDate":"1861-03-03"},"partyAffiliation":[{"party":{"name":"Republican"}}],"caucusAffiliation":[{"party":{"name":"Republican"}}],"represents":{"regionType":"DistrictRegion","regionCode":"MI"}}},{"job":{"name":"Representative","jobType":"CongressMemberJob"},"congressAffiliation":{"congress":{"name":"The 42nd United States Congress","congressNumber":42,"congressType":"USCongress","startDate":"1871-03-04","endDate":"1873-03-03"},"partyAffiliation":[{"party":{"name":"Republican"}}],"caucusAffiliation":[{"party":{"name":"Republican"}}],"represents":{"regionType":"StateRegion","regionCode":"MI"}}},{"job":{"name":"Representative","jobType":"CongressMemberJob"},"congressAffiliation":{"congress":{"name":"The 43rd United States Congress","congressNumber":43,"congressType":"USCongress","startDate":"1873-03-04","endDate":"1875-03-03"},"partyAffiliation":[{"party":{"name":"Republican"}}],"caucusAffiliation":[{"party":{"name":"Republican"}}],"represents":{"regionType":"StateRegion","regionCode":"MI"}}},{"job":{"name":"Representative","jobType":"CongressMemberJob"},"congressAffiliation":{"congress":{"name":"The 44th United States Congress","congressNumber":44,"congressType":"USCongress","startDate":"1875-03-05","endDate":"1877-03-04"},"partyAffiliation":[{"party":{"name":"Republican"}}],"caucusAffiliation":[{"party":{"name":"Republican"}}],"represents":{"regionType":"StateRegion","regionCode":"MI"}}}],"creativeWork":[{"freeFormCitationText":"Waldron, Henry. <i>Kansas affairs: Speech of Hon. Henry Waldron, of Michigan, in the House of Representatives, April 8, 1856: In Committee of the Whole on the State of the Union</i>. Washington, D.C.: Buell &amp; Blanchard, printers, [1856?]"},{"freeFormCitationText":"------. <i>Modern Democracy against the Union, the Constitution, the policy of our fathers, and the rights of free labor</i>. [Washington: Republican Executive Congressional Committee, 1860]."}],"researchRecord":[{"name":"1838, 1 volume.","recordType":["Papers"],"description":"A surveyor's notebook of Henry Waldron documenting the route of the Lake Shore and Michigan Southern Railroad between Adrian and Hillsdale, Michigan.","recordLocation":{"name":"Michigan Historical Collections, Bentley Historical Library","location":{"addressLocality":"Ann Arbor","addressRegion":"MI"},"parentRecordLocation":{"name":"University of Michigan","location":{"addressLocality":"Ann Arbor","addressRegion":"MI"}}}},{"name":"In the Rice Aner Beal Papers, 1843-1883, 4 linear feet.","recordType":["Papers"],"description":"Correspondents include Henry Waldron. A finding aid for the papers is available in the library.","recordLocation":{"name":"Michigan Historical Collections, Bentley Historical Library","location":{"addressLocality":"Ann Arbor","addressRegion":"MI"},"parentRecordLocation":{"name":"University of Michigan","location":{"addressLocality":"Ann Arbor","addressRegion":"MI"}}}},{"name":"In the Francis Reuben Stebbins Papers, 1856-1896, 15 items.","recordType":["Papers"],"description":"Correspondents include Henry Waldron.","recordLocation":{"name":"Michigan Historical Collections, Bentley Historical Library","location":{"addressLocality":"Ann Arbor","addressRegion":"MI"},"parentRecordLocation":{"name":"University of Michigan","location":{"addressLocality":"Ann Arbor","addressRegion":"MI"}}}},{"name":"1832-1881, 0.66 cubic foot.","recordType":["Papers"],"description":"The papers of Henry Waldron include correspondence, speeches, and financial statements. Much of the collection documents Hillsdale County, Michigan. A finding aid for the papers is available in the repository and online.","recordLocation":{"name":"University Archives and Historical Collections","location":{"addressLocality":"East Lansing","addressRegion":"MI"},"parentRecordLocation":{"name":"Michigan State University","location":{"addressLocality":"East Lansing","addressRegion":"MI"}}}},{"name":"1873, 1 item.","recordType":["Papers"],"description":"A letter from Henry Waldron to the Collector of the Port of New York, [New York], written on January 18, 1873. In the letter, Henry Waldron writes a letter of recommendation for Hamilton Reeve.","recordLocation":{"name":"William E. Barton Collection of Lincolniana","location":{"addressLocality":"Chicago","addressRegion":"IL"},"parentRecordLocation":{"name":"University of Chicago","location":{"addressLocality":"Chicago","addressRegion":"IL"}}}}],"deleted":false}}
