{"data":{"usCongressBioId":"W000590","familyName":"Wilson","givenName":"James","unaccentedFamilyName":"Wilson","unaccentedGivenName":"James","birthDate":"1835","birthCirca":false,"birthDateUnknown":false,"deathDate":"1920","deathCirca":false,"deathDateUnknown":false,"image":[{"contentUrl":"/bioguide-staging/assets/66d75637f82b0eef2ffd698e.jpg","caption":"Image courtesy of the Library of Congress","name":"W000590_001"}],"profileText":"A Representative from Iowa; born on a farm in Ayrshire, Scotland, August 16, 1835; immigrated to the United States in 1852 with his parents, who settled in Norwich, Conn.; moved to Iowa in 1855 and located in Traer, Tama County; attended the public schools and Grinnell (Iowa) College; engaged in agricultural pursuits; taught school; member of the Iowa state house of representatives, 1868-1873, serving as speaker,1872-1873; regent of Iowa State university 1870-1874; elected as a Republican to the Forty-third and Forty-fourth Congresses (March 4, 1873-March 3, 1877); member of the Iowa Railway Commission 1878-1883; presented credentials as a Member-elect to the Forty-eighth Congress and served from March 4, 1883, until the closing day, March 3, 1885, when he was succeeded by Benjamin T. Frederick, who contested his election; director of the agricultural experiment station and professor of agriculture in the Iowa Agricultural College at Ames, 1891-1897; Secretary of Agriculture in the Cabinets of Presidents McKinley, Roosevelt, and Taft, and served from March 5, 1897, to March 3, 1913; editor of the Agricultural Digest; died in Traer, Iowa, August 26, 1920; interment in Buckingham Cemetery.","relationship":[],"asset":[{"name":"W000590_001","assetType":"Image","contentUrl":"/bioguide-published/assets/66d75637f82b0eef2ffd698e.jpg","creditLine":"Image courtesy of the Library of Congress","associatedEntity":[],"note":[{"noteType":"ImageNote","content":"https://www.loc.gov/pictures/item/2002736529/"}],"usageRight":["Import to Congress.gov"]}],"jobPositions":[{"job":{"name":"Representative","jobType":"CongressMemberJob"},"congressAffiliation":{"congress":{"name":"The 48th United States Congress","congressNumber":48,"congressType":"USCongress","startDate":"1883-12-03","endDate":"1885-03-04"},"partyAffiliation":[{"party":{"name":"Republican"}}],"caucusAffiliation":[{"party":{"name":"Republican"}}],"represents":{"regionType":"StateRegion","regionCode":"IA"}}},{"job":{"name":"Representative","jobType":"CongressMemberJob"},"congressAffiliation":{"congress":{"name":"The 43rd United States Congress","congressNumber":43,"congressType":"USCongress","startDate":"1873-03-04","endDate":"1875-03-03"},"partyAffiliation":[{"party":{"name":"Republican"}}],"caucusAffiliation":[{"party":{"name":"Republican"}}],"represents":{"regionType":"StateRegion","regionCode":"IA"}}},{"job":{"name":"Representative","jobType":"CongressMemberJob"},"congressAffiliation":{"congress":{"name":"The 44th United States Congress","congressNumber":44,"congressType":"USCongress","startDate":"1875-03-05","endDate":"1877-03-04"},"partyAffiliation":[{"party":{"name":"Republican"}}],"caucusAffiliation":[{"party":{"name":"Republican"}}],"represents":{"regionType":"StateRegion","regionCode":"IA"}}}],"creativeWork":[{"freeFormCitationText":"Wilcox, Earley Vernon. <i>Tama Jim.</i> Boston: The Stratford Co., 1930."},{"freeFormCitationText":"\"Source Material of Iowa History: The Appointment of James Wilson as Secretary of Agriculture.\" <i>Iowa Journal of History</i> 56 (January 1958): 77-88."}],"researchRecord":[{"name":"In the Elihu Root Papers, ca. 1863-1937, 87 linear feet.","recordType":["Papers"],"description":"Correspondents include James Wilson.","recordLocation":{"name":"Manuscript Division","location":{"addressLocality":"Washington","addressRegion":"DC"},"parentRecordLocation":{"name":"Library of Congress","location":{"addressLocality":"Washington","addressRegion":"DC"}}}},{"name":"In the William H. Taft papers, 1784-1973, 902.5 linear feet.","recordType":["Papers"],"description":"Correspondents include James Wilson.","recordLocation":{"name":"Manuscript Division","location":{"addressLocality":"Washington","addressRegion":"DC"},"parentRecordLocation":{"name":"Library of Congress","location":{"addressLocality":"Washington","addressRegion":"DC"}}}},{"name":"In the James R. Mann Papers, 1887-1922, 5.8 linear feet.","recordType":["Papers"],"description":"Correspondents include James Wilson.","recordLocation":{"name":"Manuscript Division","location":{"addressLocality":"Washington","addressRegion":"DC"},"parentRecordLocation":{"name":"Library of Congress","location":{"addressLocality":"Washington","addressRegion":"DC"}}}},{"name":"In the William McKinley Papers, ca. 1847-1935, 56 linear feet.","recordType":["Papers"],"description":"Correspondents include James Wilson.","recordLocation":{"name":"Manuscript Division","location":{"addressLocality":"Washington","addressRegion":"DC"},"parentRecordLocation":{"name":"Library of Congress","location":{"addressLocality":"Washington","addressRegion":"DC"}}}},{"name":"In the Abraham Lincoln Collection of Papers , 1861-1865, 1 portfolio, 2 oversize folders.","recordType":["Papers"],"description":"The papers include petitions for appointments from James Wilson.","recordLocation":{"name":"Bancroft Library","location":{"addressLocality":"Berkeley","addressRegion":"CA"},"parentRecordLocation":{"name":"University of California","location":{"addressLocality":"Berkeley","addressRegion":"CA"}}}},{"name":"1887-1976, 5.8 linear feet.","recordType":["Papers"],"description":"The James Wilson Collection contains biographical material, newspaper clippings, correspondence, transcripts of interviews, genealogies, photographs, scrapbooks, and addresses. Correspondents include: L.H. Pammel, Charles E. Friley, and G.H. Hicks. A typescript copy of the 1913 report\"Agricultural conditions in Great Britain and Ireland\" is also included. An unpublished finding aid is available in the repository.","recordLocation":{"name":"Iowa State University Archives","location":{"addressLocality":"Ames","addressRegion":"IA"}}},{"name":"In the William Rufus Shafter correspondence, 1898-1901, 4 folders in portfolio.","recordType":["Papers"],"description":"Other authors include James Wilson.","recordLocation":{"name":"Bancroft Library","location":{"addressLocality":"Berkeley","addressRegion":"CA"},"parentRecordLocation":{"name":"University of California","location":{"addressLocality":"Berkeley","addressRegion":"CA"}}}}],"deleted":false}}
