{"data":{"usCongressBioId":"W000266","familyName":"Welch","givenName":"William","middleName":"Wickham","honorificPrefix":"Mr.","unaccentedFamilyName":"Welch","unaccentedGivenName":"William","unaccentedMiddleName":"Wickham","birthDate":"1818-12-10","birthCirca":false,"birthDateUnknown":false,"deathDate":"1892-07-30","deathCirca":false,"deathDateUnknown":false,"profileText":"A Representative from Connecticut; born in Norfolk, Litchfield County, Conn., December 10, 1818; studied medicine; was graduated from the medical department of Yale College in 1839 and commenced practice in Norfolk; member of the State house of representatives 1848-1850; served in the State senate in 1851 and 1852; elected as an American to the Thirty-fourth Congress (March 4, 1855-March 3, 1857); resumed the practice of his profession; again a member of the State house of representatives in 1869 and 1881; died in Norfolk, Conn., July 30, 1892; interment in Center Cemetery.","relationship":[],"asset":[],"jobPositions":[{"job":{"name":"Representative","jobType":"CongressMemberJob"},"startDate":"1855-03-04","startCirca":false,"endCirca":false,"congressAffiliation":{"congress":{"name":"The 34th United States Congress","congressNumber":34,"congressType":"USCongress","startDate":"1855-12-03","endDate":"1857-03-03"},"partyAffiliation":[{"party":{"name":"American"},"startCirca":false,"endCirca":false}],"caucusAffiliation":[{"party":{"name":"American"},"startCirca":false,"endCirca":false}],"represents":{"regionType":"DistrictRegion","regionCode":"CT"}}}],"creativeWork":[{"freeFormCitationText":"Welch, William Wickham. <i>The annual address to the candidates for the degree of Doctor in Medicine, in the Medical Institution of Yale College, January 15, 1857</i>. New Haven: W. H. Stanley, printer, 1857."}],"researchRecord":[],"deleted":false}}
