{"data":{"usCongressBioId":"W000703","familyName":"Wood","givenName":"Silas","honorificPrefix":"Mr.","unaccentedFamilyName":"Wood","unaccentedGivenName":"Silas","birthDate":"1769-09-14","birthCirca":false,"birthDateUnknown":false,"deathDate":"1847-03-02","deathCirca":false,"deathDateUnknown":false,"profileText":"A Representative from New York; born in West Hills, near Huntington, Suffolk County, N.Y., September 14, 1769; pursued classical studies; was graduated from Princeton College in 1789 and during the five succeeding years was a teacher at that institution; studied law; was admitted to the bar and commenced practice in Huntington, N.Y.; was appointed district attorney of Suffolk County in 1818 and 1821; elected as a Democratic Republican to the Sixteenth and to the succeeding Congress, reelected as an Adams-Clay Republican to the Eighteenth Congress, and reelected as an Adams candidate to the Nineteenth and to the succeeding Congress (March 4, 1819-March 3, 1829); chairman, Committee on Expenditures in the Department of State (Seventeenth and Eighteenth Congresses); unsuccessful candidate for reelection in 1828 to the Twenty-first Congress; died in Huntington, N.Y., March 2, 1847; interment in the Old Public Cemetery on Main Street.","relationship":[],"asset":[],"jobPositions":[{"job":{"name":"Representative","jobType":"CongressMemberJob"},"startDate":"1819-12-06","startCirca":false,"endCirca":false,"congressAffiliation":{"congress":{"name":"The 16th United States Congress","congressNumber":16,"congressType":"USCongress","startDate":"1819-12-06","endDate":"1821-03-03"},"partyAffiliation":[{"party":{"name":"Democratic Republican"},"startCirca":false,"endCirca":false}],"represents":{"regionType":"DistrictRegion","regionCode":"NY"}}},{"job":{"name":"Representative","jobType":"CongressMemberJob"},"startDate":"1821-12-03","startCirca":false,"endCirca":false,"congressAffiliation":{"congress":{"name":"The 17th United States Congress","congressNumber":17,"congressType":"USCongress","startDate":"1821-12-03","endDate":"1823-03-03"},"partyAffiliation":[{"party":{"name":"Democratic Republican"},"startCirca":false,"endCirca":false}],"represents":{"regionType":"DistrictRegion","regionCode":"NY"},"note":[{"type":"Note","content":"One of two elected to represent the 1st district.","noteType":"FootNote"}]}},{"job":{"name":"Representative","jobType":"CongressMemberJob"},"startDate":"1823-12-01","startCirca":false,"endCirca":false,"congressAffiliation":{"congress":{"name":"The 18th United States Congress","congressNumber":18,"congressType":"USCongress","startDate":"1823-12-01","endDate":"1825-03-03"},"partyAffiliation":[{"party":{"name":"Adams-Clay Republican"},"startCirca":false,"endCirca":false}],"represents":{"regionType":"DistrictRegion","regionCode":"NY"}}},{"job":{"name":"Representative","jobType":"CongressMemberJob"},"startDate":"1825-12-05","startCirca":false,"endCirca":false,"congressAffiliation":{"congress":{"name":"The 19th United States Congress","congressNumber":19,"congressType":"USCongress","startDate":"1825-03-04","endDate":"1827-03-03"},"partyAffiliation":[{"party":{"name":"Adams"},"startCirca":false,"endCirca":false}],"represents":{"regionType":"DistrictRegion","regionCode":"NY"}}},{"job":{"name":"Representative","jobType":"CongressMemberJob"},"startDate":"1827-12-03","startCirca":false,"endCirca":false,"congressAffiliation":{"congress":{"name":"The 20th United States Congress","congressNumber":20,"congressType":"USCongress","startDate":"1827-12-03","endDate":"1829-03-03"},"partyAffiliation":[{"party":{"name":"Adams"},"startCirca":false,"endCirca":false}],"represents":{"regionType":"DistrictRegion","regionCode":"NY"}}}],"creativeWork":[{"freeFormCitationText":"Kerner, Charles R. \"Silas Wood: Historian, Politician and Educator.\" Ph.D. diss., New York University, 1970."},{"freeFormCitationText":"Wood, Silas.<i> Of the powers of Congress: On the subject of internal improvements</i>. Washington: Davis &amp; Force, 1823?"},{"freeFormCitationText":"------. <i>Silas Wood's sketch of the town of Huntington, L. I., from its first settlement to the end of the American Revolution</i>. Edited with genealogical and historical notes by William S. Pelletreau, A.M. New York: F. P. Harper, 1898."},{"freeFormCitationText":"------. <i>A sketch of the first settlement of the several towns on Long Island; with their political condition, to the end of the American Revolution</i>. 1824. Reprint, Brooklyn, N.Y.: Printed by A. Spooner, 1828."},{"freeFormCitationText":"------. <i>Speech of Mr. Wood, of New-York, on the Missouri question: Delivered in the House of Representatives of the United States, February 14, 1820</i>. Washington: Davis and Force, 1820."},{"freeFormCitationText":"------. <i>Speeches of Mr. Wood, of N. York, on the proposition to amend the Constitution of the United States [respecting the election of President and Vice President] and on the resolution making an appropriation for the Panama Mission</i>. Washington: Printed by Gales &amp; Seaton, 1826."}],"researchRecord":[{"name":"In the Letters and Notes Relating to Silas Wood, 1824-1898, 1 volume.","recordType":["Papers"],"description":"Miscellaneous letters and notes relating to Silas Wood. Includes notes by William S. Pelletreau and Wallace Tooker on the history of Huntington, Long Island and vicinity plus the printed \"Sketch of the Geography of the Town of Huntington; with a Brief History of its First Settlement and Political Condition to the end of the Revolution\" by Silas Wood, printed in 1824. Includes dealers' catalogue notes regarding the 1898 re-printing of Wood's sketch, illustrations of Wood and of Pelletreau, etc. Also includes September 9, 1839 letter from Wood to Benjamin F. Thompson regarding Thompson's recently published book.","recordLocation":{"name":"New-York Historical Society","location":{"addressLocality":"New York","addressRegion":"NY"}}},{"name":"In the Miscellaneous Manuscripts Collection, n.d., 1 item.","recordType":["Papers"],"description":"A sketch of the geography, history, and political condition of Huntington, Long Island, N.Y., by Silas Wood.","recordLocation":{"name":"Manuscript Division","location":{"addressLocality":"Washington","addressRegion":"DC"},"parentRecordLocation":{"name":"Library of Congress","location":{"addressLocality":"Washington","addressRegion":"DC"}}}},{"name":"1842, 1 item.","recordType":["Papers"],"description":"A letter from Silas Wood from an unidentified recipient written on March 11, 1842. In the letter, Wood contains his theory about the effect of alcohol on the human body.","recordLocation":{"name":"Manuscripts and Special Collections","location":{"addressLocality":"Albany","addressRegion":"NY"},"parentRecordLocation":{"name":"New York State Library","location":{"addressLocality":"Albany","addressRegion":"NY"}}}},{"name":"In the De Witt Clinton Papers, 1785-1828, 9 linear feet.","recordType":["Papers"],"description":"The papers include two letters (May 28, 1824; September 23, 1826) with Silas Wood.","recordLocation":{"name":"Rare Book and Manuscript Library","location":{"addressLocality":"New York","addressRegion":"NY"},"parentRecordLocation":{"name":"Columbia University","location":{"addressLocality":"New York","addressRegion":"NY"}}}},{"name":"In the Gardiner Family Papers, 1658-1899, 2.5 cubic feet.","recordType":["Papers"],"description":"Persons represented include Silas Wood.","recordLocation":{"name":"Long Island Collection","location":{"addressLocality":"East Hampton","addressRegion":"NY"},"parentRecordLocation":{"name":"East Hampton Free Library","location":{"addressLocality":"East Hampton","addressRegion":"NY"}}}},{"name":"In the John Lyon Gardiner Account books, 1797-1816, 6 volumes.","recordType":["Papers"],"description":"Daybooks listing the sale of cheese, flax, potatoes, rum, and oxen, and payment for keeping a colt and erecting a barn, with comment about writing to Silas Wood.","recordLocation":{"name":"Long Island Collection","location":{"addressLocality":"East Hampton","addressRegion":"NY"},"parentRecordLocation":{"name":"East Hampton Free Library","location":{"addressLocality":"East Hampton","addressRegion":"NY"}}}},{"name":"In the W. Lloyd Wright Papers, 1820, 1 item.","recordType":["Papers"],"description":"A letter from Virgil Barber to Silas Wood written on September 25, 1820. In the letter, Wright sends information on a former Georgetown student; mentions planned move to Jesuits' house in Washington.","recordLocation":{"name":"Special Collections Research Center, Gelman Library","location":{"addressLocality":"Washington","addressRegion":"DC"},"parentRecordLocation":{"name":"George Washington University","location":{"addressLocality":"Washington","addressRegion":"DC"}}}},{"name":"In the William W. Wood Account Books, ca. 1835-1886, 2 volumes.","recordType":["Papers"],"description":"Other authors include Silas Wood.","recordLocation":{"name":"Louisiana and Lower Mississippi Valley Collections","location":{"addressLocality":"Baton","addressRegion":"Rouge"},"parentRecordLocation":{"name":"Louisiana State University Libraries","location":{"addressLocality":"Baton Rouge","addressRegion":"LA"}}}},{"name":"February 14, 1799. 1 letter (copy).","recordType":["Papers"],"description":"Finding aid in repository.","recordLocation":{"name":"New York Genealogical and Biographical Society Library","location":{"addressLocality":"New York","addressRegion":"NY"}}},{"name":"In the Miscellaneous Records, 1805-1923, 0.1 cubic foot.","recordType":["Papers"],"description":"The papers include a list of papers sent to Albany by Silas Wood, Esquire, ca. 1847","recordLocation":{"name":"New York State Archives","location":{"addressLocality":"Albany","addressRegion":"NY"}}}],"deleted":false}}
