{"data":{"usCongressBioId":"W000662","familyName":"Witherspoon","givenName":"Samuel","middleName":"Andrew","honorificPrefix":"Mr.","unaccentedFamilyName":"Witherspoon","unaccentedGivenName":"Samuel","unaccentedMiddleName":"Andrew","birthDate":"1855-05-04","birthCirca":false,"birthDateUnknown":false,"deathDate":"1915-11-24","deathCirca":false,"deathDateUnknown":false,"image":[{"contentUrl":"/bioguide-staging/assets/66d757b5f82b0eef2ffd69a9.jpg","caption":"Image courtesy of the Library of Congress","name":"W000662_001"}],"profileText":"A Representative from Mississippi; born near Columbus, Lowndes County, Miss., May 4, 1855; attended the public schools; in 1872 moved with his mother to Oxford, Miss.; was graduated from the University of Mississippi at Oxford in 1876; professor in the University of Mississippi 1876-1879; studied law; was admitted to the bar in 1879 and commenced practice in Meridian, Lauderdale County, Miss., the same year; elected as a Democrat to the Sixty-second, Sixty-third, and Sixty-fourth Congresses and served from March 4, 1911, until his death in Meridian, Miss., November 24, 1915; interment in Rose Hill Cemetery.","relationship":[],"asset":[{"name":"W000662_001","assetType":"Image","contentUrl":"/bioguide-published/assets/66d757b5f82b0eef2ffd69a9.jpg","creditLine":"Image courtesy of the Library of Congress","associatedEntity":[],"note":[{"noteType":"ImageNote","content":"https://www.loc.gov/item/2014696765/"}],"usageRight":["Import to Congress.gov"]}],"jobPositions":[{"job":{"name":"Representative","jobType":"CongressMemberJob"},"startDate":"1911-03-04","startCirca":false,"congressAffiliation":{"congress":{"name":"The 62nd United States Congress","congressNumber":62,"congressType":"USCongress","startDate":"1911-04-04","endDate":"1913-03-04"},"partyAffiliation":[{"party":{"name":"Democrat"}}],"caucusAffiliation":[{"party":{"name":"Democrat"}}],"represents":{"regionType":"DistrictRegion","regionCode":"MS"}}},{"job":{"name":"Representative","jobType":"CongressMemberJob"},"startDate":"1915-03-04","startCirca":false,"endDate":"1915-11-24","endCirca":false,"departureReason":"Died","congressAffiliation":{"congress":{"name":"The 64th United States Congress","congressNumber":64,"congressType":"USCongress","startDate":"1915-12-06","endDate":"1917-03-04"},"departureReason":"Died","partyAffiliation":[{"party":{"name":"Democrat"}}],"caucusAffiliation":[{"party":{"name":"Democrat"}}],"represents":{"regionType":"DistrictRegion","regionCode":"MS"},"note":[{"type":"Note","noteType":"FootNote","content":"Died November 24, 1915."}]}},{"job":{"name":"Representative","jobType":"CongressMemberJob"},"startDate":"1913-03-04","startCirca":false,"congressAffiliation":{"congress":{"name":"The 63rd United States Congress","congressNumber":63,"congressType":"USCongress","startDate":"1913-03-04","endDate":"1915-03-04"},"partyAffiliation":[{"party":{"name":"Democrat"}}],"caucusAffiliation":[{"party":{"name":"Democrat"}}],"represents":{"regionType":"DistrictRegion","regionCode":"MS"}}}],"creativeWork":[],"researchRecord":[],"deleted":false}}
