{"data":{"usCongressBioId":"W000596","familyName":"Wilson","givenName":"Jeremiah","middleName":"Morrow","unaccentedFamilyName":"Wilson","unaccentedGivenName":"Jeremiah","unaccentedMiddleName":"Morrow","birthDate":"1828","birthCirca":false,"deathDate":"1901","deathCirca":false,"profileText":"A Representative from Indiana; born near Lebanon, Warren County, Ohio, November 25, 1828; completed preparatory studies; studied law; was admitted to the bar and practiced; moved to Indiana and settled in Connersville and continued the practice of law; judge of the court of common pleas 1860-1865; elected judge of the circuit court in October 1865 and served until his election to Congress; elected as a Republican to the Forty-second and Forty-third Congresses (March 4, 1871-March 3, 1875); was not a candidate for reelection in 1874; resumed the practice of his profession in Washington, D.C., where he died September 24, 1901; interment in Rock Creek Cemetery.","relationship":[],"asset":[],"jobPositions":[{"job":{"name":"Representative","jobType":"CongressMemberJob"},"congressAffiliation":{"congress":{"name":"The 42nd United States Congress","congressNumber":42,"congressType":"USCongress","startDate":"1871-03-04","endDate":"1873-03-03"},"partyAffiliation":[{"party":{"name":"Republican"}}],"caucusAffiliation":[{"party":{"name":"Republican"}}],"represents":{"regionType":"StateRegion","regionCode":"IN"}}},{"job":{"name":"Representative","jobType":"CongressMemberJob"},"congressAffiliation":{"congress":{"name":"The 43rd United States Congress","congressNumber":43,"congressType":"USCongress","startDate":"1873-03-04","endDate":"1875-03-03"},"partyAffiliation":[{"party":{"name":"Republican"}}],"caucusAffiliation":[{"party":{"name":"Republican"}}],"represents":{"regionType":"StateRegion","regionCode":"IN"}}}],"creativeWork":[{"freeFormCitationText":"Arthur, William E. <i>Election contest--Gooding vs. Wilson</i>. Washington: F. &amp; J. Rives &amp; G. A. Bailey, printers, 1872."}],"researchRecord":[]}}
