{"data":{"usCongressBioId":"W000247","familyName":"Weeks","givenName":"Joseph","honorificPrefix":"Mr.","unaccentedFamilyName":"Weeks","unaccentedGivenName":"Joseph","birthDate":"1773-02-13","birthCirca":false,"birthDateUnknown":false,"deathDate":"1845-08-04","deathCirca":false,"deathDateUnknown":false,"profileText":"a Representative from New Hampshire; born in Warwick, Mass., February 13, 1773; attended the common schools; moved to Richmond, N.H.; engaged in agricultural pursuits; town clerk of Richmond, N.H., 1802-1822; member of the State house of representatives 1807-1809, 1812, 1813, 1821-1826, 1830, and 1832-1834; associate judge of the court of common pleas 1823 and 1827; elected as a Jacksonian candidate to the Twenty-fourth Congress and reelected as a Democrat to the Twenty-fifth Congress (March 4, 1835-March 3, 1839); died in Winchester, Cheshire County, N.H., August 4, 1845.","relationship":[{"relationshipType":"grandfather","relatedTo":{"usCongressBioId":"B000004","familyName":"Babcock","givenName":"Joseph","middleName":"Weeks","honorificPrefix":"Mr.","unaccentedFamilyName":"Babcock","unaccentedGivenName":"Joseph","unaccentedMiddleName":"Weeks","birthDate":"1850-03-06","birthCirca":false,"deathDate":"1909-04-27","deathCirca":false}}],"asset":[],"jobPositions":[{"job":{"name":"Representative","jobType":"CongressMemberJob"},"startDate":"1835-12-07","startCirca":false,"endCirca":false,"congressAffiliation":{"congress":{"name":"The 24th United States Congress","congressNumber":24,"congressType":"USCongress","startDate":"1835-12-07","endDate":"1837-03-03"},"partyAffiliation":[{"party":{"name":"Jacksonian"},"startCirca":false,"endCirca":false}],"caucusAffiliation":[{"party":{"name":"Jacksonian"},"startCirca":false,"endCirca":false}],"represents":{"regionType":"StateRegion","regionCode":"NH"}}},{"job":{"name":"Representative","jobType":"CongressMemberJob"},"startDate":"1837-03-04","startCirca":false,"congressAffiliation":{"congress":{"name":"The 25th United States Congress","congressNumber":25,"congressType":"USCongress","startDate":"1837-03-04","endDate":"1839-03-03"},"partyAffiliation":[{"party":{"name":"Democrat"}}],"caucusAffiliation":[{"party":{"name":"Democrat"}}],"represents":{"regionType":"StateRegion","regionCode":"NH"}}}],"creativeWork":[],"researchRecord":[],"deleted":false}}
