{"data":{"usCongressBioId":"W000308","familyName":"Westcott","givenName":"James","middleName":"Diament","honorificSuffix":"Jr.","unaccentedFamilyName":"Westcott","unaccentedGivenName":"James","unaccentedMiddleName":"Diament","birthDate":"1802","birthCirca":false,"deathDate":"1880","deathCirca":false,"image":[{"caption":"Florida State University"}],"profileText":"A Senator from Florida; born in Alexandria, Va., May 10, 1802; moved to New Jersey, where he received a liberal education; studied law; admitted to the bar in 1824 and commenced practice; clerk in the Consular Bureau, Washington, D.C.; secretary of Florida Territory 1830-1834; United States attorney for the middle district of Florida 1834-1836; member, Territorial house of representatives 1832; delegate to the State constitutional conventions in 1838 and 1839; upon the admission of Florida as a State into the Union was elected as a Democrat to the United States Senate and served from July 1, 1845, to March 3, 1849; was not a candidate for reelection in 1848; chairman, Committee on Territories (Twenty-ninth Congress), Committee on Patents and the Patent Office (Thirtieth Congress); settled in New York City in 1850 and practiced law; moved to Canada in 1862; died in Montreal, Canada, January 19, 1880; interment in City Cemetery, Tallahassee, Fla.","relationship":[],"asset":[],"jobPositions":[{"job":{"name":"Senator","jobType":"CongressMemberJob"},"congressAffiliation":{"congress":{"name":"The 29th United States Congress","congressNumber":29,"congressType":"USCongress","startDate":"1845-03-04","endDate":"1847-03-03"},"partyAffiliation":[{"party":{"name":"Democrat"}}],"caucusAffiliation":[{"party":{"name":"Democrat"}}],"represents":{"regionType":"StateRegion","regionCode":"FL"}},"startCirca":false,"startDate":"1845-07-01"},{"job":{"name":"Senator","jobType":"CongressMemberJob"},"congressAffiliation":{"congress":{"name":"The 30th United States Congress","congressNumber":30,"congressType":"USCongress","startDate":"1847-12-06","endDate":"1849-03-03"},"partyAffiliation":[{"party":{"name":"Democrat"}}],"caucusAffiliation":[{"party":{"name":"Democrat"}}],"represents":{"regionType":"StateRegion","regionCode":"FL"}}}],"creativeWork":[{"freeFormCitationText":"Marks, Henry S. \"Proceedings of the First Florida Congressional Delegation.'' <i>Florida Historical Quarterly</i> 44 (January 1966): 205-11."},{"freeFormCitationText":"Westcott, James D. <i>Exposition of the Facts and Law, in the Case of G.G. Westcott, Esq., Postmaster at Philadelphia</i>. Philadelphia: King &amp; Baird, 1859."}],"researchRecord":[{"name":"An autobiography (1858) in the Charles Lanman collection.","recordType":["Papers"],"recordLocation":{"name":"Florida State University","url":"http://pepper.cpb.fsu.edu/polaris","location":{"addressLocality":"Tallahassee","addressRegion":"FL"}}}]}}
