{"data":{"usCongressBioId":"W000090","familyName":"Wallin","givenName":"Samuel","honorificPrefix":"Mr.","unaccentedFamilyName":"Wallin","unaccentedGivenName":"Samuel","birthDate":"1856-07-31","birthCirca":false,"deathDate":"1917-12-01","deathCirca":false,"profileText":"A Representative from New York; born in Easton, Northampton County, Pa., July 31, 1856; moved with his parents to Amsterdam, Montgomery County, N.Y., in 1864; attended the public schools and Amsterdam Academy; engaged in the manufacture of carpets and rugs; served as alderman 1889-1892; mayor of Amsterdam in 1901 and 1902; elected as a Republican to the Sixty-third Congress (March 4, 1913-March 3, 1915); was not a candidate for renomination in 1914; resumed his business activities in Amsterdam, N.Y., where he died December 1, 1917; interment in Green Hill Cemetery.","relationship":[],"asset":[],"jobPositions":[{"job":{"name":"Representative","jobType":"CongressMemberJob"},"startDate":"1913-03-04","startCirca":false,"congressAffiliation":{"congress":{"name":"The 63rd United States Congress","congressNumber":63,"congressType":"USCongress","startDate":"1913-03-04","endDate":"1915-03-04"},"partyAffiliation":[{"party":{"name":"Republican"}}],"caucusAffiliation":[{"party":{"name":"Republican"}}],"represents":{"regionType":"DistrictRegion","regionCode":"NY"}}}],"creativeWork":[],"researchRecord":[]}}
