{"data":{"usCongressBioId":"W000638","familyName":"Winn","givenName":"Thomas","middleName":"Elisha","honorificPrefix":"Mr.","unaccentedFamilyName":"Winn","unaccentedGivenName":"Thomas","unaccentedMiddleName":"Elisha","birthDate":"1839-05-21","birthCirca":false,"birthDateUnknown":false,"deathDate":"1925-06-05","deathCirca":false,"deathDateUnknown":false,"image":[{"contentUrl":"/bioguide-staging/assets/66d756acf82b0eef2ffd6997.jpg","caption":"Image courtesy of the Library of Congress","name":"W000638_001"}],"profileText":"A Representative from Georgia; born near Athens, Clarke County, Ga., May 21, 1839; attended Carrollton (Ga.) Masonic Institute, and was graduated from Emory and Henry College, Emory, Va., in 1860; studied law; was admitted to the bar in 1861 and commenced practice in Alpharetta, Milton County, Ga.; solicitor of the county court of Milton County; entered the Confederate Army as a first lieutenant in 1861; promoted to captain, afterward, a major, and finally a lieutenant colonel, Twenty-fourth Regiment, Georgia Infantry, and served with Lee's army until the close of the Civil War; engaged in agricultural pursuits in 1868; county school commissioner of Gwinnett County from 1876 to 1890, when he resigned; elected as a Democrat to the Fifty-second Congress (March 4, 1891-March 3, 1893); did not seek renomination in 1892 to the Fifty-third Congress; resumed agricultural pursuits in Greene County, Ga.; died in Atlanta, Ga., on June 5, 1925; interment in Ridge Grove Cemetery, near Greensboro, Greene County, Ga.","relationship":[],"asset":[{"name":"W000638_001","assetType":"Image","contentUrl":"/bioguide-published/assets/66d756acf82b0eef2ffd6997.jpg","creditLine":"Image courtesy of the Library of Congress","associatedEntity":[],"note":[{"noteType":"ImageNote","content":"https://www.loc.gov/item/2016690434/"}],"usageRight":["Import to Congress.gov"]}],"jobPositions":[{"job":{"name":"Representative","jobType":"CongressMemberJob"},"startDate":"1891-03-04","startCirca":false,"congressAffiliation":{"congress":{"name":"The 52nd United States Congress","congressNumber":52,"congressType":"USCongress","startDate":"1891-12-07","endDate":"1893-03-04"},"partyAffiliation":[{"party":{"name":"Democrat"}}],"caucusAffiliation":[{"party":{"name":"Democrat"}}],"represents":{"regionType":"DistrictRegion","regionCode":"GA"}}}],"creativeWork":[],"researchRecord":[],"deleted":false}}
