{"data":{"usCongressBioId":"W000653","familyName":"Wise","givenName":"Richard","middleName":"Alsop","honorificPrefix":"Mr.","unaccentedFamilyName":"Wise","unaccentedGivenName":"Richard","unaccentedMiddleName":"Alsop","birthDate":"1843-09-02","birthCirca":false,"birthDateUnknown":false,"deathDate":"1900-12-21","deathCirca":false,"deathDateUnknown":false,"image":[{"contentUrl":"/bioguide-staging/assets/66d75729f82b0eef2ffd69a0.jpg","caption":"Image courtesy of the Library of Congress","name":"W000653_001"}],"profileText":"A Representative from Virginia; born in Philadelphia, Pa., September 2, 1843; attended private schools in Richmond, Va., Harrison's Academy, Albemarle County, Va., and the College of William and Mary, Williamsburg, Va., for two years; during the Civil War served in the Confederate Army as a private in Stuart's cavalry and as assistant inspector general of Wise's brigade, Army of Northern Virginia; was graduated in medicine from the Medical College of Virginia in 1867 and practiced; professor at the College of William and Mary 1869-1881; delegate to all Republican State conventions from 1879 to 1900; superintendent of the Eastern Lunatic Asylum of Virginia 1882-1885; member of the State house of delegates 1885-1887; clerk of the circuit and county courts of the city of Williamsburg and county of James City 1888-1894; delegate to the Republican National Conventions in 1892, 1896, and 1900; successfully contested as a Republican the election of William A. Young to the Fifty-fifth Congress and served from April 26, 1898, to March 3, 1899; was again successful in contesting the election of William A. Young to the Fifty-sixth Congress and served from March 12, 1900, until his death in Williamsburg, Va., December 21, 1900; interment in Hollywood Cemetery, Richmond, Va.","relationship":[{"relationshipType":"son","relatedTo":{"usCongressBioId":"W000649","familyName":"Wise","givenName":"Henry","middleName":"Alexander","honorificPrefix":"Mr.","unaccentedFamilyName":"Wise","unaccentedGivenName":"Henry","unaccentedMiddleName":"Alexander","birthDate":"1806-12-03","birthCirca":false,"birthDateUnknown":false,"deathDate":"1876-09-12","deathCirca":false,"deathDateUnknown":false,"deleted":false}},{"relationshipType":"grandson","relatedTo":{"usCongressBioId":"S000246","familyName":"Sergeant","givenName":"John","honorificPrefix":"Mr.","unaccentedFamilyName":"Sergeant","unaccentedGivenName":"John","birthDate":"1779-12-05","birthCirca":false,"deathDate":"1852-11-23","deathCirca":false}},{"relationshipType":"brother","relatedTo":{"usCongressBioId":"W000651","familyName":"Wise","givenName":"John","middleName":"Sergeant","unaccentedFamilyName":"Wise","unaccentedGivenName":"John","unaccentedMiddleName":"Sergeant","birthDate":"1846-12-27","birthCirca":false,"deathDate":"1913-05-12","deathCirca":false,"deleted":false}},{"relationshipType":"cousin","relatedTo":{"usCongressBioId":"W000648","familyName":"Wise","givenName":"George","middleName":"Douglas","honorificPrefix":"Mr.","unaccentedFamilyName":"Wise","unaccentedGivenName":"George","unaccentedMiddleName":"Douglas","birthDate":"1831-06-04","birthCirca":false,"deathDate":"1908-02-04","deathCirca":false}}],"asset":[{"name":"W000653_001","assetType":"Image","contentUrl":"/bioguide-published/assets/66d75729f82b0eef2ffd69a0.jpg","creditLine":"Image courtesy of the Library of Congress","associatedEntity":[],"note":[{"noteType":"ImageNote","content":"https://www.loc.gov/item/2016698498/"}],"usageRight":["Import to Congress.gov"]}],"jobPositions":[{"job":{"name":"Representative","jobType":"CongressMemberJob"},"startDate":"1899-03-04","startCirca":false,"endDate":"1900-12-21","endCirca":false,"departureReason":"Died","congressAffiliation":{"congress":{"name":"The 56th United States Congress","congressNumber":56,"congressType":"USCongress","startDate":"1899-12-04","endDate":"1901-03-03"},"departureReason":"Died","partyAffiliation":[{"party":{"name":"Republican"}}],"caucusAffiliation":[{"party":{"name":"Republican"}}],"represents":{"regionType":"DistrictRegion","regionCode":"VA"},"note":[{"type":"Note","noteType":"FootNote","content":"Successfully contested the election of William A. Young and took his seat March 12, 1900; died December 21, 1900"}]}},{"job":{"name":"Representative","jobType":"CongressMemberJob"},"startDate":"1898-04-26","startCirca":false,"congressAffiliation":{"congress":{"name":"The 55th United States Congress","congressNumber":55,"congressType":"USCongress","startDate":"1897-03-15","endDate":"1899-03-04"},"partyAffiliation":[{"party":{"name":"Republican"}}],"caucusAffiliation":[{"party":{"name":"Republican"}}],"represents":{"regionType":"DistrictRegion","regionCode":"VA"},"note":[{"type":"Note","noteType":"FootNote","content":"Successfully contested the election of William A. Young, and took his seat April 26, 1898."}]}}],"creativeWork":[{"freeFormCitationText":"Hull, John Albert Tiffin. <i>Richard A. Wise vs. W. A. Young</i>. Washington: [Government Printing Office], 1900."},{"freeFormCitationText":"Burke, Robert Emmet. <i>Contested-election case--Wise vs. Young</i>. [Washington: Government Printing Office, 1898?]"},{"freeFormCitationText":"Wise, Richard Alsop. <i>Annexation of Hawaii</i>. Washington: [Government Printing Office], 1898."},{"freeFormCitationText":"United States. 56th Congress, 2d sess., 1900-1901. <i>Memorial addresses on the life and character of Richard Alsop Wise (late a Representative from Virginia), delivered in the House of Representatives and Senate, Fifty-sixth Congress, second session</i>. Washington: Government Printing Office, 1901."}],"researchRecord":[{"name":"In the John S. Wise Papers, 1869-1873, 55 items.","recordType":["Papers"],"description":"Other authors include Richard Alsop Wise.","recordLocation":{"name":"Earl Gregg Swem Library","location":{"addressLocality":"Williamsburg","addressRegion":"VA"},"parentRecordLocation":{"name":"College of William and Mary","location":{"addressLocality":"Williamsburg","addressRegion":"VA"}}}}],"deleted":false}}
