{"data":{"usCongressBioId":"W000480","familyName":"Willcox","givenName":"Washington","middleName":"Frederick","honorificPrefix":"Mr.","unaccentedFamilyName":"Willcox","unaccentedGivenName":"Washington","unaccentedMiddleName":"Frederick","birthDate":"1834-08-22","birthCirca":false,"birthDateUnknown":false,"deathDate":"1909-03-08","deathCirca":false,"deathDateUnknown":false,"image":[{"contentUrl":"/bioguide-staging/assets/66d753fcf82b0eef2ffd6973.jpg","caption":"Image courtesy of the Library of Congress","name":"W000480_001"}],"profileText":"A Representative from Connecticut; born in Killingworth, Middlesex County, Conn., August 22, 1834; prepared for college at a private school, Madison Academy, and Hopkins Grammar School, New Haven; was graduated from Yale Law School in 1862; was admitted to the bar the same year and commenced practice in Deep River, Middlesex County, Conn.; member of the State house of representatives in 1862 and 1863; served in the State senate in 1875 and 1876; State's attorney 1875-1883; elected as a Democrat to the Fifty-first and Fifty-second Congresses (March 4, 1889-March 3, 1893); was not a candidate for renomination in 1892; resumed the practice of law in Deep River, Conn., and also engaged in banking; State railroad commissioner 1897-1905; died at his home in Chester, Conn., March 8, 1909; interment in Fountain Hill Cemetery, Deep River, Conn.","relationship":[],"asset":[{"name":"W000480_001","assetType":"Image","contentUrl":"/bioguide-published/assets/66d753fcf82b0eef2ffd6973.jpg","creditLine":"Image courtesy of the Library of Congress","associatedEntity":[],"note":[{"noteType":"ImageNote","content":"https://www.loc.gov/item/2016689235"}],"usageRight":["Import to Congress.gov"]}],"jobPositions":[{"job":{"name":"Representative","jobType":"CongressMemberJob"},"startDate":"1889-03-04","startCirca":false,"congressAffiliation":{"congress":{"name":"The 51st United States Congress","congressNumber":51,"congressType":"USCongress","startDate":"1889-03-04","endDate":"1891-03-03"},"partyAffiliation":[{"party":{"name":"Democrat"}}],"caucusAffiliation":[{"party":{"name":"Democrat"}}],"represents":{"regionType":"DistrictRegion","regionCode":"CT"}}},{"job":{"name":"Representative","jobType":"CongressMemberJob"},"startDate":"1891-03-04","startCirca":false,"congressAffiliation":{"congress":{"name":"The 52nd United States Congress","congressNumber":52,"congressType":"USCongress","startDate":"1891-12-07","endDate":"1893-03-04"},"partyAffiliation":[{"party":{"name":"Democrat"}}],"caucusAffiliation":[{"party":{"name":"Democrat"}}],"represents":{"regionType":"DistrictRegion","regionCode":"CT"}}}],"creativeWork":[],"researchRecord":[],"deleted":false}}
