{"data":{"usCongressBioId":"W000479","familyName":"Willard","givenName":"George","unaccentedFamilyName":"Willard","unaccentedGivenName":"George","birthDate":"1824","birthCirca":false,"deathDate":"1901","deathCirca":false,"profileText":"A Representative from Michigan; born in Bolton, Vt., March 20, 1824; attended school and received instruction from his father; moved with his parents to Battle Creek, Mich., in 1836; was graduated from Kalamazoo (Mich.) College in 1844; taught school and also studied theology, and was ordained a minister of the Episcopal Church in 1848; rector of churches in Coldwater, Battle Creek, and Kalamazoo, Mich., until 1863; professor of Latin in Kalamazoo (Mich.) College in 1863 and 1864; engaged in newspaper work in Battle Creek, Calhoun County, Mich.; member of the Michigan State Board of Education 1857-1863; regent of the University of Michigan at Ann Arbor 1863-1872; member of the State house of representatives in 1866 and 1867; member of the State constitutional convention in 1867; delegate to the Republican National Convention in 1872; elected as a Republican to the Forty-third and Forty-fourth Congresses (March 4, 1873-March 3, 1877); was not a candidate for renomination in 1876; resumed newspaper work in Battle Creek, Mich.; editor and owner of the Battle Creek Journal until his death in Battle Creek, Mich., March 26, 1901; interment in Oak Hill Cemetery.","relationship":[],"asset":[],"jobPositions":[{"job":{"name":"Representative","jobType":"CongressMemberJob"},"congressAffiliation":{"congress":{"name":"The 43rd United States Congress","congressNumber":43,"congressType":"USCongress","startDate":"1873-03-04","endDate":"1875-03-03"},"partyAffiliation":[{"party":{"name":"Republican"}}],"caucusAffiliation":[{"party":{"name":"Republican"}}],"represents":{"regionType":"StateRegion","regionCode":"MI"}}},{"job":{"name":"Representative","jobType":"CongressMemberJob"},"congressAffiliation":{"congress":{"name":"The 44th United States Congress","congressNumber":44,"congressType":"USCongress","startDate":"1875-03-05","endDate":"1877-03-04"},"partyAffiliation":[{"party":{"name":"Republican"}}],"caucusAffiliation":[{"party":{"name":"Republican"}}],"represents":{"regionType":"StateRegion","regionCode":"MI"}}}],"creativeWork":[{"freeFormCitationText":"Willard, George. <i>False alarms and real dangers. An oration by Hon. George Willard at Vermontville. Michigan, July 3d, 1875</i>. Battle Creek, Mich.: Journal Steam Book and Job Print, 1875."},{"freeFormCitationText":"------. <i>The industrial arts: Their influence upon human progress and culture. An address delivered before the Board of Agriculture, the faculty and students of the Michigan State Agricultural College</i>. Battle Creek, [Mich.]: Battle Creek Journal Printing House, 1869."}],"researchRecord":[{"name":"In the Peter Smith Papers, 1829-1916, 169 items.","recordType":["Papers"],"description":"Correspondents include George Willard.","recordLocation":{"name":"The Bancroft Library","location":{"addressLocality":"Berkeley","addressRegion":"CA"},"parentRecordLocation":{"name":"University of California","location":{"addressLocality":"Berkeley","addressRegion":"CA"}}}}]}}
