{"data":{"usCongressBioId":"W000541","familyName":"Williams","givenName":"Thomas","middleName":"Scott","honorificPrefix":"Mr.","unaccentedFamilyName":"Williams","unaccentedGivenName":"Thomas","unaccentedMiddleName":"Scott","birthDate":"1777-06-26","birthCirca":false,"deathDate":"1861-12-15","deathCirca":false,"profileText":"A Representative from Connecticut; born in Wethersfield, Conn., June 26, 1777; completed preparatory studies; was graduated from Yale College in 1794; studied law; was admitted to the bar in 1799 and commenced practice in Mansfield, Conn.; moved to Hartford, Conn., in 1803; appointed attorney of the board of managers of the school fund of Hartford 1809-1810; served in the State house of representatives in 1813, 1815, and 1816; clerk of the house in 1815 and 1816; elected as a Federalist to the Fifteenth Congress (March 4, 1817-March 3, 1819); again a member of the State house of representatives in 1819, 1825, and 1827-1829; appointed in 1829 an associate judge of the supreme court of errors and of the superior court, and in May 1834 appointed chief justice, holding the position until his resignation in May 1847; mayor of Hartford 1831-1835; resigned from public office; president of the American Tract Society of New York from May 1848 until his death; died in Hartford, Conn., December 15, 1861; interment in Old North Cemetery.","relationship":[],"asset":[],"jobPositions":[{"job":{"name":"Representative","jobType":"CongressMemberJob"},"startDate":"1817-12-01","startCirca":false,"congressAffiliation":{"congress":{"name":"The 15th United States Congress","congressNumber":15,"congressType":"USCongress","startDate":"1817-03-04","endDate":"1819-03-03"},"partyAffiliation":[{"party":{"name":"Federalist"}}],"caucusAffiliation":[{"party":{"name":"Federalist"}}],"represents":{"regionType":"StateRegion","regionCode":"CT"}}}],"creativeWork":[{"freeFormCitationText":"Hawes, Joel. <i>Origin, growth and fruitfulness of a true religious life: A sermon occasioned by the death of Hon. Thomas Scott Williams, LL.D.: Preached in the First Church in Hartford, Sabbath morning, December 22, 1861</i>. Hartford: Press of Case, Lockwood and Co., 1862."},{"freeFormCitationText":"<i>Memorial of Hon. Thomas Scott Williams ... comprising Rev. Dr. Hawes' sermon, preached in the First Church in Hartford, Sabbath morning, December 22, 1861</i>. New York: American Tract Society, [1861]."},{"freeFormCitationText":"<i>The Tract Society and Slavery: Speeches of Chief Justice Williams, Judge Parsons, and ex-Governor Ellsworth, delivered in the Center Church, Hartford, Conn. at the anniversary of the Hartford Branch of the American Tract Society, January 9th, 1859</i>. Hartford: Steam Press of Elihu Geer, 1859."}],"researchRecord":[{"name":"1 letter.","recordType":["Papers"],"recordLocation":{"name":"Boston Public Library","location":{"addressLocality":"Boston","addressRegion":"MA"}}},{"name":"In the Williams Family Papers, 1700-1897, approximately 1,750 pieces.","recordType":["Papers"],"description":"Persons represented include Thomas Scott Williams.","recordLocation":{"name":"Connecticut Historical Society","location":{"addressLocality":"Hartford","addressRegion":"CT"}}},{"name":"In the Roger Minott Sherman Papers, dates and amount unknown.","recordType":["Papers"],"description":"Persons represented include Thomas Scott Williams.","recordLocation":{"name":"Connecticut State Library","location":{"addressLocality":"Hartford","addressRegion":"CT"}}}]}}
