{"data":{"usCongressBioId":"W000421","familyName":"Whitman","givenName":"Ezekiel","honorificPrefix":"Mr.","unaccentedFamilyName":"Whitman","unaccentedGivenName":"Ezekiel","birthDate":"1776-03-09","birthCirca":false,"birthDateUnknown":false,"deathDate":"1866-08-01","deathCirca":false,"deathDateUnknown":false,"profileText":"a Representative from Massachusetts and from Maine; born in East Bridgewater, Mass., March 9, 1776; was graduated from Brown University, Providence, R.I., in 1795; studied law; was admitted to the bar and practiced in New Gloucester, Maine (until 1820 a district of Massachusetts), 1799-1807 and in Portland, Maine, 1807-1852; unsuccessful candidate for election in 1806 to the Tenth Congress; elected as a Federalist from Massachusetts to the Eleventh Congress (March 4, 1809-March 3, 1811); member of the executive council in 1815 and 1816; elected as a Federalist to the Fifteenth and Sixteenth Congresses (March 4, 1817-March 3, 1821); delegate to the convention in 1819 that framed the first State constitution of Maine; elected as a Federalist to the Seventeenth Congress from Maine and served from March 4, 1821, to June 1, 1822, when he resigned; judge of the court of common pleas of Maine 1822-1841; unsuccessful candidate for election in 1838 to the Twenty-sixth Congress; served as chief justice of the Massachusetts State Supreme Court 1841-1848; retired in 1852 and returned to East Bridgewater, Mass., where he died on August 1, 1866; interment at Evergreen Cemetery, Portland, Maine.","relationship":[],"asset":[],"jobPositions":[{"job":{"name":"Representative","jobType":"CongressMemberJob"},"startDate":"1809-05-22","startCirca":false,"congressAffiliation":{"congress":{"name":"The 11th United States Congress","congressNumber":11,"congressType":"USCongress","startDate":"1809-03-04","endDate":"1811-03-03"},"partyAffiliation":[{"party":{"name":"Federalist"}}],"caucusAffiliation":[{"party":{"name":"Federalist"}}],"represents":{"regionType":"StateRegion","regionCode":"MA"},"note":[{"type":"Note","noteType":"FootNote","content":"Represented Cumberland district."}]}},{"job":{"name":"Representative","jobType":"CongressMemberJob"},"startDate":"1817-12-01","startCirca":false,"congressAffiliation":{"congress":{"name":"The 15th United States Congress","congressNumber":15,"congressType":"USCongress","startDate":"1817-03-04","endDate":"1819-03-03"},"partyAffiliation":[{"party":{"name":"Federalist"}}],"caucusAffiliation":[{"party":{"name":"Federalist"}}],"represents":{"regionType":"StateRegion","regionCode":"MA"},"note":[{"type":"Note","noteType":"FootNote","content":"Represented 2nd Eastern district."}]}},{"job":{"name":"Representative","jobType":"CongressMemberJob"},"startDate":"1819-12-06","startCirca":false,"congressAffiliation":{"congress":{"name":"The 16th United States Congress","congressNumber":16,"congressType":"USCongress","startDate":"1819-12-06","endDate":"1821-03-03"},"partyAffiliation":[{"party":{"name":"Federalist"}}],"caucusAffiliation":[{"party":{"name":"Federalist"}}],"represents":{"regionType":"StateRegion","regionCode":"MA"},"note":[{"type":"Note","noteType":"FootNote","content":"Represented 2nd Eastern district."}]}},{"job":{"name":"Representative","jobType":"CongressMemberJob"},"startDate":"1821-12-04","startCirca":false,"endDate":"1822-06-01","endCirca":false,"departureReason":"Resigned","congressAffiliation":{"congress":{"name":"The 17th United States Congress","congressNumber":17,"congressType":"USCongress","startDate":"1821-12-03","endDate":"1823-03-03"},"departureReason":"Resigned","partyAffiliation":[{"party":{"name":"Federalist"}}],"caucusAffiliation":[{"party":{"name":"Federalist"}}],"represents":{"regionType":"DistrictRegion","regionCode":"ME"},"note":[{"type":"Note","noteType":"FootNote","content":"Resigned June 1, 1822."}]}}],"creativeWork":[{"freeFormCitationText":"Whitman, Ezekiel. <i>Memoir of John Whitman and His Descendants</i>. Portland, [Maine?]: Printed by Charles Day &amp; Co., 1832."}],"researchRecord":[{"name":"1821. 1 letter.","recordType":["Papers"],"recordLocation":{"name":"Manuscript Division","location":{"addressLocality":"Washington","addressRegion":"DC"},"parentRecordLocation":{"name":"Library of Congress","location":{"addressLocality":"Washington","addressRegion":"DC"}}}},{"name":"In the Charles P. Greenough, Papers, ca. 1669-1963, 3 boxes.","recordType":["Papers"],"description":"Other authors include Ezekiel Whitman.","recordLocation":{"name":"Manuscript Division","location":{"addressLocality":"Washington","addressRegion":"DC"},"parentRecordLocation":{"name":"Library of Congress","location":{"addressLocality":"Washington","addressRegion":"DC"}}}},{"name":"1 letter.","recordType":["Papers"],"recordLocation":{"name":"Boston Public Library","location":{"addressLocality":"Boston","addressRegion":"MA"}}},{"name":"1821, 1 item.","recordType":["Papers"],"description":"A letter from Ezekiel Whitman to J. L. Edwards, Esq., written on February 7, 1821. In the letter, Whitman writes relating to the Revolutionary War pension of one of his Maine constituents.","recordLocation":{"name":"Maine Historical Society","location":{"addressLocality":"Portland","addressRegion":"ME"}}},{"name":"1824, 1 item.","recordType":["Papers"],"description":"A letter from Ezekiel Whitman to Ichabod Jordan concerning the payment of debts owed Jordan.","recordLocation":{"name":"Maine Historical Society","location":{"addressLocality":"Portland","addressRegion":"ME"}}}],"deleted":false}}
