{"data":{"usCongressBioId":"W000195","familyName":"Watmough","givenName":"John","middleName":"Goddard","honorificPrefix":"Mr.","unaccentedFamilyName":"Watmough","unaccentedGivenName":"John","unaccentedMiddleName":"Goddard","birthDate":"1793-12-06","birthCirca":false,"birthDateUnknown":false,"deathDate":"1861-11-27","deathCirca":false,"deathDateUnknown":false,"profileText":"A Representative from Pennsylvania; born in Wilmington, Del., December 6, 1793; pursued classical studies and was graduated from Princeton College; also did postgraduate work in the University of Pennsylvania at Philadelphia; served in the War of 1812 as corporal in the Fourth Company, Fourth Detachment, Pennsylvania Militia, from May 13 to July 31, 1813; appointed second lieutenant in the Regular Army September 2, 1813; brevetted first lieutenant August 15, 1814, for gallant conduct in the defense of Fort Erie, Canada, and resigned on October 1, 1816; elected as an Anti-Jacksonian candidate to the Twenty-second and Twenty-third Congresses (March 4, 1831-March 3, 1835); unsuccessful Whig candidate for reelection in 1834 to the Twenty-fourth Congress; high sheriff of Philadelphia in 1835 and 1836; surveyor of the port of Philadelphia 1841-1845; discontinued active pursuits in 1854 and lived in retirement until his death in Philadelphia, Pa., November 27, 1861; interment in Christ Church Cemetery.","relationship":[],"asset":[],"jobPositions":[{"job":{"name":"Representative","jobType":"CongressMemberJob"},"startDate":"1831-12-05","startCirca":false,"congressAffiliation":{"congress":{"name":"The 22nd United States Congress","congressNumber":22,"congressType":"USCongress","startDate":"1831-12-05","endDate":"1833-03-02"},"partyAffiliation":[{"party":{"name":"Anti-Jacksonian"}}],"caucusAffiliation":[{"party":{"name":"Anti Jacksonian"}}],"represents":{"regionType":"DistrictRegion","regionCode":"PA"}}},{"job":{"name":"Representative","jobType":"CongressMemberJob"},"startDate":"1833-12-02","startCirca":false,"congressAffiliation":{"congress":{"name":"The 23rd United States Congress","congressNumber":23,"congressType":"USCongress","startDate":"1833-12-02","endDate":"1835-03-03"},"partyAffiliation":[{"party":{"name":"Anti-Jacksonian"}}],"caucusAffiliation":[{"party":{"name":"Anti Jacksonian"}}],"represents":{"regionType":"DistrictRegion","regionCode":"PA"}}}],"creativeWork":[],"researchRecord":[{"name":"In the Nicholas Biddle Papers, ca. 1681-1933, 39.2 linear feet.","recordType":["Papers"],"description":"Correspondents include John G. Watmough.","recordLocation":{"name":"Manuscript Division","location":{"addressLocality":"Washington","addressRegion":"DC"},"parentRecordLocation":{"name":"Library of Congress","location":{"addressLocality":"Washington","addressRegion":"DC"}}}}],"deleted":false}}
