{"data":{"usCongressBioId":"W000493","familyName":"Williams","givenName":"Christopher","middleName":"Harris","honorificPrefix":"Mr.","unaccentedFamilyName":"Williams","unaccentedGivenName":"Christopher","unaccentedMiddleName":"Harris","birthDate":"1798-12-18","birthCirca":false,"deathDate":"1857-11-27","deathCirca":false,"profileText":"a Representative from Tennessee; born near Hillsboro, Orange County, N.C., December 18, 1798; pursued an academic course and attended the University of North Carolina at Chapel Hill; studied law; was admitted to the bar about 1820 and practiced; elected as a Whig to the Twenty-fifth, Twenty-sixth, and Twenty-seventh Congresses (March 4, 1837-March 3, 1843); unsuccessful candidate for reelection in 1842 to the Twenty-eighth Congress; elected to the Thirty-first and Thirty-second Congresses (March 4, 1849-March 3, 1853); was not a candidate for renomination in 1852; resumed the practice of law in Lexington, Henderson County, Tenn., and died there November 27, 1857; interment in Lexington Cemetery.","relationship":[{"relationshipType":"grandfather","relatedTo":{"usCongressBioId":"W000521","familyName":"Williams","givenName":"John","middleName":"Sharp","honorificPrefix":"Mr.","unaccentedFamilyName":"Williams","unaccentedGivenName":"John","unaccentedMiddleName":"Sharp","birthDate":"1854-07-30","birthCirca":false,"deathDate":"1932-09-27","deathCirca":false,"deleted":false}},{"relationshipType":"relative","relatedTo":{"usCongressBioId":"W000534","familyName":"Williams","givenName":"Robert","honorificPrefix":"Mr.","unaccentedFamilyName":"Williams","unaccentedGivenName":"Robert","birthDate":"1768","birthCirca":true,"birthDateUnknown":false,"deathDate":"1836-01-25","deathCirca":false,"deathDateUnknown":false,"deleted":false}},{"relationshipType":"relative","relatedTo":{"usCongressBioId":"W000529","familyName":"Williams","givenName":"Marmaduke","honorificPrefix":"Mr.","unaccentedFamilyName":"Williams","unaccentedGivenName":"Marmaduke","birthDate":"1774-04-06","birthCirca":false,"birthDateUnknown":false,"deathDate":"1850-10-29","deathCirca":false,"deathDateUnknown":false,"deleted":false}},{"relationshipType":"relative","relatedTo":{"usCongressBioId":"W000527","familyName":"Williams","givenName":"Lewis","honorificPrefix":"Mr.","unaccentedFamilyName":"Williams","unaccentedGivenName":"Lewis","birthDate":"1782-02-01","birthCirca":false,"birthDateUnknown":false,"deathDate":"1842-02-23","deathCirca":false,"deathDateUnknown":false,"deleted":false}},{"relationshipType":"relative","relatedTo":{"usCongressBioId":"W000524","familyName":"Williams","givenName":"Joseph","middleName":"Lanier","honorificPrefix":"Mr.","unaccentedFamilyName":"Williams","unaccentedGivenName":"Joseph","unaccentedMiddleName":"Lanier","birthDate":"1810-10-23","birthCirca":false,"deathDate":"1865-12-14","deathCirca":false,"deleted":false}},{"relationshipType":"relative","relatedTo":{"usCongressBioId":"W000516","familyName":"Williams","givenName":"John","unaccentedFamilyName":"Williams","unaccentedGivenName":"John","birthDate":"1778","birthCirca":false,"deathDate":"1837","deathCirca":false,"deleted":false}}],"asset":[],"jobPositions":[{"job":{"name":"Representative","jobType":"CongressMemberJob"},"startDate":"1837-03-04","startCirca":false,"congressAffiliation":{"congress":{"name":"The 25th United States Congress","congressNumber":25,"congressType":"USCongress","startDate":"1837-03-04","endDate":"1839-03-03"},"partyAffiliation":[{"party":{"name":"Whig"}}],"caucusAffiliation":[{"party":{"name":"Whig"}}],"represents":{"regionType":"DistrictRegion","regionCode":"TN"}}},{"job":{"name":"Representative","jobType":"CongressMemberJob"},"startDate":"1839-03-04","startCirca":false,"congressAffiliation":{"congress":{"name":"The 26th United States Congress","congressNumber":26,"congressType":"USCongress","startDate":"1839-12-02","endDate":"1841-03-03"},"partyAffiliation":[{"party":{"name":"Whig"}}],"caucusAffiliation":[{"party":{"name":"Whig"}}],"represents":{"regionType":"DistrictRegion","regionCode":"TN"}}},{"job":{"name":"Representative","jobType":"CongressMemberJob"},"startDate":"1841-03-04","startCirca":false,"congressAffiliation":{"congress":{"name":"The 27th United States Congress","congressNumber":27,"congressType":"USCongress","startDate":"1841-03-04","endDate":"1843-03-03"},"partyAffiliation":[{"party":{"name":"Whig"}}],"caucusAffiliation":[{"party":{"name":"Whig"}}],"represents":{"regionType":"DistrictRegion","regionCode":"TN"}}},{"job":{"name":"Representative","jobType":"CongressMemberJob"},"startDate":"1849-03-04","startCirca":false,"congressAffiliation":{"congress":{"name":"The 31st United States Congress","congressNumber":31,"congressType":"USCongress","startDate":"1849-03-05","endDate":"1851-03-03"},"partyAffiliation":[{"party":{"name":"Whig"}}],"caucusAffiliation":[{"party":{"name":"Whig"}}],"represents":{"regionType":"DistrictRegion","regionCode":"TN"}}},{"job":{"name":"Representative","jobType":"CongressMemberJob"},"startDate":"1851-03-04","startCirca":false,"congressAffiliation":{"congress":{"name":"The 32nd United States Congress","congressNumber":32,"congressType":"USCongress","startDate":"1851-03-04","endDate":"1853-03-03"},"partyAffiliation":[{"party":{"name":"Whig"}}],"caucusAffiliation":[{"party":{"name":"Whig"}}],"represents":{"regionType":"DistrictRegion","regionCode":"TN"}}}],"creativeWork":[],"researchRecord":[],"deleted":false}}
