{"data":{"usCongressBioId":"W000234","familyName":"Webber","givenName":"George","middleName":"Washington","unaccentedFamilyName":"Webber","unaccentedGivenName":"George","unaccentedMiddleName":"Washington","birthDate":"1825","birthCirca":false,"deathDate":"1900","deathCirca":false,"profileText":"A Representative from Michigan; born in Newbury, Orange County, Vt., November 25, 1825; attended the common schools and the academy at Alfred, Allegany County, N.Y.; moved to Michigan in 1852 and settled in Manistee County, where he engaged in farming, lumbering, manufacturing, and mercantile pursuits; moved to Ionia, Ionia County, in 1858 and continued the lumber and mercantile business; engaged in the banking business at Ionia in 1870; elected president of the Second National Bank of Ionia in 1872, a position which he held until the time of his death; mayor of Ionia in 1874 and 1875; elected as a Republican to the Forty-seventh Congress (March 4, 1881-March 3, 1883); was not a candidate for renomination in 1882; resumed his former business activities; died in Ionia, Mich., January 15, 1900; interment in Highland Park Cemetery.","relationship":[],"asset":[],"jobPositions":[{"job":{"name":"Representative","jobType":"CongressMemberJob"},"congressAffiliation":{"congress":{"name":"The 47th United States Congress","congressNumber":47,"congressType":"USCongress","startDate":"1881-03-04","endDate":"1883-03-03"},"partyAffiliation":[{"party":{"name":"Republican"}}],"caucusAffiliation":[{"party":{"name":"Republican"}}],"represents":{"regionType":"StateRegion","regionCode":"MI"}}}],"creativeWork":[],"researchRecord":[{"name":"In the Tower Family Papers, 1841-1937, 2 linear ft.","recordType":["Papers"],"description":"Other authors include George Washington Webber.","recordLocation":{"name":"Bentley Historical Library","location":{"addressLocality":"Ann Arbor","addressRegion":"MI"},"parentRecordLocation":{"name":"University of Michigan","location":{"addressLocality":"Ann Arbor","addressRegion":"MI"}}}}]}}
