{"data":{"usCongressBioId":"W000560","familyName":"Willis","givenName":"Francis","honorificPrefix":"Mr.","unaccentedFamilyName":"Willis","unaccentedGivenName":"Francis","birthDate":"1745-01-05","birthCirca":false,"birthDateUnknown":false,"deathDate":"1829-01-20","deathCirca":false,"deathDateUnknown":false,"profileText":"a Representative from Georgia; born in Frederick County, Va., January 5, 1745; received a liberal education; served as captain and colonel in the Revolutionary War in 1777 and 1778; moved to Wilkes County, Ga., in 1784; elected as an Anti-Administration candidate to the Second Congress (March 4, 1791-March 3, 1793); moved to Maury County, Tenn.; died on January 25, 1829, in Maury County, Tenn.; interment at Lasting Hope Cemetery, Carters Creek, Tenn.","relationship":[],"asset":[],"jobPositions":[{"job":{"name":"Representative","jobType":"CongressMemberJob"},"startDate":"1791-10-24","startCirca":false,"endCirca":false,"congressAffiliation":{"congress":{"name":"The 2nd United States Congress","congressNumber":2,"congressType":"USCongress","startDate":"1791-03-04","endDate":"1793-03-02"},"partyAffiliation":[{"party":{"name":"Anti-Administration"},"startCirca":false,"endCirca":false}],"caucusAffiliation":[{"party":{"name":"Anti-Administration"},"startCirca":false,"endCirca":false}],"represents":{"regionType":"DistrictRegion","regionCode":"GA"}}}],"creativeWork":[],"researchRecord":[{"name":"In File II Names.","recordType":["Papers"],"description":"File is primarily incoming correspondence to the Governor of Georgia. Finding aid in repository.","recordLocation":{"name":"Georgia Department of Archives and History","location":{"addressLocality":"Atlanta","addressRegion":"GA"}}},{"name":"August 24, 1800. 1 letter.","recordType":["Papers"],"description":"Finding aid in repository.","recordLocation":{"name":"Rare Book and Manuscript Library","location":{"addressLocality":"New York","addressRegion":"NY"},"parentRecordLocation":{"name":"Columbia University","location":{"addressLocality":"New York","addressRegion":"NY"}}}}],"deleted":false}}
