{"data":{"usCongressBioId":"W000664","familyName":"Witte","givenName":"William","middleName":"Henry","honorificPrefix":"Mr.","unaccentedFamilyName":"Witte","unaccentedGivenName":"William","unaccentedMiddleName":"Henry","birthDate":"1817-10-04","birthCirca":false,"deathDate":"1876-11-24","deathCirca":false,"profileText":"A Representative from Pennsylvania; born in Columbia, Morris County, N.J., October 4, 1817; moved to Springtown, Bucks County, Pa., and attended the common schools; moved to Philadelphia in 1840; engaged in mercantile pursuits and the real estate business; elected as a Democrat to the Thirty-third Congress (March 4, 1853-March 3, 1855); engaged in newspaper work and resumed real estate interests; died in Philadelphia, Pa., November 24, 1876; interment in Durham Cemetery, Durham, Bucks County, Pa.","relationship":[],"asset":[],"jobPositions":[{"job":{"name":"Representative","jobType":"CongressMemberJob"},"startDate":"1853-03-04","startCirca":false,"congressAffiliation":{"congress":{"name":"The 33rd United States Congress","congressNumber":33,"congressType":"USCongress","startDate":"1853-03-04","endDate":"1855-03-03"},"partyAffiliation":[{"party":{"name":"Democrat"}}],"caucusAffiliation":[{"party":{"name":"Democrat"}}],"represents":{"regionType":"DistrictRegion","regionCode":"PA"}}}],"creativeWork":[],"researchRecord":[]}}
