{"data":{"usCongressBioId":"W000556","familyName":"Willing","givenName":"Thomas","unaccentedFamilyName":"Willing","unaccentedGivenName":"Thomas","birthDate":"1731","birthCirca":false,"deathDate":"1821","deathCirca":false,"profileText":"A Delegate from Pennsylvania; born in Philadelphia, Pa., December 19, 1731; completed preparatory studies in Bath, England; studied law in London at the Inner Temple; returned to Philadelphia and engaged in mercantile pursuits until 1793; member of the common council in 1755; alderman in 1759; associate justice of the city court October 2, 1759; justice of the court of common pleas February 28, 1761; mayor of Philadelphia in 1763; associate justice of the supreme court of Pennsylvania 1767-1777; member of the committee of correspondence in 1774 and of the committee of safety in 1775; served in the colonial house of representatives; Member of the Continental Congress in 1775 and 1776; president of the Bank of North America; first president of the Bank of the United States 1792-1807; resumed mercantile pursuits; died in Philadelphia, Pa., January 19, 1821; interment in Christ Churchyard.","relationship":[],"asset":[],"jobPositions":[{"job":{"name":"Delegate","jobType":"CongressMemberJob"},"congressAffiliation":{"congress":{"name":"The 2nd Continental Congress","congressNumber":2,"congressType":"ContinentalCongress","startDate":"1775-05-10","endDate":"1781-03-01"},"represents":{"regionType":"StateRegion","regionCode":"PA"}}}],"creativeWork":[{"freeFormCitationText":"Konkle, Burton Alva. <i>Thomas Willing and the First American Financial System</i>. Philadelphia, PA: University of Pennsylvania Press; London: H. Milford, Oxford University Press, 1937."},{"freeFormCitationText":"Slaski, Eugene R. \"Thomas Willing: Moderation during the American Revolution.'' Ph.D. diss., Florida State University, 1971."},{"freeFormCitationText":"Willing, Thomas. <i>Willing Letters and Papers, Edited with a Biographical Essay of Thomas Willing of Philadelphia (1731-1821)</i>. Philadelphia: Allen, Lane and Scott, 1922."},{"freeFormCitationText":"Wright, Robert E. \"Thomas Willing (1731-1821): Philadelphia Financier and Forgotten Founding Father.\" <i>Pennsylvania History</i> 63 (Autumn 1996): 525-60."}],"researchRecord":[{"name":"In the Miscellaneous Manuscripts Collection, ca. 1788-1800, 2 items.","recordType":["Papers"],"description":"Letters of Thomas Willing, ca. 1788-1800.","recordLocation":{"name":"Manuscript Division","location":{"addressLocality":"Washington","addressRegion":"DC"},"parentRecordLocation":{"name":"Library of Congress","location":{"addressLocality":"Washington","addressRegion":"DC"}}}},{"name":"1803, 1 item.","recordType":["Papers"],"description":"A letter from Benjamin Lincoln to Thomas Willing written on February 27, 1803. On back of same page, there is the reply of Thomas Willing, dated Philadelphia, March 7, 1803.","recordLocation":{"name":"Department of Literary and Historical Manuscripts","location":{"addressLocality":"New York","addressRegion":"NY"},"parentRecordLocation":{"name":"The Morgan Library","location":{"addressLocality":"New York","addressRegion":"NY"}}}},{"name":"1790, 1 item.","recordType":["Papers"],"description":"A letter from Thomas Willing to Alexander Donald, a merchant in Richmond, written in 1790.","recordLocation":{"name":"Special Collections, Van Pelt Library","location":{"addressLocality":"Philadelphia","addressRegion":"PA"},"parentRecordLocation":{"name":"University of Pennsylvania","location":{"addressLocality":"Philadelphia","addressRegion":"PA"}}}}]}}
