{"data":{"usCongressBioId":"W000189","familyName":"Watkins","givenName":"Albert","middleName":"Galiton","honorificPrefix":"Mr.","unaccentedFamilyName":"Watkins","unaccentedGivenName":"Albert","unaccentedMiddleName":"Galiton","birthDate":"1818-05-05","birthCirca":false,"deathDate":"1895-11-09","deathCirca":false,"profileText":"A Representative from Tennessee; born near Jefferson City, Jefferson County, Tenn., May 5, 1818; was graduated from Holston College, Tennessee; studied law; was admitted to the bar and began practice at Panther Springs, Tenn., in 1839; member of the State house of representatives in 1845; elected as a Whig to the Thirty-first and Thirty-second Congresses (March 4, 1849-March 3, 1853); unsuccessful candidate for reelection in 1852 to the Thirty-third Congress; elected as a Democrat to the Thirty-fourth and Thirty-fifth Congresses (March 4, 1855-March 3, 1859); was not a candidate for renomination in 1858; engaged in the ministry; died in Mooresburg, Hawkins County, Tenn., November 9, 1895; interment in Westview Cemetery, Jefferson City, Tenn.","relationship":[],"asset":[],"jobPositions":[{"job":{"name":"Representative","jobType":"CongressMemberJob"},"startDate":"1849-03-04","startCirca":false,"congressAffiliation":{"congress":{"name":"The 31st United States Congress","congressNumber":31,"congressType":"USCongress","startDate":"1849-03-05","endDate":"1851-03-03"},"partyAffiliation":[{"party":{"name":"Whig"}}],"caucusAffiliation":[{"party":{"name":"Whig"}}],"represents":{"regionType":"DistrictRegion","regionCode":"TN"}}},{"job":{"name":"Representative","jobType":"CongressMemberJob"},"startDate":"1851-03-04","startCirca":false,"congressAffiliation":{"congress":{"name":"The 32nd United States Congress","congressNumber":32,"congressType":"USCongress","startDate":"1851-03-04","endDate":"1853-03-03"},"partyAffiliation":[{"party":{"name":"Whig"}}],"caucusAffiliation":[{"party":{"name":"Whig"}}],"represents":{"regionType":"DistrictRegion","regionCode":"TN"}}},{"job":{"name":"Representative","jobType":"CongressMemberJob"},"startDate":"1855-03-04","startCirca":false,"congressAffiliation":{"congress":{"name":"The 34th United States Congress","congressNumber":34,"congressType":"USCongress","startDate":"1855-12-03","endDate":"1857-03-03"},"partyAffiliation":[{"party":{"name":"Democrat"}}],"caucusAffiliation":[{"party":{"name":"Democrat"}}],"represents":{"regionType":"DistrictRegion","regionCode":"TN"}}},{"job":{"name":"Representative","jobType":"CongressMemberJob"},"startDate":"1857-03-04","startCirca":false,"congressAffiliation":{"congress":{"name":"The 35th United States Congress","congressNumber":35,"congressType":"USCongress","startDate":"1857-03-04","endDate":"1859-03-03"},"partyAffiliation":[{"party":{"name":"Democrat"}}],"caucusAffiliation":[{"party":{"name":"Democrat"}}],"represents":{"regionType":"DistrictRegion","regionCode":"TN"}}}],"creativeWork":[],"researchRecord":[{"name":"1851, 3 pages.","recordType":["Papers"],"description":"A letter from Albert G. Watkins to Daniel Webster written on February 4, 1851. In the letter, Watkins writes that he supports Samuel Eckle for consulship and gives the facts in the case.","recordLocation":{"name":"Rauner Special Collections Library","location":{"addressLocality":"Hanover","addressRegion":"NH"},"parentRecordLocation":{"name":"Dartmouth College","location":{"addressLocality":"Hanover","addressRegion":"NH"}}}}]}}
