{"data":{"usCongressBioId":"W000040","familyName":"Waldron","givenName":"Alfred","middleName":"Marpole","honorificPrefix":"Mr.","unaccentedFamilyName":"Waldron","unaccentedGivenName":"Alfred","unaccentedMiddleName":"Marpole","birthDate":"1865-09-21","birthCirca":false,"deathDate":"1952-06-28","deathCirca":false,"profileText":"A Representative from Pennsylvania; born in Philadelphia, Pa., September 21, 1865; educated in the public schools of Philadelphia; engaged in the insurance business; member of the Philadelphia Select Council 1911-1924; member of the Republican city committee 1916-1936; delegate to the Republican National Conventions in 1924, 1928, and 1932; elected as a Republican to the Seventy-third Congress (March 4, 1933-January 3, 1935); did not seek renomination in 1934; resumed the insurance business; died in Philadelphia, Pa., June 28, 1952; interment in North Cedar Hill Cemetery.","relationship":[],"asset":[],"jobPositions":[{"job":{"name":"Representative","jobType":"CongressMemberJob"},"startDate":"1933-03-04","startCirca":false,"congressAffiliation":{"congress":{"name":"The 73rd United States Congress","congressNumber":73,"congressType":"USCongress","startDate":"1933-03-04","endDate":"1935-01-03"},"partyAffiliation":[{"party":{"name":"Republican"}}],"caucusAffiliation":[{"party":{"name":"Republican"}}],"represents":{"regionType":"DistrictRegion","regionCode":"PA"}}}],"creativeWork":[],"researchRecord":[]}}
