{"data":{"usCongressBioId":"W000179","familyName":"Washington","givenName":"George","middleName":"Corbin","honorificPrefix":"Mr.","unaccentedFamilyName":"Washington","unaccentedGivenName":"George","unaccentedMiddleName":"Corbin","birthDate":"1789-08-20","birthCirca":false,"birthDateUnknown":false,"deathDate":"1854-07-17","deathCirca":false,"deathDateUnknown":false,"profileText":"a Representative from Maryland; born on \"Haywood Farms,\" near Oak Grove, Westmoreland County, Va., August 20, 1789; attended Harvard University; studied law, but devoted himself to agricultural pursuits on his plantation in Maryland; resided for the most part at Dumbarton Heights, in Georgetown, D.C.; elected as an Adams candidate to the Twentieth Congress; reelected as an Anti-Jacksonian candidate to the Twenty-first and to the succeeding Congress (March 4, 1827-March 3, 1833); chairman, Committee on District of Columbia (Twenty-second Congress); was not a candidate for renomination in 1832; elected as a Whig to the Twenty-fourth Congress (March 4, 1835-March 3, 1837); was not a candidate for renomination in 1836; president of the Chesapeake &amp; Ohio Canal Co.; was appointed by President Tyler in 1844 as a commissioner to adjust and settle the claims arising under the treaty of 1835 with the Cherokee Nation; died in Georgetown, D.C., July 17, 1854; interment in Oak Hill Cemetery.","relationship":[{"relationshipType":"grandnephew","relatedTo":{"usCongressBioId":"W000178","familyName":"Washington","givenName":"George","honorificPrefix":"Mr.","unaccentedFamilyName":"Washington","unaccentedGivenName":"George","birthDate":"1732-02-22","birthCirca":false,"deathDate":"1799-12-14","deathCirca":false}}],"asset":[],"jobPositions":[{"job":{"name":"Representative","jobType":"CongressMemberJob"},"startDate":"1827-12-03","startCirca":false,"endCirca":false,"congressAffiliation":{"congress":{"name":"The 20th United States Congress","congressNumber":20,"congressType":"USCongress","startDate":"1827-12-03","endDate":"1829-03-03"},"partyAffiliation":[{"party":{"name":"Adams"},"startCirca":false,"endCirca":false}],"caucusAffiliation":[{"party":{"name":"Adams"},"startCirca":false,"endCirca":false}],"represents":{"regionType":"DistrictRegion","regionCode":"MD"}}},{"job":{"name":"Representative","jobType":"CongressMemberJob"},"startDate":"1829-12-07","startCirca":false,"congressAffiliation":{"congress":{"name":"The 21st United States Congress","congressNumber":21,"congressType":"USCongress","startDate":"1829-03-04","endDate":"1831-03-03"},"partyAffiliation":[{"party":{"name":"Anti-Jacksonian"}}],"caucusAffiliation":[{"party":{"name":"Anti Jacksonian"}}],"represents":{"regionType":"DistrictRegion","regionCode":"MD"}}},{"job":{"name":"Representative","jobType":"CongressMemberJob"},"startDate":"1831-12-05","startCirca":false,"endCirca":false,"congressAffiliation":{"congress":{"name":"The 22nd United States Congress","congressNumber":22,"congressType":"USCongress","startDate":"1831-12-05","endDate":"1833-03-02"},"partyAffiliation":[{"party":{"name":"Anti-Jacksonian"},"startCirca":false,"endCirca":false}],"caucusAffiliation":[{"party":{"name":"Anti Jacksonian"},"startCirca":false,"endCirca":false}],"represents":{"regionType":"DistrictRegion","regionCode":"MD"}}},{"job":{"name":"Representative","jobType":"CongressMemberJob"},"startDate":"1835-12-07","startCirca":false,"endCirca":false,"congressAffiliation":{"congress":{"name":"The 24th United States Congress","congressNumber":24,"congressType":"USCongress","startDate":"1835-12-07","endDate":"1837-03-03"},"partyAffiliation":[{"party":{"name":"Whig"},"startCirca":false,"endCirca":false}],"caucusAffiliation":[{"party":{"name":"Whig"},"startCirca":false,"endCirca":false}],"represents":{"regionType":"DistrictRegion","regionCode":"MD"}}}],"creativeWork":[],"researchRecord":[{"name":"1845, 1 item.","recordType":["Papers"],"description":"A report of George Corbin Washington and John Thomson Mason, 1845 July 23.","recordLocation":{"name":"Manuscript Division","location":{"addressLocality":"Washington","addressRegion":"DC"},"parentRecordLocation":{"name":"Library of Congress","location":{"addressLocality":"Washington","addressRegion":"DC"}}}},{"name":"In the Records of the Chesapeake and Ohio Canal Company, 1836-1840, 1 volume.","recordType":["Papers"],"description":"Subjects include George Washington Corbin.","recordLocation":{"name":"Manuscript Division","location":{"addressLocality":"Washington","addressRegion":"DC"},"parentRecordLocation":{"name":"Library of Congress","location":{"addressLocality":"Washington","addressRegion":"DC"}}}},{"name":"In the Jared Sparks Papers, 1776-1865, 17 items.","recordType":["Papers"],"description":"Correspondents include George Corbin Washington.","recordLocation":{"name":"Manuscript Division","location":{"addressLocality":"Washington","addressRegion":"DC"},"parentRecordLocation":{"name":"Library of Congress","location":{"addressLocality":"Washington","addressRegion":"DC"}}}},{"name":"In the Washington Family Collection, ca. 1582-1965, 800 items.","recordType":["Papers"],"description":"Persons represented include George Corbin Washington.","recordLocation":{"name":"Manuscript Division","location":{"addressLocality":"Washington","addressRegion":"DC"},"parentRecordLocation":{"name":"Library of Congress","location":{"addressLocality":"Washington","addressRegion":"DC"}}}},{"name":"In the Henry Woodhouse Collection Relating to George Washington, ca. 1656-1930, approximately 4,500 items.","recordType":["Papers"],"description":"Persons represented include George Corbin Washington.","recordLocation":{"name":"Manuscript Division","location":{"addressLocality":"Washington","addressRegion":"DC"},"parentRecordLocation":{"name":"Library of Congress","location":{"addressLocality":"Washington","addressRegion":"DC"}}}},{"name":"1781-1837, 23 items.","recordType":["Papers"],"description":"The papers of George Corbin Washington include correspondence with General George Washington, R. H. Lee, George Mason Gunston, Judge John Buchanan, Charles Carroll, Henry Clay, and Susan Decatur.","recordLocation":{"name":"Maryland Historical Society","location":{"addressLocality":"Baltimore","addressRegion":"MD"}}},{"name":"1832, 1 letter.","recordType":["Papers"],"description":"A letter from Secretary of the Treasury Louis McLane to Hon. George Corbin Washington written on June 25, 1832.McLane's letter accompanies statements showing amounts and rates of duties under the present tariff and that proposed.","recordLocation":{"name":"Maryland Historical Society","location":{"addressLocality":"Baltimore","addressRegion":"MD"}}},{"name":"1879, 2 leaves.","recordType":["Papers"],"description":"A letter from John A.J. Creswell to written on November 15, 1879. In the letter, Creswell accepts an invitation for the 11th Reunion of the Society of the Army of the Cumberland &amp; the unveiling of the statue of the late Gen. George H. Thomas at Washington.","recordLocation":{"name":"Maryland Historical Society","location":{"addressLocality":"Baltimore","addressRegion":"MD"}}},{"name":"1 letter.","recordType":["Papers"],"recordLocation":{"name":"Boston Public Library","location":{"addressLocality":"Boston","addressRegion":"MA"}}},{"name":"1834, 4 pages.","recordType":["Papers"],"description":"A letter from George Corbin Washington to Daniel Webster written on December 23, 1834. In the letter, Washington writes that Mr. Sparks is holding some of General Washington's papers and that the matter will be brought before Congress.","recordLocation":{"name":"Rauner Special Collections Library","location":{"addressLocality":"Hanover","addressRegion":"NH"},"parentRecordLocation":{"name":"Dartmouth College","location":{"addressLocality":"Hanover","addressRegion":"NH"}}}},{"name":"In the Augustine B. Hawley and Family Papers, 1757-1956, 1 cubic foot.","recordType":["Papers"],"description":"Other authors include George Corbin Washington.","recordLocation":{"name":"Massachusetts Historical Society","url":"http://thomasjeffersonpapers.org/independence","location":{"addressLocality":"Boston","addressRegion":"MA"}}},{"name":"December 20, 1832; June 18, 1845. 2 letters.","recordType":["Papers"],"description":"Finding aid in repository.","recordLocation":{"name":"New-York Historical Society","location":{"addressLocality":"New York","addressRegion":"NY"}}},{"name":"1826, 2 pages.","recordType":["Papers"],"description":"A letter from George Corbin Washington to Robert Beverley written on February 16, 1826. In the letter, Washington accepts, in verse, an invitation to dinner. Beverley has copied the text of the invitation onto the integral leaf.","recordLocation":{"name":"The Rosenbach Museum & Library","location":{"addressLocality":"Philadelphia","addressRegion":"PA"}}},{"name":"In the Virginia Miscellany Papers, 1816-1849, 7 items.","recordType":["Papers"],"description":"The papers include a letter from George Corbin Washington written to an unidentified recipient on January 28, 1847. In the letter, Washington writes regarding a claim against him by a person named Mr. Wallace.","recordLocation":{"name":"Albert and Shirley Small Special Collections Library","location":{"addressLocality":"Charlottesville","addressRegion":"VA"},"parentRecordLocation":{"name":"University of Virginia","location":{"addressLocality":"Charlottesville","addressRegion":"VA"}}}},{"name":"In the Washington Family Papers, 1770-1833, 50 items.","recordType":["Papers"],"description":"The papers include a letter, 4 November 1837, from George Corbin Washington, regarding financial matters, as well as a legal opinion, 4 December 1844, signed by George Corbin Washington, regarding lands abandoned under the Adams-Onis Treaty of 1819.","recordLocation":{"name":"Albert and Shirley Small Special Collections Library","location":{"addressLocality":"Charlottesville","addressRegion":"VA"},"parentRecordLocation":{"name":"University of Virginia","location":{"addressLocality":"Charlottesville","addressRegion":"VA"}}}},{"name":"In the Washington Family Papers, 1784-1843, 31 items.","recordType":["Papers"],"description":"The papers include a letter, 27 July 1824, from Bushrod Washington to George Corbin Washington, regarding a visit from a relative.","recordLocation":{"name":"Albert and Shirley Small Special Collections Library","location":{"addressLocality":"Charlottesville","addressRegion":"VA"},"parentRecordLocation":{"name":"University of Virginia","location":{"addressLocality":"Charlottesville","addressRegion":"VA"}}}}],"deleted":false}}
