{"data":{"usCongressBioId":"W000385","familyName":"White","givenName":"Leonard","honorificPrefix":"Mr.","unaccentedFamilyName":"White","unaccentedGivenName":"Leonard","birthDate":"1767-05-03","birthCirca":false,"deathDate":"1849-10-10","deathCirca":false,"profileText":"A Representative from Massachusetts; born in Haverhill, Essex County, Mass., May 3, 1767; was graduated from Harvard University in 1787; member of the State house of representatives in 1809; held many local offices; elected as a Federalist to the Twelfth Congress (March 4, 1811-March 3, 1813); town clerk of Haverhill; cashier of the Merrimack Bank of Haverhill 1814-1836; died in Haverhill, Mass., October 10, 1849; interment in Pentucket Cemetery.","relationship":[],"asset":[],"jobPositions":[{"job":{"name":"Representative","jobType":"CongressMemberJob"},"startDate":"1811-11-04","startCirca":false,"congressAffiliation":{"congress":{"name":"The 12th United States Congress","congressNumber":12,"congressType":"USCongress","startDate":"1811-11-04","endDate":"1813-03-03"},"partyAffiliation":[{"party":{"name":"Federalist"}}],"caucusAffiliation":[{"party":{"name":"Federalist"}}],"represents":{"regionType":"StateRegion","regionCode":"MA"},"note":[{"type":"Note","noteType":"FootNote","content":"Represented district of Essex - North."}]}}],"creativeWork":[],"researchRecord":[]}}
