{"data":{"usCongressBioId":"W000687","familyName":"Wood","givenName":"Abiel","honorificPrefix":"Mr.","unaccentedFamilyName":"Wood","unaccentedGivenName":"Abiel","birthDate":"1772-07-22","birthCirca":false,"birthDateUnknown":false,"deathDate":"1834-10-26","deathCirca":false,"deathDateUnknown":false,"profileText":"a Representative from Massachusetts; born in Wiscasset, Maine (then a district of Massachusetts), July 22, 1772; attended the common schools; engaged in mercantile pursuits; member of the Massachusetts house of representatives 1807-1811, and again in 1816; elected as a Democratic Republican to the Thirteenth Congress (March 4, 1813-March 3, 1815); unsuccessful candidate for reelection in 1814 to the Fourteenth Congress; delegate to the constitutional convention of Maine in 1819; state councilor of Maine in 1820 and 1821; resumed mercantile pursuits and also engaged in shipping; bank commissioner for Maine until his death in Belfast, Waldo County, Maine, October 26, 1834; interment in Woodlawn Cemetery, Wiscasset, Lincoln County, Maine.","relationship":[],"asset":[],"jobPositions":[{"job":{"name":"Representative","jobType":"CongressMemberJob"},"startDate":"1813-05-24","startCirca":false,"endCirca":false,"congressAffiliation":{"congress":{"name":"The 13th United States Congress","congressNumber":13,"congressType":"USCongress","startDate":"1813-05-24","endDate":"1815-03-03"},"partyAffiliation":[{"party":{"name":"Democratic Republican"},"startCirca":false,"endCirca":false}],"caucusAffiliation":[{"party":{"name":"Democratic Republican"},"startCirca":false,"endCirca":false}],"represents":{"regionType":"StateRegion","regionCode":"MA"},"note":[{"type":"Note","content":"Represented 4th Eastern district.","noteType":"FootNote"}]}}],"creativeWork":[],"researchRecord":[{"name":"In the John Hannibal Sheppard Papers, 1791-1873, 4 linear feet.","recordType":["Papers"],"description":"Subjects include Abiel Wood.","recordLocation":{"name":"R Stanton Avery Special Collections Department","location":{"addressLocality":"Boston","addressRegion":"MA"},"parentRecordLocation":{"name":"New England Historic Genealogical Society","location":{"addressLocality":"Boston","addressRegion":"MA"}}}},{"name":"1797-1819, 6 items.","recordType":["Papers"],"description":"Correspondence from Abiel Wood concerning shipping matters and seizures of ships by French and English pirates. The papers include a letter (1819 Aug. 30) from Wood to Jacob Barker, a creditor from New York. Vessels represented include the schooner Polly.","recordLocation":{"name":"Maine Historical Society","location":{"addressLocality":"Portland","addressRegion":"ME"}}}],"deleted":false}}
