{"data":{"usCongressBioId":"W000337","familyName":"Wheeler","givenName":"John","honorificPrefix":"Mr.","unaccentedFamilyName":"Wheeler","unaccentedGivenName":"John","birthDate":"1823-02-11","birthCirca":false,"deathDate":"1906-04-01","deathCirca":false,"profileText":"A Representative from New York; born in Humphreysville (now Seymour), New Haven County, Conn., February 11, 1823; attended the common schools at Cheshire, Conn.; moved to New York City in 1843 and was engaged in the hotel business with his father; became a dry-goods clerk; elected as a Democrat to the Thirty-third and Thirty-fourth Congresses (March 4, 1853-March 3, 1857); declined to be a candidate for renomination in 1856 to the Thirty-fifth Congress; commissioner and president of the Department of Taxes and Assessments of New York City 1872-1880; member of the Board of Estimates and Apportionments and commissioner of accounts of New York City; was a lawyer, but did not practice; died in New York City April 1, 1906; interment in Woodlawn Cemetery.","relationship":[],"asset":[],"jobPositions":[{"job":{"name":"Representative","jobType":"CongressMemberJob"},"startDate":"1853-03-04","startCirca":false,"congressAffiliation":{"congress":{"name":"The 33rd United States Congress","congressNumber":33,"congressType":"USCongress","startDate":"1853-03-04","endDate":"1855-03-03"},"partyAffiliation":[{"party":{"name":"Democrat"}}],"caucusAffiliation":[{"party":{"name":"Democrat"}}],"represents":{"regionType":"DistrictRegion","regionCode":"NY"}}},{"job":{"name":"Representative","jobType":"CongressMemberJob"},"startDate":"1855-03-04","startCirca":false,"congressAffiliation":{"congress":{"name":"The 34th United States Congress","congressNumber":34,"congressType":"USCongress","startDate":"1855-12-03","endDate":"1857-03-03"},"partyAffiliation":[{"party":{"name":"Democrat"}}],"caucusAffiliation":[{"party":{"name":"Democrat"}}],"represents":{"regionType":"DistrictRegion","regionCode":"NY"}}}],"creativeWork":[],"researchRecord":[]}}
