{"data":{"usCongressBioId":"W000745","familyName":"Worman","givenName":"Ludwig","honorificPrefix":"Mr.","unaccentedFamilyName":"Worman","unaccentedGivenName":"Ludwig","birthDate":"1761","birthCirca":false,"birthDateUnknown":false,"deathDate":"1822-10-17","deathCirca":false,"deathDateUnknown":false,"profileText":"a Representative from Pennsylvania; born in Tinicum Township, Bucks County, Pa., in 1761; received a limited schooling; learned the tanning business; moved to Earl Township, Berks County, Pa., in 1784 and established a tannery; elected as a Federalist to the Seventeenth Congress and served from March 4, 1821, until his death; unsuccessful candidate for reelection in 1822 to the Eighteenth Congress; died in Earl Township, Berks County, Pa., October 17, 1822; interment location is unknown.","relationship":[],"asset":[],"jobPositions":[{"job":{"name":"Representative","jobType":"CongressMemberJob"},"startDate":"1821-12-03","startCirca":false,"congressAffiliation":{"congress":{"name":"The 17th United States Congress","congressNumber":17,"congressType":"USCongress","startDate":"1821-12-03","endDate":"1823-03-03"},"partyAffiliation":[{"party":{"name":"Federalist"}}],"caucusAffiliation":[{"party":{"name":"Federalist"}}],"represents":{"regionType":"DistrictRegion","regionCode":"PA"}}}],"creativeWork":[],"researchRecord":[],"deleted":false}}
