{"data":{"usCongressBioId":"W000578","familyName":"Wilson","givenName":"Eugene","middleName":"McLanahan","honorificPrefix":"Mr.","unaccentedFamilyName":"Wilson","unaccentedGivenName":"Eugene","unaccentedMiddleName":"McLanahan","birthDate":"1833-12-25","birthCirca":false,"deathDate":"1890-04-10","deathCirca":false,"profileText":"A Representative from Minnesota; born in Morgantown, Monongalia County, Va. (now West Virginia), December 25, 1833; attended the common schools and Morgantown Academy; was graduated from Jefferson College, Canonsburg, Pa., in 1852; studied law; was admitted to the bar in 1855 and commenced practice in Winona, Minn.; United States attorney for the district of Minnesota with residence in Minneapolis 1857-1861; continued the practice of law in Minneapolis; served in the Union Army during the Civil War as captain of Company A, First Minnesota Mounted Rangers; elected as a Democrat to the Forty-first Congress (March 4, 1869-March 3, 1871); was not a candidate for renomination in 1870; resumed the practice of law; elected mayor of Minneapolis in 1872 and 1874; unsuccessful candidate for election in 1874 to the Forty-fourth Congress; delegate to the Democratic National Convention in 1876; member of the State senate in 1878 and 1879; unsuccessful candidate for Governor in 1888; died while on a visit to regain his health in Nassau, New Providence Island, British West Indies, April 10, 1890; interment in Lakewood Cemetery, Minneapolis, Minn.","relationship":[{"relationshipType":"son","relatedTo":{"usCongressBioId":"W000574","familyName":"Wilson","givenName":"Edgar","middleName":"Campbell","honorificPrefix":"Mr.","unaccentedFamilyName":"Wilson","unaccentedGivenName":"Edgar","unaccentedMiddleName":"Campbell","birthDate":"1800-10-18","birthCirca":false,"birthDateUnknown":false,"deathDate":"1860-04-24","deathCirca":false,"deathDateUnknown":false,"deleted":false}},{"relationshipType":"grandson","relatedTo":{"usCongressBioId":"W000615","familyName":"Wilson","givenName":"Thomas","honorificPrefix":"Mr.","unaccentedFamilyName":"Wilson","unaccentedGivenName":"Thomas","birthDate":"1765-09-11","birthCirca":false,"deathDate":"1826-01-24","deathCirca":false}},{"relationshipType":"great-grandson","relatedTo":{"usCongressBioId":"G000461","familyName":"Griffin","givenName":"Isaac","honorificPrefix":"Mr.","unaccentedFamilyName":"Griffin","unaccentedGivenName":"Isaac","birthDate":"1756-02-27","birthCirca":false,"birthDateUnknown":false,"deathDate":"1827-10-12","deathCirca":false,"deathDateUnknown":false,"deleted":false}}],"asset":[],"jobPositions":[{"job":{"name":"Representative","jobType":"CongressMemberJob"},"startDate":"1869-03-04","startCirca":false,"congressAffiliation":{"congress":{"name":"The 41st United States Congress","congressNumber":41,"congressType":"USCongress","startDate":"1869-03-04","endDate":"1871-03-03"},"partyAffiliation":[{"party":{"name":"Democrat"}}],"caucusAffiliation":[{"party":{"name":"Democrat"}}],"represents":{"regionType":"DistrictRegion","regionCode":"MN"}}}],"creativeWork":[],"researchRecord":[{"name":"Miscellany in 3 collections.","recordType":["Papers"],"recordLocation":{"name":"Minnesota Historical Society","location":{"addressLocality":"St. Paul","addressRegion":"MN"}}}]}}
