{"data":{"usCongressBioId":"W000347","familyName":"Whitacre","givenName":"John","middleName":"Jefferson","honorificPrefix":"Mr.","unaccentedFamilyName":"Whitacre","unaccentedGivenName":"John","unaccentedMiddleName":"Jefferson","birthDate":"1860-12-28","birthCirca":false,"birthDateUnknown":false,"deathDate":"1938-12-02","deathCirca":false,"deathDateUnknown":false,"image":[{"contentUrl":"/bioguide-staging/assets/66d751aef82b0eef2ffd694f.jpg","caption":"Image courtesy of the Library of Congress","name":"W000347_001"}],"profileText":"A Representative from Ohio; born in Decatur, Burt County, Nebr., December 28, 1860; attended the public schools, Hiram (Ohio) College, and the University of Michigan at Ann Arbor; engaged as a manufacturer of hollow building tile; delegate to the Democratic National Convention in 1912; unsuccessful candidate in 1908 to the Sixty-first Congress; elected as a Democrat to the Sixty-second and Sixty-third Congresses (March 4, 1911-March 3, 1915); resumed his former manufacturing pursuits; president of the Whitacre Engineering Co. and the Whitacre-Greer Fireproofing Co.; died in Miami, Fla., December 2, 1938; interment in Magnolia Cemetery, Magnolia, Ohio.","relationship":[],"asset":[{"name":"W000347_001","assetType":"Image","contentUrl":"/bioguide-published/assets/66d751aef82b0eef2ffd694f.jpg","creditLine":"Image courtesy of the Library of Congress","associatedEntity":[],"note":[{"noteType":"ImageNote","content":"https://www.loc.gov/item/2016856146/"}],"usageRight":["Import to Congress.gov"]}],"jobPositions":[{"job":{"name":"Representative","jobType":"CongressMemberJob"},"startDate":"1911-03-04","startCirca":false,"congressAffiliation":{"congress":{"name":"The 62nd United States Congress","congressNumber":62,"congressType":"USCongress","startDate":"1911-04-04","endDate":"1913-03-04"},"partyAffiliation":[{"party":{"name":"Democrat"}}],"caucusAffiliation":[{"party":{"name":"Democrat"}}],"represents":{"regionType":"DistrictRegion","regionCode":"OH"}}},{"job":{"name":"Representative","jobType":"CongressMemberJob"},"startDate":"1913-03-04","startCirca":false,"congressAffiliation":{"congress":{"name":"The 63rd United States Congress","congressNumber":63,"congressType":"USCongress","startDate":"1913-03-04","endDate":"1915-03-04"},"partyAffiliation":[{"party":{"name":"Democrat"}}],"caucusAffiliation":[{"party":{"name":"Democrat"}}],"represents":{"regionType":"DistrictRegion","regionCode":"OH"}}}],"creativeWork":[],"researchRecord":[],"deleted":false}}
