{"data":{"usCongressBioId":"W000432","familyName":"Whittlesey","givenName":"Frederick","unaccentedFamilyName":"Whittlesey","unaccentedGivenName":"Frederick","birthDate":"1799-06-12","birthCirca":false,"birthDateUnknown":false,"deathDate":"1851-09-19","deathCirca":false,"deathDateUnknown":false,"profileText":"a Representative from New York; born in New Preston, Conn., June 12, 1799; pursued academic studies; was graduated from Yale College in 1818; studied law; was admitted to the bar in Utica, N.Y., in 1821 and commenced practice in Cooperstown, N.Y., early in 1822; later in the year moved to Rochester, N.Y.; treasurer of Monroe County in 1829 and 1830; elected as an Anti-Mason to the Twenty-second and Twenty-third Congresses (March 4, 1831-March 3, 1835); chairman, Committee on Expenditures in the Department of War (Twenty-third Congress); resumed the practice of law; city attorney of Rochester in 1838; vice chancellor of the eighth judicial district of New York 1839-1847; justice of the State supreme court in 1847 and 1848; professor of law at Genesee College in 1850 and 1851; died in Rochester, N.Y., September 19, 1851; interment in Mount Hope Cemetery.","relationship":[{"relationshipType":"cousin","relatedTo":{"usCongressBioId":"W000431","familyName":"Whittlesey","givenName":"Elisha","honorificPrefix":"Mr.","unaccentedFamilyName":"Whittlesey","unaccentedGivenName":"Elisha","birthDate":"1783-10-19","birthCirca":false,"birthDateUnknown":false,"deathDate":"1863-01-07","deathCirca":false,"deathDateUnknown":false,"deleted":false}},{"relationshipType":"cousin","relatedTo":{"usCongressBioId":"W000433","familyName":"Whittlesey","givenName":"Thomas","middleName":"Tucker","honorificPrefix":"Mr.","unaccentedFamilyName":"Whittlesey","unaccentedGivenName":"Thomas","unaccentedMiddleName":"Tucker","birthDate":"1798-12-08","birthCirca":false,"birthDateUnknown":false,"deathDate":"1868-08-20","deathCirca":false,"deathDateUnknown":false,"deleted":false}}],"asset":[],"jobPositions":[{"job":{"name":"Representative","jobType":"CongressMemberJob"},"congressAffiliation":{"congress":{"name":"The 22nd United States Congress","congressNumber":22,"congressType":"USCongress","startDate":"1831-12-05","endDate":"1833-03-02"},"partyAffiliation":[{"party":{"name":"Anti-Masonic"}}],"caucusAffiliation":[{"party":{"name":"Anti Mason"}}],"represents":{"regionType":"StateRegion","regionCode":"NY"}}},{"job":{"name":"Representative","jobType":"CongressMemberJob"},"congressAffiliation":{"congress":{"name":"The 23rd United States Congress","congressNumber":23,"congressType":"USCongress","startDate":"1833-12-02","endDate":"1835-03-03"},"partyAffiliation":[{"party":{"name":"Anti-Masonic"}}],"caucusAffiliation":[{"party":{"name":"Anti Mason"}}],"represents":{"regionType":"StateRegion","regionCode":"NY"}}}],"creativeWork":[{"freeFormCitationText":"Haigh, Elizabeth Bruchholz. \"New York Antimasons, 1826-1833.\" Ph. D. Diss., University of Rochester, 1980."},{"freeFormCitationText":"[Smith, Gerrit]. [<i>Open letter to Hon. F. Whittlesey of Rochester</i>]. [Peterboro? N.Y.: The author?, 1845]."},{"freeFormCitationText":"Whittlesey, Frederick. <i>An address, delivered at Washington Square, Rochester, July fourth, A. D. 1842</i>. Rochester: Printed by D. Hoyt, 1842."},{"freeFormCitationText":"___. <i>Address of the Hon. Frederick Whittlesey, at the third annual fair of the Mechanics of Wester New-York: Together with the remarks of the examining committees on the articles exhibited at the fair</i>. Rochester: John I. Reilly &amp; Co., Printers, 1841."}],"researchRecord":[{"name":"1841, 2 letters.","recordType":["Papers"],"description":"The library includes two letters with Frederick Whittlesey from November 25 and December 15, 1841.","recordLocation":{"name":"New-York Historical Society","location":{"addressLocality":"New York","addressRegion":"NY"}}},{"name":"In the Local Letter Collection, 1829, 1 letter.","recordType":["Papers"],"description":"A letter from Frederick Whittlesey to Addison Gardner written in 1829. In the letter, Whittlesey discusses politics in the New York State and the author and recipients roles there in.","recordLocation":{"name":"Rochester Museum and Science Center","location":{"addressLocality":"Rochester","addressRegion":"NY"}}},{"name":"In the William Henry Seward Papers, 1730-1917, 198 reels.","recordType":["Microfilm"],"description":"Correspondents include Frederick Whittlesey.","recordLocation":{"name":"Rare Books & Special Collections","location":{"addressLocality":"Rochester","addressRegion":"NY"},"parentRecordLocation":{"name":"University of Rochester","location":{"addressLocality":"Rochester","addressRegion":"NY"}}}},{"name":"In the Thurlow Weed Papers, 1775-1900, 10 file drawers, 5 document boxes, and 5 albums.","recordType":["Papers"],"description":"Correspondents include Frederick Whittlesey.","recordLocation":{"name":"Rare Books & Special Collections","location":{"addressLocality":"Rochester","addressRegion":"NY"},"parentRecordLocation":{"name":"University of Rochester","location":{"addressLocality":"Rochester","addressRegion":"NY"}}}}],"deleted":false}}
