{"data":{"usCongressBioId":"W000078","familyName":"Wallace","givenName":"James","middleName":"M.","honorificPrefix":"Mr.","unaccentedFamilyName":"Wallace","unaccentedGivenName":"James","unaccentedMiddleName":"M.","birthDate":"1750","birthCirca":false,"birthDateUnknown":false,"deathDate":"1823-12-17","deathCirca":false,"deathDateUnknown":false,"profileText":"a Representative from Pennsylvania; born in Hanover Township, Lancaster (now Dauphin) County, Pa., in 1750; pursued preparatory studies in Philadelphia; participated in the Revolution as a member of Capt. James Roger's, Col. Timothy Green's, and Capt. William Brown's companies, and at the close of the war was major of a battalion of Associators; commanded a company of rangers in defense of the frontier in 1779; became major of the Dauphin County Militia in 1796; one of the commissioners of the county 1799-1801; member of the State house of representatives 1806-1810; elected as a Democratic Republican to the Fourteenth Congress to fill the vacancy caused by the declination of Amos Ellmaker to serve; reelected to the Fifteenth and to the succeeding Congress (October 10, 1815-March 3, 1821); declined to be a candidate for renomination and retired to his farm; died near Hummelstown, West Hanover Township, Dauphin County, Pa., December 17, 1823; interment in the Old Derry Church Graveyard, Derry (now Hershey), Pa.","relationship":[],"asset":[],"jobPositions":[{"job":{"name":"Representative","jobType":"CongressMemberJob"},"startDate":"1815-12-04","startCirca":false,"endCirca":false,"congressAffiliation":{"congress":{"name":"The 14th United States Congress","congressNumber":14,"congressType":"USCongress","startDate":"1815-12-04","endDate":"1817-03-03"},"partyAffiliation":[{"party":{"name":"Democratic Republican"},"startCirca":false,"endCirca":false}],"caucusAffiliation":[{"party":{"name":"Democratic Republican"},"startCirca":false,"endCirca":false}],"represents":{"regionType":"DistrictRegion","regionCode":"PA"},"note":[{"type":"Note","content":"Elected to fill vacancy caused by resignation of Amos Ellmaker, and took his seat December 4, 1815.","noteType":"FootNote"}]}},{"job":{"name":"Representative","jobType":"CongressMemberJob"},"startDate":"1817-12-01","startCirca":false,"endCirca":false,"congressAffiliation":{"congress":{"name":"The 15th United States Congress","congressNumber":15,"congressType":"USCongress","startDate":"1817-03-04","endDate":"1819-03-03"},"partyAffiliation":[{"party":{"name":"Democratic Republican"},"startCirca":false,"endCirca":false}],"caucusAffiliation":[{"party":{"name":"Democratic Republican"},"startCirca":false,"endCirca":false}],"represents":{"regionType":"DistrictRegion","regionCode":"PA"},"note":[{"type":"Note","content":"One of two elected to represent 3rd district.","noteType":"FootNote"}]}},{"job":{"name":"Representative","jobType":"CongressMemberJob"},"startDate":"1819-12-06","startCirca":false,"endCirca":false,"congressAffiliation":{"congress":{"name":"The 16th United States Congress","congressNumber":16,"congressType":"USCongress","startDate":"1819-12-06","endDate":"1821-03-03"},"partyAffiliation":[{"party":{"name":"Democratic Republican"},"startCirca":false,"endCirca":false}],"caucusAffiliation":[{"party":{"name":"Democratic Republican"},"startCirca":false,"endCirca":false}],"represents":{"regionType":"DistrictRegion","regionCode":"PA"},"note":[{"type":"Note","content":"One of two elected to represent 3rd district.","noteType":"FootNote"}]}}],"creativeWork":[],"researchRecord":[],"deleted":false}}
