{"data":{"usCongressBioId":"W000375","familyName":"White","givenName":"Hugh","honorificPrefix":"Mr.","unaccentedFamilyName":"White","unaccentedGivenName":"Hugh","birthDate":"1798-12-25","birthCirca":false,"deathDate":"1870-10-06","deathCirca":false,"profileText":"A Representative from New York; born in Whitestown, Oneida County, N.Y., on December 25, 1798; attended the common schools; was graduated from Hamilton College, Clinton, N.Y., in 1823; studied law but did not practice; entered business at Chittenango in 1825 and afterwards at Rondout; active in the building of the Michigan Southern &amp; Northern Indiana Railroad; moved to Cohoes, N.Y., in 1830; was greatly interested in the development of water power from the Mohawk River; organized the Rosendale Cement Works; elected as a Whig to the Twenty-ninth, Thirtieth, and Thirty-first Congresses (March 4, 1845-March 3, 1851); chairman, Committee on Agriculture (Thirtieth Congress); resumed his business activities; died in Waterford, N.Y., October 6, 1870; interment in Albany Rural Cemetery.","relationship":[],"asset":[],"jobPositions":[{"job":{"name":"Representative","jobType":"CongressMemberJob"},"startDate":"1845-03-04","startCirca":false,"congressAffiliation":{"congress":{"name":"The 29th United States Congress","congressNumber":29,"congressType":"USCongress","startDate":"1845-03-04","endDate":"1847-03-03"},"partyAffiliation":[{"party":{"name":"Whig"}}],"caucusAffiliation":[{"party":{"name":"Whig"}}],"represents":{"regionType":"DistrictRegion","regionCode":"NY"}}},{"job":{"name":"Representative","jobType":"CongressMemberJob"},"startDate":"1847-03-04","startCirca":false,"congressAffiliation":{"congress":{"name":"The 30th United States Congress","congressNumber":30,"congressType":"USCongress","startDate":"1847-12-06","endDate":"1849-03-03"},"partyAffiliation":[{"party":{"name":"Whig"}}],"caucusAffiliation":[{"party":{"name":"Whig"}}],"represents":{"regionType":"DistrictRegion","regionCode":"NY"}}},{"job":{"name":"Representative","jobType":"CongressMemberJob"},"startDate":"1849-03-04","startCirca":false,"congressAffiliation":{"congress":{"name":"The 31st United States Congress","congressNumber":31,"congressType":"USCongress","startDate":"1849-03-05","endDate":"1851-03-03"},"partyAffiliation":[{"party":{"name":"Whig"}}],"caucusAffiliation":[{"party":{"name":"Whig"}}],"represents":{"regionType":"DistrictRegion","regionCode":"NY"}}}],"creativeWork":[],"researchRecord":[{"name":"1750-1933, 8.3 cubic feet and 39 volumes.","recordType":["Papers"],"description":"The papers of Hugh White contain correspondence, letters, diaries, account books, tax receipts, deeds, inventories, contracts, surveys, land records, maps, photographs, church records, genealogical data and other papers pertaining chiefly to White's involvement in land in northern New York, particularly the counties of Herkimer, Jefferson, Lewis, Oneida, Oswego, and St. Lawrence; material concerning the cement business at Chittenango and Greenkills, New York. Also, political papers (1840-1867), which include material on the Whig Party, patronage, and national and local issues. Also, material pertaining to the related Axtell, Duston, Lawrence, Mansfield, Mills, Niles, Porter, Van Wagenen, and Young families. Another subject is the 19th century spread of a family across the continent, with material reflecting American life and history of the period. White family papers include material on White's grandfather and grandson, also both named Hugh White. Major correspondents include William Constable, Hezekiah Beers Pierrepont, and William Constable Pierrepont (pertaining to New York State land patents) and James Buchanan, Washington Hunt, T. Batter King, William L. Marcy, William E. Seward, and Benjamin Wright. A finding aid is available in the repository and online.","recordLocation":{"name":"Carl A. Kroch Library","location":{"addressLocality":"Ithaca","addressRegion":"NY"},"parentRecordLocation":{"name":"Cornell University","location":{"addressLocality":"Ithaca","addressRegion":"NY"}}}},{"name":"In Canvass White papers, 1814-1835, 0.8 cubic foot.","recordType":["Papers"],"description":"Persons represented include Hugh White.","recordLocation":{"name":"Carl A. Kroch Library","location":{"addressLocality":"Ithaca","addressRegion":"NY"},"parentRecordLocation":{"name":"Cornell University","location":{"addressLocality":"Ithaca","addressRegion":"NY"}}}},{"name":"In William Pierrepont White Collection, 1728-1939, 63.6 cubic feet.","recordType":["Papers"],"description":"Persons represented include Hugh White.","recordLocation":{"name":"Carl A. Kroch Library","location":{"addressLocality":"Ithaca","addressRegion":"NY"},"parentRecordLocation":{"name":"Cornell University","location":{"addressLocality":"Ithaca","addressRegion":"NY"}}}},{"name":"In the White Family Papers, 1795-1922, 17.1 cubic feet.","recordType":["Papers"],"description":"Persons represented include Hugh White.","recordLocation":{"name":"Carl A. Kroch Library","location":{"addressLocality":"Ithaca","addressRegion":"NY"},"parentRecordLocation":{"name":"Cornell University","location":{"addressLocality":"Ithaca","addressRegion":"NY"}}}}]}}
