{"data":{"usCongressBioId":"W000408","familyName":"Whiteley","givenName":"Richard","middleName":"Henry","honorificPrefix":"Mr.","unaccentedFamilyName":"Whiteley","unaccentedGivenName":"Richard","unaccentedMiddleName":"Henry","birthDate":"1830-12-22","birthCirca":false,"deathDate":"1890-09-26","deathCirca":false,"profileText":"A Representative and Senator-elect from Georgia; born in County Kildare, Ireland, December 22, 1830; immigrated to the United States in 1836 with his parents, who settled in Georgia; received private instruction in elementary education; engaged in manufacturing; studied law; was admitted to the bar in 1860 and commenced practice in Bainbridge, Ga.; opposed secession, but after the adoption of the ordinance entered the Confederate Army and served throughout the Civil War, attaining the rank of major; member of the State constitutional convention in 1867; unsuccessful candidate for election in 1866 to the Fortieth Congress; presented credentials as a Senator-elect to the United States Senate on July 15, 1870, to fill the vacancy in the term beginning March 4, 1865, but as the election took place prior to the readmission of Georgia into the Union was not admitted to a seat; elected as a Republican to the Forty-first Congress to fill the vacancy caused by the House declaring Nelson Tift not entitled to the seat; reelected to the Forty-second and Forty-third Congresses and served from December 22, 1870, to March 3, 1875; unsuccessful candidate for reelection to the Forty-fourth Congress and for election to the Forty-fifth Congress; moved to Boulder, Colo., in 1877 and resumed the practice of his profession; died in Boulder, Colo., September 26, 1890; interment in the Masonic Cemetery.","relationship":[],"asset":[],"jobPositions":[{"job":{"name":"Representative","jobType":"CongressMemberJob"},"congressAffiliation":{"congress":{"name":"The 43rd United States Congress","congressNumber":43,"congressType":"USCongress","startDate":"1873-03-04","endDate":"1875-03-03"},"partyAffiliation":[{"party":{"name":"Republican"}}],"caucusAffiliation":[{"party":{"name":"Republican"}}],"represents":{"regionType":"StateRegion","regionCode":"GA"}}},{"job":{"name":"Representative","jobType":"CongressMemberJob"},"startDate":"1870-12-22","startCirca":false,"congressAffiliation":{"congress":{"name":"The 41st United States Congress","congressNumber":41,"congressType":"USCongress","startDate":"1869-03-04","endDate":"1871-03-03"},"partyAffiliation":[{"party":{"name":"Republican"}}],"caucusAffiliation":[{"party":{"name":"Republican"}}],"represents":{"regionType":"DistrictRegion","regionCode":"GA"},"note":[{"type":"Note","noteType":"FootNote","content":"Qualified under act of July 11, 1868, and took his seat February 9, 1871; election unsuccessfully contested by Nelson Tift."}]}},{"job":{"name":"Representative","jobType":"CongressMemberJob"},"congressAffiliation":{"congress":{"name":"The 42nd United States Congress","congressNumber":42,"congressType":"USCongress","startDate":"1871-03-04","endDate":"1873-03-03"},"partyAffiliation":[{"party":{"name":"Republican"}}],"caucusAffiliation":[{"party":{"name":"Republican"}}],"represents":{"regionType":"StateRegion","regionCode":"GA"}}}],"creativeWork":[],"researchRecord":[{"name":"In File II Names.","recordType":["Papers"],"description":"File is primarily incoming correspondence to the Governor of Georgia. Finding aid in repository.","recordLocation":{"name":"Georgia Department of Archives and History","location":{"addressLocality":"Atlanta","addressRegion":"GA"}}}]}}
