{"data":{"usCongressBioId":"W000316","familyName":"Weymouth","givenName":"George","middleName":"Warren","honorificPrefix":"Mr.","unaccentedFamilyName":"Weymouth","unaccentedGivenName":"George","unaccentedMiddleName":"Warren","birthDate":"1850-08-25","birthCirca":false,"birthDateUnknown":false,"deathDate":"1910-09-07","deathCirca":false,"deathDateUnknown":false,"image":[{"contentUrl":"/bioguide-staging/assets/66d75015f82b0eef2ffd693d.jpg","caption":"Image courtesy of the Library of Congress","name":"W000316_001"}],"profileText":"A Representative from Massachusetts; born in West Amesbury (now Merrimac), Mass., August 25, 1850; attended the public schools and the Merrimac High School; moved to Fitchburg, Mass., in 1882 and engaged in the carriage business; later became manager of the Simonds Rolling Machine Co.; trustee of the Fitchburg Savings Bank 1891-1901 and director of the Fitchburg National Bank 1892-1901; director in other corporations; member of the common council of Fitchburg in 1886; served in the State house of representatives in 1896; delegate to the Republican National Convention in 1896; elected as a Republican to the Fifty-fifth and Fifty-sixth Congresses (March 4, 1897-March 3, 1901); was not a candidate for renomination in 1900; moved to Fairhaven; president of the Atlas Tack Corp. of Fairhaven, Mass., 1897-1910; killed in an automobile accident near Bingham, Maine, September 7, 1910; interment in Riverside Cemetery, Fairhaven, Bristol County, Mass.","relationship":[],"asset":[{"name":"W000316_001","assetType":"Image","contentUrl":"/bioguide-published/assets/66d75015f82b0eef2ffd693d.jpg","creditLine":"Image courtesy of the Library of Congress","associatedEntity":[],"note":[{"noteType":"ImageNote","content":"https://www.loc.gov/item/2016713277/"}],"usageRight":["Import to Congress.gov"]}],"jobPositions":[{"job":{"name":"Representative","jobType":"CongressMemberJob"},"startDate":"1897-03-15","startCirca":false,"congressAffiliation":{"congress":{"name":"The 55th United States Congress","congressNumber":55,"congressType":"USCongress","startDate":"1897-03-15","endDate":"1899-03-04"},"partyAffiliation":[{"party":{"name":"Republican"}}],"caucusAffiliation":[{"party":{"name":"Republican"}}],"represents":{"regionType":"DistrictRegion","regionCode":"MA"}}},{"job":{"name":"Representative","jobType":"CongressMemberJob"},"congressAffiliation":{"congress":{"name":"The 56th United States Congress","congressNumber":56,"congressType":"USCongress","startDate":"1899-12-04","endDate":"1901-03-03"},"partyAffiliation":[{"party":{"name":"Republican"}}],"caucusAffiliation":[{"party":{"name":"Republican"}}],"represents":{"regionType":"StateRegion","regionCode":"MA"}}}],"creativeWork":[],"researchRecord":[],"deleted":false}}
