{"data":{"usCongressBioId":"W000217","familyName":"Wayne","givenName":"Isaac","honorificPrefix":"Mr.","unaccentedFamilyName":"Wayne","unaccentedGivenName":"Isaac","birthDate":"1772","birthCirca":false,"birthDateUnknown":false,"deathDate":"1852-10-25","deathCirca":false,"deathDateUnknown":false,"profileText":"a Representative from Pennsylvania; born near Paoli, Chester County, Pa., in 1772; attended the common schools and was graduated from Dickinson College, Carlisle, Pa.; studied law; was admitted to the Chester County bar in 1795; member of the State house of representatives 1799-1801 and in 1806; served in the State senate in 1810; during the War of 1812 was captain of a troop of Pennsylvania Horse Cavalry, raised and equipped by himself, and was subsequently colonel of the Second Regiment, Pennsylvania Volunteer Infantry; unsuccessful Federalist candidate for Governor in 1814; elected as a Jackson Federalist to the Eighteenth Congress (March 4, 1823-March 3, 1825); engaged in agricultural pursuits; died in Chester County, Pa., October 25, 1852; interment in St. David's Episcopal Church Cemetery, Radnor, Pa.","relationship":[{"relationshipType":"son","relatedTo":{"usCongressBioId":"W000216","familyName":"Wayne","givenName":"Anthony","honorificPrefix":"Mr.","unaccentedFamilyName":"Wayne","unaccentedGivenName":"Anthony","birthDate":"1745-01-01","birthCirca":false,"deathDate":"1796-12-15","deathCirca":false}}],"asset":[],"jobPositions":[{"job":{"name":"Representative","jobType":"CongressMemberJob"},"startDate":"1823-12-01","startCirca":false,"endCirca":false,"congressAffiliation":{"congress":{"name":"The 18th United States Congress","congressNumber":18,"congressType":"USCongress","startDate":"1823-12-01","endDate":"1825-03-03"},"partyAffiliation":[{"party":{"name":"Jackson Federalist"},"startCirca":false,"endCirca":false}],"caucusAffiliation":[{"party":{"name":"Jackson Federalist"},"startCirca":false,"endCirca":false}],"represents":{"regionType":"DistrictRegion","regionCode":"PA"},"note":[{"type":"Note","content":"One of three elected to represent the 3rd district.","noteType":"FootNote"}]}}],"creativeWork":[],"researchRecord":[{"name":"1817-1826. 7 letters. In the William Darlington collection.","recordType":["Papers"],"description":"Finding aid in repository.","recordLocation":{"name":"New-York Historical Society","location":{"addressLocality":"New York","addressRegion":"NY"}}},{"name":"1821-1822, 1 volume.","recordType":["Papers"],"description":"A diary of Isaac Wayne, in which he describes farming and other activities at \"Waynesborough.\"","recordLocation":{"name":"Historical Society of Pennsylvania","location":{"addressLocality":"Philadelphia","addressRegion":"PA"}}},{"name":"In the Anthony Wayne Papers, 1767-1811, 4 boxes,","recordType":["Papers"],"description":"Persons represented include Isaac Wayne.","recordLocation":{"name":"Burton Historical Collection","location":{"addressLocality":"Detroit","addressRegion":"MI"},"parentRecordLocation":{"name":"Detroit Public Library","location":{"addressLocality":"Detroit","addressRegion":"MI"}}}},{"name":"1835-1840, 10 items.","recordType":["Papers"],"description":"Correspondence of Isaac Wayne includes letters from West Point Cadets.","recordLocation":{"name":"Special Collections & Archives","location":{"addressLocality":"West Point","addressRegion":"NY"},"parentRecordLocation":{"name":"U.S. Military Academy","location":{"addressLocality":"West Point","addressRegion":"NY"}}}},{"name":"In the Wayne Family Papers, 1756-1900, 7 linear feet.","recordType":["Papers"],"description":"There are approximately 1,500 items relating to Isaac Wayne, most of them dealing with Pennsylvania politics. A finding aid is available in the repository and online.","recordLocation":{"name":"William L. Clements Library","location":{"addressLocality":"Ann Arbor","addressRegion":"MI"},"parentRecordLocation":{"name":"University of Michigan","location":{"addressLocality":"Ann Arbor","addressRegion":"MI"}}}},{"name":"1792, 1 item.","recordType":["Papers"],"description":"A vellum certificate stating that Isaac Wayne has been admitted to membership in the Belles Lettres Society at Dickinson College in Carlisle, Pa. Dated 5 May 1792 and signed by John Moore, president of the Society.","recordLocation":{"name":"University of Pennsylvania Libraries","location":{"addressLocality":"Philadelphia","addressRegion":"PA"}}},{"name":"1797-1841, 263 items.","recordType":["Papers"],"description":"Correspondents include family members and a variety of political, social, and business acquaintances and associates.","recordLocation":{"name":"University of Pennsylvania Libraries","location":{"addressLocality":"Philadelphia","addressRegion":"PA"}}},{"name":"1819, 1 item.","recordType":["Papers"],"description":"A letter from Isaac Wayne to the Philadelphia Society for Promoting Agriculture. In the letter, Isaac Wayne writes regarding information on the bloody murrain of cattle.","recordLocation":{"name":"University of Pennsylvania Libraries","location":{"addressLocality":"Philadelphia","addressRegion":"PA"}}},{"name":"In Philip H. Ward Historical Collection, ca. 1820-1840, 13 boxes.","recordType":["Papers"],"description":"Persons represented include Isaac Wayne.","recordLocation":{"name":"University of Pennsylvania Libraries","location":{"addressLocality":"Philadelphia","addressRegion":"PA"}}},{"name":"In the Wayne Family Papers, ca. 1778-1881, 15 boxes.","recordType":["Papers"],"description":"The collection deals primarily with the legal, financial, political, and family affairs of Isaac Wayne.","recordLocation":{"name":"University of Pennsylvania Libraries","location":{"addressLocality":"Philadelphia","addressRegion":"PA"}}}],"deleted":false}}
