{"data":{"usCongressBioId":"W000451","familyName":"Wike","givenName":"Scott","honorificPrefix":"Mr.","unaccentedFamilyName":"Wike","unaccentedGivenName":"Scott","birthDate":"1834-04-06","birthCirca":false,"birthDateUnknown":false,"deathDate":"1901-01-15","deathCirca":false,"deathDateUnknown":false,"image":[{"contentUrl":"/bioguide-staging/assets/66d752e6f82b0eef2ffd6961.jpg","caption":"Image courtesy of the Library of Congress","name":"W000451_001"}],"profileText":"A Representative from Illinois; born in Meadville, Pa., April 6, 1834; moved with his parents to Quincy, Ill., in 1838 and to Pike County in 1844; was graduated from Lombard University, in Galesburg, in 1857; studied law; admitted to the bar in 1858; was graduated from Harvard Law School in 1859 and commenced practice the same year in Pittsfield, Pike County, Ill.; member of the State house of representatives 1863-1867; elected as a Democrat to the Forty-fourth Congress (March 4, 1875-March 3, 1877); unsuccessful candidate for renomination in 1876 to the Forty-fifth Congress; elected to the Fifty-first and Fifty-second Congresses (March 4, 1889-March 3, 1893); unsuccessful candidate for renomination in 1892; appointed an Assistant Secretary of the Treasury during the second administration of President Cleveland and served from July 1, 1893, to May 4, 1897; resumed the practice of law in Pittsfield, Ill.; died near Barry, Pike County, Ill., January 15, 1901.","relationship":[],"asset":[{"name":"W000451_001","assetType":"Image","contentUrl":"/bioguide-published/assets/66d752e6f82b0eef2ffd6961.jpg","creditLine":"Image courtesy of the Library of Congress","associatedEntity":[],"note":[{"noteType":"ImageNote","content":"https://www.loc.gov/item/2016691509/"}],"usageRight":["Import to Congress.gov"]}],"jobPositions":[{"job":{"name":"Representative","jobType":"CongressMemberJob"},"startDate":"1891-03-04","startCirca":false,"congressAffiliation":{"congress":{"name":"The 52nd United States Congress","congressNumber":52,"congressType":"USCongress","startDate":"1891-12-07","endDate":"1893-03-04"},"partyAffiliation":[{"party":{"name":"Democrat"}}],"caucusAffiliation":[{"party":{"name":"Democrat"}}],"represents":{"regionType":"DistrictRegion","regionCode":"IL"}}},{"job":{"name":"Representative","jobType":"CongressMemberJob"},"startDate":"1889-03-04","startCirca":false,"congressAffiliation":{"congress":{"name":"The 51st United States Congress","congressNumber":51,"congressType":"USCongress","startDate":"1889-03-04","endDate":"1891-03-03"},"partyAffiliation":[{"party":{"name":"Democrat"}}],"caucusAffiliation":[{"party":{"name":"Democrat"}}],"represents":{"regionType":"DistrictRegion","regionCode":"IL"}}},{"job":{"name":"Representative","jobType":"CongressMemberJob"},"congressAffiliation":{"congress":{"name":"The 44th United States Congress","congressNumber":44,"congressType":"USCongress","startDate":"1875-03-05","endDate":"1877-03-04"},"partyAffiliation":[{"party":{"name":"Democrat"}}],"caucusAffiliation":[{"party":{"name":"Democrat"}}],"represents":{"regionType":"StateRegion","regionCode":"IL"}}}],"creativeWork":[],"researchRecord":[],"deleted":false}}
