{"data":{"usCongressBioId":"W000204","familyName":"Watson","givenName":"Lewis","middleName":"Findlay","honorificPrefix":"Mr.","unaccentedFamilyName":"Watson","unaccentedGivenName":"Lewis","unaccentedMiddleName":"Findlay","birthDate":"1819-04-14","birthCirca":false,"birthDateUnknown":false,"deathDate":"1890-08-25","deathCirca":false,"deathDateUnknown":false,"image":[{"contentUrl":"/bioguide-staging/assets/66d74e8cf82b0eef2ffd6922.jpg","caption":"Image courtesy of the Library of Congress","name":"W000204_001"}],"profileText":"A Representative from Pennsylvania; born in Crawford County, Pa., April 14, 1819; attended the common schools; engaged in mercantile pursuits at Titusville in 1832; moved to Warren, Pa., in 1835 and continued his former pursuits until 1837; clerk in the office of the recorder in 1838; studied law at Warren Academy 1839-1840; resumed his former mercantile pursuits until 1860; engaged as an operator in lumber and in the production of petroleum 1860-1875; organized and was the first president of the Conewango Valley Railroad Co. in 1861; elected president of the Warren Savings Bank at its organization in 1870; elected as a Republican to the Forty-fifth Congress (March 4, 1877-March 3, 1879); elected to the Forty-seventh Congress (March 4, 1881-March 3, 1883); elected to the Fifty-first Congress and served from March 4, 1889, until his death in Washington, D.C., August 25, 1890; interment in Oakland Cemetery, Warren, Pa.","relationship":[],"asset":[{"name":"W000204_001","assetType":"Image","contentUrl":"/bioguide-published/assets/66d74e8cf82b0eef2ffd6922.jpg","creditLine":"Image courtesy of the Library of Congress","associatedEntity":[],"note":[{"noteType":"ImageNote","content":"https://www.loc.gov/item/2017894722/"}],"usageRight":["Import to Congress.gov"]}],"jobPositions":[{"job":{"name":"Representative","jobType":"CongressMemberJob"},"congressAffiliation":{"congress":{"name":"The 47th United States Congress","congressNumber":47,"congressType":"USCongress","startDate":"1881-03-04","endDate":"1883-03-03"},"partyAffiliation":[{"party":{"name":"Republican"}}],"caucusAffiliation":[{"party":{"name":"Republican"}}],"represents":{"regionType":"StateRegion","regionCode":"PA"}}},{"job":{"name":"Representative","jobType":"CongressMemberJob"},"congressAffiliation":{"congress":{"name":"The 45th United States Congress","congressNumber":45,"congressType":"USCongress","startDate":"1877-03-05","endDate":"1879-03-03"},"partyAffiliation":[{"party":{"name":"Republican"}}],"caucusAffiliation":[{"party":{"name":"Republican"}}],"represents":{"regionType":"StateRegion","regionCode":"PA"}}},{"job":{"name":"Representative","jobType":"CongressMemberJob"},"startDate":"1889-03-04","startCirca":false,"endDate":"1890-08-25","endCirca":false,"departureReason":"Died","congressAffiliation":{"congress":{"name":"The 51st United States Congress","congressNumber":51,"congressType":"USCongress","startDate":"1889-03-04","endDate":"1891-03-03"},"departureReason":"Died","partyAffiliation":[{"party":{"name":"Republican"}}],"caucusAffiliation":[{"party":{"name":"Republican"}}],"represents":{"regionType":"DistrictRegion","regionCode":"PA"},"note":[{"type":"Note","noteType":"FootNote","content":"Died August 25, 1890."}]}}],"creativeWork":[{"freeFormCitationText":"United States. 51st Cong., 2d sess., 1890-1891. <i>Memorial addresses on the life and character of Lewis F. Watson, a Representative from Pennsylvania, delivered in the House of Representatives and in the Senate, Fifty-first Congress, second session</i>. Washington: Government Printing Office, 1891."}],"researchRecord":[{"name":"In the Rufus E. Fleming Papers, 1881-1900, 0.8 linear foot.","recordType":["Papers"],"description":"Correspondents include Lewis Findlay Watson.","recordLocation":{"name":"North Dakota Institute for Regional Studies","location":{"addressLocality":"Fargo","addressRegion":"ND"},"parentRecordLocation":{"name":"North Dakota State University Libraries","location":{"addressLocality":"Fargo","addressRegion":"ND"}}}}],"deleted":false}}
