{"data":{"usCongressBioId":"W000661","familyName":"Witherspoon","givenName":"Robert","honorificPrefix":"Mr.","unaccentedFamilyName":"Witherspoon","unaccentedGivenName":"Robert","birthDate":"1767-01-29","birthCirca":false,"birthDateUnknown":false,"deathDate":"1837-10-11","deathCirca":false,"deathDateUnknown":false,"profileText":"A Representative from South Carolina; born near Kingstree, Williamsburg County, S.C., January 29, 1767; attended local schools; elected South Carolina state treasurer in 1800 and served one term; was a member of the South Carolina state house of representatives, 1792-1794, 1802-1804, 1806-1808, 1816-1817; elected as a Democratic Republican to the Eleventh Congress (March 4, 1809-March 3, 1811); declined to be a candidate for reelection; had large planting interests in Sumter County, S.C.; opposed the nullification act in 1832; died near Mayesville, Sumter County, S.C., October 11, 1837; interment in the Salem Brick Church Cemetery.","relationship":[{"relationshipType":"great-great-grandfather","relatedTo":{"usCongressBioId":"H000471","familyName":"Hemphill","givenName":"Robert","middleName":"Witherspoon","unaccentedFamilyName":"Hemphill","unaccentedGivenName":"Robert","unaccentedMiddleName":"Witherspoon","birthDate":"1915-05-10","birthCirca":false,"birthDateUnknown":false,"deathDate":"1983-12-25","deathCirca":false,"deathDateUnknown":false,"deleted":false}}],"asset":[],"jobPositions":[{"job":{"name":"Representative","jobType":"CongressMemberJob"},"startDate":"1809-05-22","startCirca":false,"endCirca":false,"congressAffiliation":{"congress":{"name":"The 11th United States Congress","congressNumber":11,"congressType":"USCongress","startDate":"1809-03-04","endDate":"1811-03-03"},"partyAffiliation":[{"party":{"name":"Democratic Republican"},"startCirca":false,"endCirca":false}],"caucusAffiliation":[{"party":{"name":"Democratic Republican"},"startCirca":false,"endCirca":false}],"represents":{"regionType":"DistrictRegion","regionCode":"SC"}}}],"creativeWork":[],"researchRecord":[{"name":"1835 and 1899, 2 items.","recordType":["Papers"],"description":"One letter, 25 Feb. 1835, written by Robert Witherspoon from Coldstream to his son Thomas McFaddin Witherspoon (1817-1837) while the younger was a student at the College of New Jersey [now Princeton University]; topics discussed include the bitterly cold weather in S.C., continued health of \"our family, white and black,\" a recent fire in Charleston, S.C., that destroyed the 1710 St. Philip's Church, and 60 houses, the election of William Capers as President of South Carolina College [a position that Capers never accepted], and the death of Isaac, a slave belonging to Thomas Gadsden McFaddin, caused by an explosion of gunpowder. Also includes a biography of Robert Witherspoon prepared, May 1899, by his granddaughter Frances \"Fanny\" Louise Witherspoon Harrison.","recordLocation":{"name":"South Caroliniana Library","location":{"addressLocality":"Columbia","addressRegion":"SC"},"parentRecordLocation":{"name":"University of South Carolina","location":{"addressLocality":"Columbia","addressRegion":"SC"}}}}],"deleted":false}}
