{"data":{"usCongressBioId":"W000551","familyName":"Williamson","givenName":"Hugh","honorificPrefix":"Mr.","unaccentedFamilyName":"Williamson","unaccentedGivenName":"Hugh","birthDate":"1735-12-05","birthCirca":false,"deathDate":"1819-05-22","deathCirca":false,"profileText":"A Delegate and a Representative from North Carolina; born on Oterara Creek, in West Nottingham Township, Pa., December 5, 1735; attended the common schools; prepared for college at Newark, Del., and was graduated from the University of Pennsylvania at Philadelphia in 1757; studied theology, and was licensed to preach in 1758; resigned, owing to ill health, in 1760; professor of mathematics in the College of Philadelphia; studied medicine in Edinburgh, Scotland, and Utrecht, Holland; returned to Philadelphia and practiced; engaged in business; member of the American Philosophical Society, and was a member of the commission to observe the transits of Venus and Mercury in 1773; at the time of the ``Boston Tea Party'' he was examined in England by the privy council regarding it; returned to America in 1776 and settled in Edenton, N.C.; engaged in mercantile pursuits; during the Revolutionary War was surgeon general of the North Carolina troops 1779-1782; Member of the State house of commons in 1782 and 1785; member of the Continental Congress 1782-1785, and 1788; delegate to the Federal Convention in 1787, and signed the Constitution; member of the State ratification convention in 1789; elected as a Federalist to the First and Second Congresses and served from March 19, 1790, until March 3, 1793; moved to New York City in 1793; engaged extensively in literary pursuits until his death in New York City, May 22, 1819; interment in the Apthrop tomb in Trinity Churchyard.","relationship":[],"asset":[],"jobPositions":[{"job":{"name":"Delegate","jobType":"CongressMemberJob"},"congressAffiliation":{"congress":{"name":"The Confederation Congress","congressNumber":1,"congressType":"ConfederationCongress","startDate":"1781-03-01","endDate":"1789-03-02"},"represents":{"regionType":"StateRegion","regionCode":"NC"}}},{"job":{"name":"Delegate","jobType":"CongressMemberJob"},"startDate":"1782","startCirca":true,"endDate":"1785","endCirca":true,"departureReason":"OtherDepartureReason","congressAffiliation":{"congress":{"name":"The Confederation Congress","congressNumber":1,"congressType":"ConfederationCongress","startDate":"1781-03-01","endDate":"1789-03-02"},"departureReason":"OtherDepartureReason","caucusAffiliation":[{"party":{"name":"NA"}}],"represents":{"regionType":"StateRegion","regionCode":"NC"}}},{"job":{"name":"Representative","jobType":"CongressMemberJob"},"startDate":"1789-03-04","startCirca":false,"congressAffiliation":{"congress":{"name":"The 1st United States Congress","congressNumber":1,"congressType":"USCongress","startDate":"1789-03-04","endDate":"1791-03-03"},"partyAffiliation":[{"party":{"name":"Federalist"}}],"caucusAffiliation":[{"party":{"name":"Federalist"}}],"represents":{"regionType":"StateRegion","regionCode":"NC"},"note":[{"type":"Note","noteType":"FootNote","content":"Took his seat March 19th, 1790."}]}},{"job":{"name":"Representative","jobType":"CongressMemberJob"},"startDate":"1791-10-24","startCirca":false,"congressAffiliation":{"congress":{"name":"The 2nd United States Congress","congressNumber":2,"congressType":"USCongress","startDate":"1791-03-04","endDate":"1793-03-02"},"partyAffiliation":[{"party":{"name":"Federalist"}}],"caucusAffiliation":[{"party":{"name":"Federalist"}}],"represents":{"regionType":"DistrictRegion","regionCode":"NC"}}}],"creativeWork":[{"freeFormCitationText":"Gilpatrick, Delbert H. \"Contemporary Opinion of Hugh Williamson.\" <i>North Carolina Historical Review</i> 17 (January 1940): 26-36."},{"freeFormCitationText":"Hosack, David. <i>A Biographical Memoir of Hugh Williamson . . . Delivered on the First of November, 1819, at the request of the New-York Historical Society</i>. New York: C. S. Van Winkle, 1820."},{"freeFormCitationText":"Potts, Louis W. \"Hugh Williamson: The Poor Man's Franklin and the National Domain.\" <i>North Carolina Historical Review</i> 64 (October 1987): 371-93."},{"freeFormCitationText":"Williamson, Hugh. <i>A discourse on the benefits of civil history [microform]: delivered before the New-York Historical Society, December 6, 1810</i>. [New York : s.n., 1810]."},{"freeFormCitationText":"<i>___. The History of North Carolina</i>. 1812. Reprint, Spartanburg, S.C.: Reprint Co., [1973]."},{"freeFormCitationText":"___. <i>Observations on the climate in different parts of America, compared with the climate in corresponding parts of the other continent [electronic resource] : to which are added, remarks in the different complexions of the human race : with some account of the aborigines of America: being an introductory discourse to the History of North-Carolina</i>. New-York: Printed and sold by T. &amp; J. Swords, no. 160 Pearl-street, 1811."},{"freeFormCitationText":"___.<i> The Plain Dealer, or, Remarks on Quaker Politicks in Pennsylvania: numb. III, to be continued</i>. By W.D., author of no. I. Philadelphia: Printed [by W. Dunlap], 1764."},{"freeFormCitationText":"___. <i>The Plea of the colonies, on the charges brought against them by Lord M-------d, and others, in a letter to His Lordship</i>. London: J. Almon, 1775."},{"freeFormCitationText":"___. <i>What is sauce for a goose is also sauce for a gander [microform] : being a small touch in lapidary way, or tit for tat, in your own way: an epitaph on a certain great man / written by a departed spirit and now most humbly inscrib’d to all his dutiful sons and children, who may here-after close to distinguish him by the name of patriot. </i>Philadelphia: Armbruster, 1764."}],"researchRecord":[{"name":"1789, 2 items.","recordType":["Papers"],"description":"Papers of Hugh Williamson, 1789.","recordLocation":{"name":"Manuscript Division","location":{"addressLocality":"Washington","addressRegion":"DC"},"parentRecordLocation":{"name":"Library of Congress","location":{"addressLocality":"Washington","addressRegion":"DC"}}}},{"name":"In the William Blount Papers, 1783-1823, 80 items.","recordType":["Papers"],"description":"Correspondents include Hugh Williamson.","recordLocation":{"name":"Manuscript Division","location":{"addressLocality":"Washington","addressRegion":"DC"},"parentRecordLocation":{"name":"Library of Congress","location":{"addressLocality":"Washington","addressRegion":"DC"}}}},{"name":"In the Pierce Butler Papers, 1779-1787, 17 items.","recordType":["Papers"],"description":"Correspondents include Hugh Williamson.","recordLocation":{"name":"Manuscript Division","location":{"addressLocality":"Washington","addressRegion":"DC"},"parentRecordLocation":{"name":"Library of Congress","location":{"addressLocality":"Washington","addressRegion":"DC"}}}},{"name":"At least 5 items (1789-1791) in various collections.","recordType":["Papers"],"recordLocation":{"name":"Historical Society of Pennsylvania","location":{"addressLocality":"Philadelphia","addressRegion":"PA"}}},{"name":"At least 2 letters (1789) in the Miscellaneous Letters of the Department of State.","recordType":["Papers"],"recordLocation":{"name":"National Archives and Records Administration","location":{"addressLocality":"Washington","addressRegion":"DC"}}},{"name":"At least 1 item (1789) in the Thomas Addis Emmet collection.","recordType":["Papers"],"recordLocation":{"name":"New York Public Library","url":"http://www.nypl.org/research/chss/spe/rbk/mss","location":{"addressLocality":"New York","addressRegion":"NY"}}},{"name":"March 4, 1811. 1 letter.","recordType":["Papers"],"description":"Finding aid in repository.","recordLocation":{"name":"Rare Book and Manuscript Library","location":{"addressLocality":"New York","addressRegion":"NY"},"parentRecordLocation":{"name":"Columbia University","location":{"addressLocality":"New York","addressRegion":"NY"}}}},{"name":"2 letters (1811, 1817) in the DeWitt Clinton collection.","recordType":["Papers"],"description":"Finding aid in repository.","recordLocation":{"name":"Rare Book and Manuscript Library","location":{"addressLocality":"New York","addressRegion":"NY"},"parentRecordLocation":{"name":"Columbia University","location":{"addressLocality":"New York","addressRegion":"NY"}}}},{"name":"1 letter.","recordType":["Papers"],"recordLocation":{"name":"Boston Public Library","location":{"addressLocality":"Boston","addressRegion":"MA"}}},{"name":"1800, 2 pages.","recordType":["Papers"],"description":"A letter from Hugh Williamson to James McHenry written on November 29, 1800. In the letter, Williamson writes about his attempts to find a quantity of hemp for a business in North Carolina. Concludes with rumors \"that both you and Mr. Pickering propose a Publication versus the President as soon as the Election is over.\" Docketed by McHenry.","recordLocation":{"name":"J.S. Copley Library","location":{"addressLocality":"La Jolla","addressRegion":"CA"},"parentRecordLocation":{"name":"The Copley Press","location":{"addressLocality":"La Jolla","addressRegion":"CA"}}}},{"name":"In the James McHenry Papers, 1780-1814, 4 items.","recordType":["Papers"],"description":"The papers contain a letter from Hugh Williamson to James McHenry relating to family matters.","recordLocation":{"name":"Medical Center Library","location":{"addressLocality":"Durham","addressRegion":"NC"},"parentRecordLocation":{"name":"Duke University","location":{"addressLocality":"Durham","addressRegion":"NC"}}}},{"name":"At least 2 letters (1789) in the James Iredell papers.","recordType":["Papers"],"recordLocation":{"name":"Duke University Archives","location":{"addressLocality":"Durham","addressRegion":"NC"}}},{"name":"At least 1 item (1789) in the Hampton L. Carson papers.","recordType":["Papers"],"recordLocation":{"name":"Free Library of Philadelphia","location":{"addressLocality":"Philadelphia","addressRegion":"PA"}}},{"name":"At least 1 item (1789).","recordType":["Papers"],"recordLocation":{"name":"John Garrett Library","location":{"addressLocality":"Baltimore","addressRegion":"MD"},"parentRecordLocation":{"name":"Johns Hopkins University","location":{"addressLocality":"Baltimore","addressRegion":"MD"}}}},{"name":"At least 1 item (1790) in the Fogg autograph collection.","recordType":["Papers"],"recordLocation":{"name":"Maine Historical Society","location":{"addressLocality":"Portland","addressRegion":"ME"}}},{"name":"At least 1 item (1789) in the L.W. Smith papers.","recordType":["Papers"],"recordLocation":{"name":"Morristown National Historical Park","location":{"addressLocality":"Morristown","addressRegion":"NJ"}}},{"name":"Miscellaneous newspaper clippings, including obituary, and genealogical chart.","recordType":["Papers"],"description":"Finding aid in repository.","recordLocation":{"name":"New York Genealogical and Biographical Society Library","location":{"addressLocality":"New York","addressRegion":"NY"}}},{"name":"1778-1815, 4 feet.","recordType":["Papers"],"description":"Sixteen letters to various correspondents from Hugh Williamson, physician, merchant, North Carolina delegate to the Continental Congress and Constitutional Convention and member of Congress.","recordLocation":{"name":"North Carolina State Department of Archives and History","location":{"addressLocality":"Raleigh","addressRegion":"NC"}}},{"name":"At least 1 item (1790) in the Channing-Ellery papers.","recordType":["Papers"],"recordLocation":{"name":"Rhode Island Historical Society","location":{"addressLocality":"Providence","addressRegion":"RI"}}},{"name":"At least 1 item (1789) in the James Robertson papers.","recordType":["Papers"],"recordLocation":{"name":"Tennessee State Library and Archives","location":{"addressLocality":"Nashville","addressRegion":"TN"}}}]}}
