{"data":{"usCongressBioId":"W000298","familyName":"Werdel","givenName":"Thomas","middleName":"Harold","unaccentedFamilyName":"Werdel","unaccentedGivenName":"Thomas","unaccentedMiddleName":"Harold","birthDate":"1905","birthCirca":false,"birthDateUnknown":false,"deathDate":"1966","deathCirca":false,"deathDateUnknown":false,"image":[{"contentUrl":"/bioguide-staging/assets/66c89b297401a93215e0b237.jpg","caption":"Collection of the U.S. House of Representatives","name":"W000298_001"}],"profileText":"A Representative from California; born in Emery, Hanson County, S.Dak., September 13, 1905; moved with his parents to Kern County, Calif., in 1915; attended the public schools and Kern County Union High School; was graduated from the University of California at Berkeley in 1930 and from the University of California Law School in 1936; was admitted to the bar in 1936 and commenced the practice of law in Bakersfield, Calif.; member of the California State assembly from the thirty-ninth district in the legislative sessions of 1943 and 1945; elected as a Republican to the Eighty-first and Eighty-second Congresses (January 3, 1949-January 3, 1953); was an unsuccessful candidate for reelection in 1952 to the Eighty-third Congress; resumed the practice of law; States' Rights Party candidate for Vice President of the United States in 1956; died in Bakersfield, Calif., September 30, 1966; interment in Greenlawn Memorial Park.","relationship":[],"asset":[{"name":"W000298_001","assetType":"Image","contentUrl":"/bioguide-published/assets/66c89b297401a93215e0b237.jpg","creditLine":"Collection of the U.S. House of Representatives","associatedEntity":[],"accessionNumber":"PA2024.08.0008","usageRight":["Import to Congress.gov"]}],"jobPositions":[{"job":{"name":"Representative","jobType":"CongressMemberJob"},"congressAffiliation":{"congress":{"name":"The 82nd United States Congress","congressNumber":82,"congressType":"USCongress","startDate":"1951-01-03","endDate":"1953-01-03"},"partyAffiliation":[{"party":{"name":"Republican"}}],"caucusAffiliation":[{"party":{"name":"Republican"}}],"represents":{"regionType":"StateRegion","regionCode":"CA"}}},{"job":{"name":"Representative","jobType":"CongressMemberJob"},"congressAffiliation":{"congress":{"name":"The 81st United States Congress","congressNumber":81,"congressType":"USCongress","startDate":"1949-01-03","endDate":"1951-01-03"},"partyAffiliation":[{"party":{"name":"Republican"}}],"caucusAffiliation":[{"party":{"name":"Republican"}}],"represents":{"regionType":"StateRegion","regionCode":"CA"}}}],"creativeWork":[],"researchRecord":[],"deleted":false}}
