{"data":{"usCongressBioId":"W000495","familyName":"Williams","givenName":"David","middleName":"Rogerson","honorificPrefix":"Mr.","unaccentedFamilyName":"Williams","unaccentedGivenName":"David","unaccentedMiddleName":"Rogerson","birthDate":"1776-03-08","birthCirca":false,"birthDateUnknown":false,"deathDate":"1830-11-17","deathCirca":false,"deathDateUnknown":false,"profileText":"a Representative from South Carolina; born in Robbins Neck, S.C., March 8, 1776; attended school at Wrentham, Mass., and Rhode Island College (now Brown University), Providence, R.I.; studied law; was admitted to the bar in 1797 and practiced for three years in Providence, R.I.; editor and proprietor of the City Gazette and Weekly Carolina Gazette of Charleston, S.C., 1801-1803; engaged in cotton planting and manufacturing in Darlington County, S.C., from 1803 until his death; built the first cottonseed-oil mill in South Carolina; elected as a Democratic Republican to the Ninth and to the succeeding Congress (March 4, 1805-March 3, 1809); elected as a Democratic Republican to the Twelfth Congress (March 4, 1811-March 3, 1813); brigadier general in the United States Army July 9, 1813, to April 6, 1814, when he resigned; Governor of South Carolina 1814-1816; member of the State senate from 1824 until he was accidentally killed November 17, 1830, while superintending the construction of a bridge over Lynchs Creek, Witherspoons Ferry, on the road to Georgetown, S.C.; interment on his plantation near Society Hill, Darlington County, S.C.","relationship":[],"asset":[],"jobPositions":[{"job":{"name":"Representative","jobType":"CongressMemberJob"},"startDate":"1805-12-02","startCirca":false,"endCirca":false,"congressAffiliation":{"congress":{"name":"The 9th United States Congress","congressNumber":9,"congressType":"USCongress","startDate":"1805-12-02","endDate":"1807-03-03"},"partyAffiliation":[{"party":{"name":"Democratic Republican"},"startCirca":false,"endCirca":false}],"caucusAffiliation":[{"party":{"name":"Democratic Republican"},"startCirca":false,"endCirca":false}],"represents":{"regionType":"DistrictRegion","regionCode":"SC"}}},{"job":{"name":"Representative","jobType":"CongressMemberJob"},"startDate":"1807-10-26","startCirca":false,"endCirca":false,"congressAffiliation":{"congress":{"name":"The 10th United States Congress","congressNumber":10,"congressType":"USCongress","startDate":"1807-10-26","endDate":"1809-03-03"},"partyAffiliation":[{"party":{"name":"Democratic Republican"},"startCirca":false,"endCirca":false}],"caucusAffiliation":[{"party":{"name":"Democratic Republican"},"startCirca":false,"endCirca":false}],"represents":{"regionType":"DistrictRegion","regionCode":"SC"}}},{"job":{"name":"Representative","jobType":"CongressMemberJob"},"startDate":"1811-05-04","startCirca":false,"endCirca":false,"congressAffiliation":{"congress":{"name":"The 12th United States Congress","congressNumber":12,"congressType":"USCongress","startDate":"1811-11-04","endDate":"1813-03-03"},"partyAffiliation":[{"party":{"name":"Democratic Republican"},"startCirca":false,"endCirca":false}],"caucusAffiliation":[{"party":{"name":"Democratic Republican"},"startCirca":false,"endCirca":false}],"represents":{"regionType":"DistrictRegion","regionCode":"SC"}}}],"creativeWork":[{"freeFormCitationText":"Cook, Harvey Toliver. <i>The Life and Legacy of David Rogerson Williams</i>. New York: N.p., 1916."},{"freeFormCitationText":"Williams, David Rogerson. <i>The substance of a speech, delivered in the House of Representatives on the 6th January, 1812.</i> [Washington?: N.p., 1812]."}],"researchRecord":[{"name":"1808-1930, 41 items and 2 volumes.","recordType":["Papers"],"description":"Chiefly letters from David Rogerson Williams to Stephen Decatur Miller and James Chesnut, re state and national politics, including nullification and tariff questions, Miller's candidacy for governor, the establishment, financing and operation of his cotton factory, ventures in cottonseed oil mill, crops, and news of family and friends.","recordLocation":{"name":"South Caroliniana Library","location":{"addressLocality":"Columbia","addressRegion":"SC"},"parentRecordLocation":{"name":"University of South Carolina","location":{"addressLocality":"Columbia","addressRegion":"SC"}}}},{"name":"1826, 1 item.","recordType":["Papers"],"description":"A letter from David Rogerson Williams to Col. James Chestnut written on October 22, 1826. In the letter, Williams discusses news of mutual friends and relatives, the health of the Williams family, their return home from \"the Springs,\" European travels of individuals identified only as \"Nick\" [the writer's son, Nicholas Williams, surviving spouse of Esthur Serena Chesnut, daughter of the recipient of this letter] and \"Mr. Randolph,\" and recent elections in which \"Darlington ... elected Mitchell &amp; turned out [John Dick] Witherspoon.\"","recordLocation":{"name":"South Caroliniana Library","location":{"addressLocality":"Columbia","addressRegion":"SC"},"parentRecordLocation":{"name":"University of South Carolina","location":{"addressLocality":"Columbia","addressRegion":"SC"}}}},{"name":"1793-1816, 1 item.","recordType":["Papers"],"description":"A letterbook (1814-1816) containing copies of letters from David Rogerson Williams to William H. Crawford, Andrew Jackson, James Madison, James Monroe, and others on such topics as Williams's efforts to strengthen the South Carolina militia during the War of 1812 and his role in land negotiations with the Cherokee Indians. Also includes account book (1793-1795) for Williams's plantation and miscellaneous biographical material.","recordLocation":{"name":"Manuscript Division","location":{"addressLocality":"Washington","addressRegion":"DC"},"parentRecordLocation":{"name":"Library of Congress","location":{"addressLocality":"Washington","addressRegion":"DC"}}}},{"name":"n.d. Political appointment.","recordType":["Papers"],"description":"Finding aid in repository.","recordLocation":{"name":"Brooklyn Historical Society","location":{"addressLocality":"Brooklyn","addressRegion":"NY"}}}],"deleted":false}}
