{"data":{"usCongressBioId":"W000758","familyName":"Wright","givenName":"Edwin","middleName":"Ruthvin Vincent","honorificPrefix":"Mr.","unaccentedFamilyName":"Wright","unaccentedGivenName":"Edwin","unaccentedMiddleName":"Ruthvin Vincent","birthDate":"1812-01-02","birthCirca":false,"deathDate":"1871-01-21","deathCirca":false,"profileText":"A Representative from New Jersey; born in Hoboken, N.J., January 2, 1812; completed preparatory studies; engaged in newspaper work in 1835; editor of the Jersey Blue in 1836, a newspaper published in Hoboken, N.J.; admitted to the bar in 1839 and commenced practice in Jersey City; lawyer, private practice; subsequently settled in Hudson City and continued the practice of law; member of the New Jersey state council in 1843; district attorney for Hudson County 1851-1855; mayor of Hudson, N.J., in 1855; elected as a Democrat to the Thirty-ninth Congress (March 4, 1865-March 3, 1867); owing to ill health, was not a candidate for renomination in 1866 to the Fortieth Congress; died in Jersey City, N.J., January 21, 1871; interment in Hoboken Cemetery, New Durham, Hudson County, N.J.","relationship":[],"asset":[],"jobPositions":[{"job":{"name":"Representative","jobType":"CongressMemberJob"},"startDate":"1865-03-04","startCirca":false,"congressAffiliation":{"congress":{"name":"The 39th United States Congress","congressNumber":39,"congressType":"USCongress","startDate":"1865-03-04","endDate":"1867-03-03"},"partyAffiliation":[{"party":{"name":"Democrat"}}],"caucusAffiliation":[{"party":{"name":"Democrat"}}],"represents":{"regionType":"DistrictRegion","regionCode":"NJ"}}}],"creativeWork":[],"researchRecord":[]}}
