{"data":{"usCongressBioId":"W000363","familyName":"White","givenName":"David","honorificPrefix":"Mr.","unaccentedFamilyName":"White","unaccentedGivenName":"David","birthDate":"1785","birthCirca":true,"birthDateUnknown":false,"deathDate":"1834-10-19","deathCirca":false,"deathDateUnknown":false,"profileText":"A Representative from Kentucky; born in 1785; completed preparatory studies; studied law; was admitted to the bar and commenced practice in New Castle, Ky.; member of the State house of representatives in 1826; elected as an Adams-Clay Republican to the Eighteenth Congress (March 4, 1823-March 3, 1825); died in Franklin County, Ky., October 19, 1834.","relationship":[],"asset":[],"jobPositions":[{"job":{"name":"Representative","jobType":"CongressMemberJob"},"startDate":"1823-12-01","startCirca":false,"congressAffiliation":{"congress":{"name":"The 18th United States Congress","congressNumber":18,"congressType":"USCongress","startDate":"1823-12-01","endDate":"1825-03-03"},"partyAffiliation":[{"party":{"name":"Adams-Clay Republican"}}],"caucusAffiliation":[{"party":{"name":"Adams-Clay Republican"}}],"represents":{"regionType":"DistrictRegion","regionCode":"KY"}}}],"creativeWork":[],"researchRecord":[],"deleted":false}}
