{"data":{"usCongressBioId":"W000039","familyName":"Waldow","givenName":"William","middleName":"Frederick","honorificPrefix":"Mr.","unaccentedFamilyName":"Waldow","unaccentedGivenName":"William","unaccentedMiddleName":"Frederick","birthDate":"1882-08-26","birthCirca":false,"birthDateUnknown":false,"deathDate":"1930-04-16","deathCirca":false,"deathDateUnknown":false,"image":[{"contentUrl":"/bioguide-staging/assets/66d74acff82b0eef2ffd68f5.jpg","caption":"Image courtesy of the Library of Congress","name":"W000039_001"}],"profileText":"A Representative from New York; born in Buffalo, N.Y., August 26, 1882; attended the common schools; apprenticed as a plumber and later engaged as a plumbing contractor; elected a member of the board of aldermen of Buffalo in 1912 and 1913; member of the New York Republican State committee in 1916; elected as a Republican to the Sixty-fifth Congress (March 4, 1917-March 3, 1919); unsuccessful for reelection in 1918 to the Sixty-sixth Congress; resumed former business pursuits; delegate to the Republican National Convention in 1920; sheriff of Erie County, N.Y., 1921-1923; died in Snyder (a suburb of Buffalo), N.Y., April 16, 1930; interment in Forest Lawn Cemetery.","relationship":[],"asset":[{"name":"W000039_001","assetType":"Image","contentUrl":"/bioguide-published/assets/66d74acff82b0eef2ffd68f5.jpg","creditLine":"Image courtesy of the Library of Congress","associatedEntity":[],"note":[{"noteType":"ImageNote","content":"https://www.loc.gov/item/2016859732/"}],"usageRight":["Import to Congress.gov"]}],"jobPositions":[{"job":{"name":"Representative","jobType":"CongressMemberJob"},"startDate":"1917-03-04","startCirca":false,"congressAffiliation":{"congress":{"name":"The 65th United States Congress","congressNumber":65,"congressType":"USCongress","startDate":"1917-03-05","endDate":"1919-03-04"},"partyAffiliation":[{"party":{"name":"Republican"}}],"caucusAffiliation":[{"party":{"name":"Republican"}}],"represents":{"regionType":"DistrictRegion","regionCode":"NY"}}}],"creativeWork":[],"researchRecord":[],"deleted":false}}
