{"data":{"usCongressBioId":"W000162","familyName":"Warren","givenName":"Cornelius","honorificPrefix":"Mr.","unaccentedFamilyName":"Warren","unaccentedGivenName":"Cornelius","birthDate":"1790-03-15","birthCirca":false,"deathDate":"1849-07-28","deathCirca":false,"profileText":"A Representative from New York; born in Phillipstown, Putnam County, N.Y., March 15, 1790; completed preparatory studies; studied law; was admitted to the bar and commenced the practice of law; appointed judge of the court of common pleas in 1841; elected as a Whig to the Thirtieth Congress (March 4, 1847-March 3, 1849); died at Cold Spring, Putnam County, N.Y., July 28, 1849; interment in the Old Cemetery.","relationship":[],"asset":[],"jobPositions":[{"job":{"name":"Representative","jobType":"CongressMemberJob"},"startDate":"1847-03-04","startCirca":false,"congressAffiliation":{"congress":{"name":"The 30th United States Congress","congressNumber":30,"congressType":"USCongress","startDate":"1847-12-06","endDate":"1849-03-03"},"partyAffiliation":[{"party":{"name":"Whig"}}],"caucusAffiliation":[{"party":{"name":"Whig"}}],"represents":{"regionType":"DistrictRegion","regionCode":"NY"}}}],"creativeWork":[],"researchRecord":[]}}
