{"data":{"usCongressBioId":"W000491","familyName":"Williams","givenName":"Benjamin","honorificPrefix":"Mr.","unaccentedFamilyName":"Williams","unaccentedGivenName":"Benjamin","birthDate":"1751-01-01","birthCirca":false,"deathDate":"1814-07-20","deathCirca":false,"profileText":"A Representative from North Carolina; born near Smithfield, Johnston County, N.C., January 1, 1751; attended the country schools; engaged in agricultural pursuits; member of the provincial congress in 1774 and 1775; served in the Revolutionary Army as second lieutenant; promoted to captain in the Second Regiment July 19, 1776; promoted to colonel for gallantry at Guilford, N.C., July 12, 1781; member of the State house of commons in 1779, 1785, and 1789; member of the State senate in 1780, 1781, April 1784, October 1784, and 1786, and again in 1807 and 1809; elected to the Third Congress (March 4, 1793-March 3, 1795); was not a candidate for renomination; Governor of North Carolina 1799-1802, and from December 1, 1807 until December 12, 1808; died in Moore County, N.C., July 20, 1814; interment in the family cemetery in Moore County, near Carbonton, N.C.; reinterment, 1970, at his last residence in Moore County, now known as ``The House in the Horseshoe,'' a mile and a half from his original grave on Governor's Creek.","relationship":[],"asset":[],"jobPositions":[{"job":{"name":"Representative","jobType":"CongressMemberJob"},"startDate":"1793-12-02","startCirca":false,"endCirca":false,"congressAffiliation":{"congress":{"name":"The 3rd United States Congress","congressNumber":3,"congressType":"USCongress","startDate":"1793-03-04","endDate":"1795-03-03"},"partyAffiliation":[{"party":{"name":"Anti-Administration"},"startCirca":false,"endCirca":false}],"represents":{"regionType":"DistrictRegion","regionCode":"NC"}}}],"creativeWork":[],"researchRecord":[{"name":"In the John Spencer Bassett, ca. 1770-1978, 26.8 linear feet.","recordType":["Papers"],"description":"Correspondents include Benjamin Williams. A finding aid is available in the library.","recordLocation":{"name":"Manuscript Division","location":{"addressLocality":"Washington","addressRegion":"DC"},"parentRecordLocation":{"name":"Library of Congress","location":{"addressLocality":"Washington","addressRegion":"DC"}}}},{"name":"1802, 3 pages.","recordType":["Papers"],"description":"A letter from William Richardson Davie to Governor Benjamin Williams written on February 10, 1802. In the letter, William Davie advises Governor Benjamin of a communication received from a James Gee of South Hampden County in Virginia which \"contains a partial disclosure of one of the most alarming plots that has ever existed in the country.\"","recordLocation":{"name":"J. S. Copley Library","location":{"addressLocality":"La Jolla","addressRegion":"CA"},"parentRecordLocation":{"name":"Copley Press, Inc.","location":{"addressLocality":"La Jolla","addressRegion":"CA"}}}},{"name":"1802, 1 item.","recordType":["Papers"],"description":"A letter from Governor Benjamin Williams enclosing a copy of the public acts recently enacted by the North Carolina legislature, to the governor of Tennessee.","recordLocation":{"name":"Rare Book, Manuscript, and Special Collections","location":{"addressLocality":"Durham","addressRegion":"NC"},"parentRecordLocation":{"name":"Duke University","location":{"addressLocality":"Durham","addressRegion":"NC"}}}}]}}
