{"data":{"usCongressBioId":"W000748","familyName":"Worthington","givenName":"John","middleName":"Tolley Hood","honorificPrefix":"Mr.","unaccentedFamilyName":"Worthington","unaccentedGivenName":"John","unaccentedMiddleName":"Tolley Hood","birthDate":"1788-11-01","birthCirca":false,"birthDateUnknown":false,"deathDate":"1849-04-27","deathCirca":false,"deathDateUnknown":false,"profileText":"a Representative from Maryland; born at \"Shewan,\" near Baltimore, Baltimore County, Md., November 1, 1788; received a limited schooling; engaged in agricultural pursuits; elected as a Jacksonian candidate to the Twenty-second Congress (March 4, 1831-March 3, 1833); unsuccessful candidate for reelection in 1832 to the Twenty-third Congress and for election in 1834 to the Twenty-fourth Congress; elected as a Democrat to the Twenty-fifth and Twenty-sixth Congresses (March 4, 1837-March 3, 1841); resumed agricultural pursuits; died at \"Shewan,\" Baltimore County, Md., April 27, 1849; interment in a private cemetery on his farm; reinterment in St. John's Episcopal Churchyard, Worthington Valley, Baltimore County, Md.","relationship":[],"asset":[],"jobPositions":[{"job":{"name":"Representative","jobType":"CongressMemberJob"},"startDate":"1831-12-05","startCirca":false,"congressAffiliation":{"congress":{"name":"The 22nd United States Congress","congressNumber":22,"congressType":"USCongress","startDate":"1831-12-05","endDate":"1833-03-02"},"partyAffiliation":[{"party":{"name":"Jacksonian"}}],"caucusAffiliation":[{"party":{"name":"Jacksonian"}}],"represents":{"regionType":"DistrictRegion","regionCode":"MD"},"note":[{"type":"Note","noteType":"FootNote","content":"One of two elected to represent the 5th district."}]}},{"job":{"name":"Representative","jobType":"CongressMemberJob"},"startDate":"1837-03-04","startCirca":false,"congressAffiliation":{"congress":{"name":"The 25th United States Congress","congressNumber":25,"congressType":"USCongress","startDate":"1837-03-04","endDate":"1839-03-03"},"partyAffiliation":[{"party":{"name":"Democrat"}}],"caucusAffiliation":[{"party":{"name":"Democrat"}}],"represents":{"regionType":"DistrictRegion","regionCode":"MD"}}},{"job":{"name":"Representative","jobType":"CongressMemberJob"},"startDate":"1839-03-04","startCirca":false,"congressAffiliation":{"congress":{"name":"The 26th United States Congress","congressNumber":26,"congressType":"USCongress","startDate":"1839-12-02","endDate":"1841-03-03"},"partyAffiliation":[{"party":{"name":"Democrat"}}],"caucusAffiliation":[{"party":{"name":"Democrat"}}],"represents":{"regionType":"DistrictRegion","regionCode":"MD"}}}],"creativeWork":[],"researchRecord":[{"name":"1836, 1 item.","recordType":["Papers"],"description":"A letter regarding a subscription of the <i>Congressional Globe</i>.","recordLocation":{"name":"Ohio Historical Society","location":{"addressLocality":"Columbus","addressRegion":"OH"}}},{"name":"In the Worthington Family Papers, 1713-1884, approximately 70 items.","recordType":["Papers"],"description":"Persons represented include John T.H. Worthington. A finding aid is available in the repository and online.","recordLocation":{"name":"Maryland Historical Society","location":{"addressLocality":"Baltimore","addressRegion":"MD"}}}],"deleted":false}}
