{"data":{"usCongressBioId":"W000454","familyName":"Wilbour","givenName":"Isaac","honorificPrefix":"Mr.","unaccentedFamilyName":"Wilbour","unaccentedGivenName":"Isaac","birthDate":"1763-04-25","birthCirca":false,"birthDateUnknown":false,"deathDate":"1837-10-04","deathCirca":false,"deathDateUnknown":false,"profileText":"A Representative from Rhode Island; born in Little Compton, R.I., April 25, 1763; completed preparatory studies; studied law; was admitted to the bar in 1793 and practiced; also engaged in agricultural pursuits; held various local offices from 1793 to 1800; member of the Rhode Island state house of representatives in 1805 and 1806 and served as speaker the last year; Lieutenant Governor in 1806 and 1807 and Acting Governor in 1806; elected as a Democratic Republican to the Tenth Congress (March 4, 1807-March 3, 1809); unsuccessful candidate for reelection in 1808 to the Eleventh Congress and for election in 1812 to the Thirteenth Congress; in 1807 received a commission from Governor Fenner, appointing him as his successor to the United States Senate for the remainder of the term ending March 3, 1811, which he declined; again Lieutenant Governor in 1810 and 1811; associate justice of the supreme court of Rhode Island in 1818 and chief justice from 1819 to 1827, when he resigned; died in Little Compton, R.I., on October 4, 1837; interment in the Seaconnet Cemetery.","relationship":[],"asset":[],"jobPositions":[{"job":{"name":"Representative","jobType":"CongressMemberJob"},"startDate":"1807-10-26","startCirca":false,"endCirca":false,"congressAffiliation":{"congress":{"name":"The 10th United States Congress","congressNumber":10,"congressType":"USCongress","startDate":"1807-10-26","endDate":"1809-03-03"},"partyAffiliation":[{"party":{"name":"Democratic Republican"},"startCirca":false,"endCirca":false}],"caucusAffiliation":[{"party":{"name":"Democratic Republican"},"startCirca":false,"endCirca":false}],"represents":{"regionType":"StateRegion","regionCode":"RI"}}}],"creativeWork":[],"researchRecord":[{"name":"In the Jonathan Russell Papers, 1795-1832, approximately 7,000 items.","recordType":["Papers"],"description":"Correspondenta include Isaac Wilbour.","recordLocation":{"name":"John Hay Library","location":{"addressLocality":"Providence","addressRegion":"RI"},"parentRecordLocation":{"name":"Brown University","location":{"addressLocality":"Providence","addressRegion":"RI"}}}},{"name":"ca. 1770-1830, 0.25 foot.","recordType":["Papers"],"description":"Letters of Isaac Wilbour.","recordLocation":{"name":"Rhode Island Historical Society","location":{"addressLocality":"Providence","addressRegion":"RI"}}}],"deleted":false}}
