{"data":{"usCongressBioId":"W000280","familyName":"Wells","givenName":"Alfred","honorificPrefix":"Mr.","unaccentedFamilyName":"Wells","unaccentedGivenName":"Alfred","birthDate":"1814-05-27","birthCirca":false,"deathDate":"1867-06-18","deathCirca":false,"profileText":"A Representative from New York; born in Dagsboro, Sussex County, Del., May 27, 1814; pursued classical studies; studied law; was admitted to the bar in 1837 and commenced practice in Ithaca, Tompkins County, N.Y.; one of the owners of the Ithaca Journal and Advertiser 1839-1853; district attorney of Tompkins County, N.Y., 1845-1847; judge of Tompkins County Court from 1847 to 1851; attended the Anti-Nebraska Conventions at Saratoga and Auburn in 1854; elected as a Republican to the Thirty-sixth Congress (March 4, 1859-March 3, 1861); unsuccessful candidate for renomination in 1860; appointed United States assessor of internal revenue at Ithaca in 1862 and served until his death in Ithaca, N.Y., July 18, 1867; interment in the City Cemetery.","relationship":[],"asset":[],"jobPositions":[{"job":{"name":"Representative","jobType":"CongressMemberJob"},"startDate":"1859-03-04","startCirca":false,"congressAffiliation":{"congress":{"name":"The 36th United States Congress","congressNumber":36,"congressType":"USCongress","startDate":"1859-03-04","endDate":"1861-03-03"},"partyAffiliation":[{"party":{"name":"Republican"}}],"caucusAffiliation":[{"party":{"name":"Republican"}}],"represents":{"regionType":"DistrictRegion","regionCode":"NY"}}}],"creativeWork":[],"researchRecord":[{"name":"Biographical information in the Charles Lanman collection, 1787-1906.","recordType":["Papers"],"recordLocation":{"name":"University of Delaware Library","location":{"addressLocality":"Newark","addressRegion":"DE"}}}]}}
