{"data":{"usCongressBioId":"W000719","familyName":"Woodruff","givenName":"Thomas","middleName":"M.","honorificPrefix":"Mr.","unaccentedFamilyName":"Woodruff","unaccentedGivenName":"Thomas","unaccentedMiddleName":"M.","birthDate":"1804-05-03","birthCirca":false,"birthDateUnknown":false,"deathDate":"1855-03-28","deathCirca":false,"deathDateUnknown":false,"profileText":"A Representative from New York; born in New Jersey, May 3, 1804; elected as an American to the Twenty-ninth Congress (March 4, 1845-March 3, 1847); employed as a cabinetmaker and later engaged in the furniture business in New York City; died in New York City, March 28, 1855; interment in the First Presbyterian Church Cemetery, Newark, N.J.","relationship":[],"asset":[],"jobPositions":[{"job":{"name":"Representative","jobType":"CongressMemberJob"},"startDate":"1845-03-04","startCirca":false,"endCirca":false,"congressAffiliation":{"congress":{"name":"The 29th United States Congress","congressNumber":29,"congressType":"USCongress","startDate":"1845-03-04","endDate":"1847-03-03"},"partyAffiliation":[{"party":{"name":"American"},"startCirca":false,"endCirca":false}],"caucusAffiliation":[{"party":{"name":"American"},"startCirca":false,"endCirca":false}],"represents":{"regionType":"DistrictRegion","regionCode":"NY"}}}],"creativeWork":[],"researchRecord":[],"deleted":false}}
