{"data":{"usCongressBioId":"W000184","familyName":"Waskey","givenName":"Frank","middleName":"Hinman","honorificPrefix":"Mr.","unaccentedFamilyName":"Waskey","unaccentedGivenName":"Frank","unaccentedMiddleName":"Hinman","birthDate":"1875-04-20","birthCirca":false,"deathDate":"1964-01-18","deathCirca":false,"profileText":"A Delegate from the Territory of Alaska; born in Lake City, Wabasha County, Minn., April 20, 1875; attended the public schools of Minneapolis; moved to Alaska in February 1898, located in Nome, and engaged in mining; president of a mining company; director of a bank and also of a publishing company, both in Nome; elected as a Democrat to the Fifty-ninth Congress as the first Delegate from Alaska and served from August 14, 1906, to March 3, 1907; was not a candidate for renomination in 1906; prospected for minerals in Alaska, fur buyer, and curio dealer, 1911-1955; United States commissioner at Fortuna Ledge, Alaska, 1915-1918; moved to Oakville, Wash., in 1956, where he died January 18, 1964; interment in Shelton Cemetery, Shelton, Wash.","relationship":[],"asset":[],"jobPositions":[{"job":{"name":"Delegate","jobType":"CongressMemberJob"},"startDate":"1905-03-04","startCirca":false,"congressAffiliation":{"congress":{"name":"The 59th United States Congress","congressNumber":59,"congressType":"USCongress","startDate":"1905-03-04","endDate":"1907-03-04"},"partyAffiliation":[{"party":{"name":"Democrat"}}],"caucusAffiliation":[{"party":{"name":"Democrat"}}],"represents":{"regionType":"DistrictRegion","regionCode":"AK"},"note":[{"type":"Note","noteType":"FootNote","content":"Took his seat December 6, 1906."}]}}],"creativeWork":[{"freeFormCitationText":"McCollom, Pat. \"Alaska's First Delegates: Waskey and Cale.\" <i>Alaska Journal</i> 3 (Winter 1973): 50-55."}],"researchRecord":[{"name":"1919-1954, 0.25 cubic foot.","recordType":["Papers"],"description":"The papers of Frank H. Waskey consist of photocopies of two diaries (1923-1925 and undated), two folders of other writings by Waskey, several photographs of Eskimo artifacts, a small number of reprints dealing with Alaskan archaeology and geology, and several newspaper clippings. The diaries include vivid accounts of Waskey's travels in Alaska. They reflect his interest in the Eskimo culture, language, and people, and his belief in their potential for economic success. Waskey's writings include some Eskimo stories, accounts of digging in the middens of old villages for pottery and ivory trinkets, and accounts of Waskey's search for markets for Alaskan products and materials. Little of the collection relates to Waskey's role as Alaska's Territorial delegate, but there is a telegram referring to his accomplishments in Congress, a list of people who attended a banquet in his honor, and a small amount of correspondence.","recordLocation":{"name":"Alaska and Polar Regions Department, Elmer E. Rasmuson Library","location":{"addressLocality":"Fairbanks","addressRegion":"AK"},"parentRecordLocation":{"name":"University of Alaska-Fairbanks","location":{"addressLocality":"Fairbanks","addressRegion":"AK"}}}}]}}
