{"data":{"usCongressBioId":"W000045","familyName":"Walker","givenName":"Amasa","honorificPrefix":"Mr.","unaccentedFamilyName":"Walker","unaccentedGivenName":"Amasa","birthDate":"1799-05-04","birthCirca":false,"deathDate":"1875-10-29","deathCirca":false,"profileText":"A Representative from Massachusetts; born in East Woodstock, Conn., May 4, 1799; moved with his parents to North Brookfield, Mass.; attended the district school; in 1814 entered commercial life in North Brookfield; in 1825 moved to Boston, where he engaged in mercantile pursuits until 1840; delegate to the Democratic National Convention in 1836; delegate to the first international peace conference at London in 1843 and at Paris in 1849; lecturer on political economy at Oberlin College, Ohio, 1842-1848; member of the Massachusetts house of representatives in 1849; served in the State senate in 1850; secretary of state of Massachusetts in 1851 and 1852; member of the State constitutional convention in 1853; lecturer on political economy at Harvard University 1853-1860; again a member of the State house of representatives in 1860; elected as a Republican to the Thirty-seventh Congress to fill the vacancy caused by the death of Goldsmith F. Bailey and served from December 1, 1862, to March 3, 1863; was not a candidate for election to the Thirty-eighth Congress; lecturer on political economy at Amherst College, Amherst, Mass., 1859-1869; author of several books on political economy; died in North Brookfield, Mass., October 29, 1875; interment in Maple Street Cemetery.","relationship":[],"asset":[],"jobPositions":[{"job":{"name":"Representative","jobType":"CongressMemberJob"},"startDate":"1862-12-01","startCirca":false,"congressAffiliation":{"congress":{"name":"The 37th United States Congress","congressNumber":37,"congressType":"USCongress","startDate":"1861-03-04","endDate":"1863-03-03"},"partyAffiliation":[{"party":{"name":"Republican"}}],"caucusAffiliation":[{"party":{"name":"Republican"}}],"represents":{"regionType":"DistrictRegion","regionCode":"MA"},"note":[{"type":"Note","noteType":"FootNote","content":"Elected to fill vacancy caused by death of Goldsmith F. Bailey, and took his seat December 1, 1862."}]}}],"creativeWork":[{"freeFormCitationText":"Mick, Laura A. \"The Life of Amasa Walker.\" Ph.D. diss., Ohio State University, 1940."},{"freeFormCitationText":"Walker, Amasa.<i> An address delivered before the young men of Boston, associated for moral and intellectual improvement on the fifty-seventh anniversary of American independence</i>. Boston: Allen and Ticknor, 1833."},{"freeFormCitationText":"------. \"Claims of the Bondholders.\" <i>Lippincott's Magazine</i> 2 (August 1868): 206-12."},{"freeFormCitationText":"------. <i>Claims of the bondholders</i>. [Philadelphia: N.p., 1868]."},{"freeFormCitationText":"------. \"Corn, Cotton and Currency.\" <i>Lippincott's Magazine</i> 8 (November 1871): 492-95."},{"freeFormCitationText":"------. <i>Corn, cotton and currency</i>. [Philadelphia: N.p., 1871]."},{"freeFormCitationText":"------.<i> The nature and uses of money and mixed currency, with a history of the Wickaboag Bank</i>. Boston: Crosby, Nichols &amp; Company, 1857. Reprint, New York: Greenwood Press, [1969]."},{"freeFormCitationText":"------. <i>The National Currency and the Money Problem.</i> New York: A.S. Barnes and Company, 1876."},{"freeFormCitationText":"------. <i>The national finances</i>. [New York: F. Hunt, 1865]."},{"freeFormCitationText":"------. <i>The Nature and Uses of Money and Mixed Currency, with A History of the Wickaboag Bank.</i> 1857. Reprint, New York: Greenwood Press, Publishers, 1969."},{"freeFormCitationText":"------. <i>An oration delivered at Stoughton, Mass., July 5, 1830. In commemoration of the 54th anniversary of American independence</i>. Boston: J. Marsh, and W. Souther, 1830."},{"freeFormCitationText":"------. \"Our National Currency.\" <i>International Review</i> 1 (March 1874): 213-43."},{"freeFormCitationText":"------. <i>Our national currency</i>. New York: A. S. Barnes &amp; Company, [1874]."},{"freeFormCitationText":"------. <i>The Science of Wealth: A Manual of Political Economy, Embracing the Laws of Trade, Currency, and Finance.</i> Boston: Little, Brown, and Company, 1866. Reprint, New York: Kraus Reprint Company, 1969."},{"freeFormCitationText":"------. <i>The suicidal folly of the war-system; an address before the American Peace Society, at its anniversary in Boston, May 25, 1863</i>. Boston: American Peace Society, 1863."},{"freeFormCitationText":"<i>------. A Synopsis of the Several Communications on the Cause and Cure of the Potato Rot: Received by the Executive of Massachusetts.</i> Boston: Dutton and Wentworth, State Printers, 1852."}],"researchRecord":[{"name":"In the Joseph R. Hawley Papers, ca. 1638-1906, approximately 13,200 items.","recordType":["Papers"],"description":"Correspondents include Amasa Walker.","recordLocation":{"name":"Manuscript Division","location":{"addressLocality":"Washington","addressRegion":"DC"},"parentRecordLocation":{"name":"Library of Congress","location":{"addressLocality":"Washington","addressRegion":"DC"}}}},{"name":"In the James Fowler Simmons Papers, 1788-1939, approximately 21,000 items.","recordType":["Papers"],"description":"Correspondents include Amasa Walker.","recordLocation":{"name":"Manuscript Division","location":{"addressLocality":"Washington","addressRegion":"DC"},"parentRecordLocation":{"name":"Library of Congress","location":{"addressLocality":"Washington","addressRegion":"DC"}}}},{"name":"11 items.","recordType":["Papers"],"recordLocation":{"name":"Boston Public Library","location":{"addressLocality":"Boston","addressRegion":"MA"}}},{"name":"1823-1902, 3 boxes and 2 narrow boxes.","recordType":["Papers"],"description":"Loose papers of Amasa Walker, which contain correspondence on subjects including the peace movement and League of Universal Brotherhood, national politics, particularly with regard to the slavery question, and lectures. Correspondents include Charles Sumner and Thomas Drew. Also included are a few family letters. Seven scrapbooks contain clippings on Walker's views in debates over slavery, currency and bank failures, and other misc. subjects. Several of the volumes had been used by Walker as account books and are partially or wholly obscured by the clippings. These include two account books and a financial letterbook (1837-39) of the India Fire and Marine Insurance Co. of Boston of which Walker was a trustee and an account book recording sales of dry goods by the Boston firm of Carleton, Walker, and Co. (1825-27). One volume also contains an undated account of a voyage to Malta by Robert W. Walker. The collection also includes an anonymous account book recording sales of shoes and boots (1848); accounts of the \"Hale farm\" in North Brookfield (1855-63); two small volumes kept by Walker as one of the commissioners appointed by the state to investigate an epidemic of pleuropneumonia among cattle, including the results of examinations of the herds in eastern Massachusetts (1860); and a scrapbook containing obituaries of Walker's son, Francis A. Walker (1897). A finding aid is available in the repository and online.","recordLocation":{"name":"Massachusetts Historical Society","url":"http://thomasjeffersonpapers.org/independence","location":{"addressLocality":"Boston","addressRegion":"MA"}}},{"name":"In the Oberlin College Treasurer's Office Records, 1822-1866, 4.8 linear feet.","recordType":["Papers"],"description":"Other authors include Amasa Walker.","recordLocation":{"name":"Archives","location":{"addressLocality":"Oberlin","addressRegion":"OH"},"parentRecordLocation":{"name":"Oberlin College","location":{"addressLocality":"Oberlin","addressRegion":"OH"}}}}]}}
