{"data":{"usCongressBioId":"W000642","familyName":"Winston","givenName":"Joseph","honorificPrefix":"Mr.","unaccentedFamilyName":"Winston","unaccentedGivenName":"Joseph","birthDate":"1746-06-17","birthCirca":false,"birthDateUnknown":false,"deathDate":"1815-04-21","deathCirca":false,"deathDateUnknown":false,"profileText":"a Representative from North Carolina; born in Louisa County, Va., June 17, 1746; moved in 1766 to that part of Rowan County which later became Stokes County, N.C.; participated in expeditions against American Indians; member of the Hillsboro convention in 1775; member of the commission that concluded a treaty with the Cherokees in 1777; appointed entry taker for Surry County in 1778; chief ranger of Surry County; served as major in the Revolutionary Army; member of the North Carolina state senate in 1790, 1791, 1802, 1807, and 1812; elected as an Anti-Administration candidate to the Third Congress (March 4, 1793-March 3, 1795); elected as a Democratic Republican to the Eighth and Ninth Congresses (March 4, 1803-March 3, 1807); died near Germanton, Stokes County, N.C., April 21, 1815; interment in the family burial ground near Germanton; reinterment on Guilford Battle Ground (now Guilford Courthouse National Military Park), Greensboro, N.C.","relationship":[],"asset":[],"jobPositions":[{"job":{"name":"Representative","jobType":"CongressMemberJob"},"startDate":"1793-12-02","startCirca":false,"endCirca":false,"congressAffiliation":{"congress":{"name":"The 3rd United States Congress","congressNumber":3,"congressType":"USCongress","startDate":"1793-03-04","endDate":"1795-03-03"},"partyAffiliation":[{"party":{"name":"Anti-Administration"},"startCirca":false,"endCirca":false}],"caucusAffiliation":[{"party":{"name":"Anti-Administration"},"startCirca":false,"endCirca":false}],"represents":{"regionType":"DistrictRegion","regionCode":"NC"}}},{"job":{"name":"Representative","jobType":"CongressMemberJob"},"startDate":"1803-10-17","startCirca":false,"endCirca":false,"congressAffiliation":{"congress":{"name":"The 8th United States Congress","congressNumber":8,"congressType":"USCongress","startDate":"1803-10-17","endDate":"1805-03-03"},"partyAffiliation":[{"party":{"name":"Democratic Republican"},"startCirca":false,"endCirca":false}],"caucusAffiliation":[{"party":{"name":"Democratic Republican"},"startCirca":false,"endCirca":false}],"represents":{"regionType":"DistrictRegion","regionCode":"NC"}}},{"job":{"name":"Representative","jobType":"CongressMemberJob"},"startDate":"1805-12-02","startCirca":false,"endCirca":false,"congressAffiliation":{"congress":{"name":"The 9th United States Congress","congressNumber":9,"congressType":"USCongress","startDate":"1805-12-02","endDate":"1807-03-03"},"partyAffiliation":[{"party":{"name":"Democratic Republican"},"startCirca":false,"endCirca":false}],"caucusAffiliation":[{"party":{"name":"Democratic Republican"},"startCirca":false,"endCirca":false}],"represents":{"regionType":"DistrictRegion","regionCode":"NC"}}}],"creativeWork":[{"freeFormCitationText":"Hendricks, J. Edwin. \"Joseph Winston: North Carolina Jeffersonian.\" <i>North Carolina Historical Review</i> 45 (Summer 1968): 284-97."}],"researchRecord":[{"name":"In the Draper Manuscripts: King's Mountain Papers, 1756-1887, 3 cubic feet (19 volumes).","recordType":["Papers"],"description":"Subjects include Joseph Winston.","recordLocation":{"name":"Archives Division","location":{"addressLocality":"Madison","addressRegion":"WI"},"parentRecordLocation":{"name":"Wisconsin Historical Society","location":{"addressLocality":"Madison","addressRegion":"WI"}}}}],"deleted":false}}
