{"data":{"usCongressBioId":"W000676","familyName":"Wolf","givenName":"William","middleName":"Penn","honorificPrefix":"Mr.","unaccentedFamilyName":"Wolf","unaccentedGivenName":"William","unaccentedMiddleName":"Penn","birthDate":"1833-12-01","birthCirca":false,"deathDate":"1896-09-19","deathCirca":false,"profileText":"A Representative from Iowa; born in Harrisburg, Stark County, Ohio, December 1, 1833; attended the public schools and Holbrook Seminary; moved to Cedar County, Iowa, in 1856; studied law; was admitted to the bar in 1859 and commenced practice in Tipton, Cedar County, Iowa; superintendent of public schools; member of the State house of representatives in 1863 and 1864; served in the Union Army as captain of Company I, Forty-sixth Regiment, Iowa Volunteer Infantry; appointed assistant assessor of internal revenue in 1865; member of the State senate 1867-1869; elected as a Republican to the Forty-first Congress to fill the vacancy caused by the death of William Smyth and served from December 6, 1870, to March 3, 1871; resumed the practice of law in Tipton, Iowa; again a member of the State house of representatives 1881-1885, and was chosen speaker in 1884; elected judge of the eighteenth judicial district in the fall of 1894 and continued in this capacity until his death in Tipton, Iowa, on September 19, 1896; interment in the Masonic Cemetery.","relationship":[],"asset":[],"jobPositions":[{"job":{"name":"Representative","jobType":"CongressMemberJob"},"startDate":"1870-12-06","startCirca":false,"congressAffiliation":{"congress":{"name":"The 41st United States Congress","congressNumber":41,"congressType":"USCongress","startDate":"1869-03-04","endDate":"1871-03-03"},"partyAffiliation":[{"party":{"name":"Republican"}}],"caucusAffiliation":[{"party":{"name":"Republican"}}],"represents":{"regionType":"DistrictRegion","regionCode":"IA"},"note":[{"type":"Note","noteType":"FootNote","content":"Elected to fill vacancy caused by death of William Smyth, and took his seat December 6, 1870."}]}}],"creativeWork":[],"researchRecord":[]}}
