{"data":{"usCongressBioId":"W000734","familyName":"Woodworth","givenName":"James","middleName":"Hutchinson","honorificPrefix":"Mr.","unaccentedFamilyName":"Woodworth","unaccentedGivenName":"James","unaccentedMiddleName":"Hutchinson","birthDate":"1804-12-04","birthCirca":false,"birthDateUnknown":false,"deathDate":"1869-03-26","deathCirca":false,"deathDateUnknown":false,"profileText":"A Representative from Illinois; born in Greenwich, N.Y., December 4, 1804; received a limited schooling; moved to Fabius, Onondaga County, N.Y., and taught school; engaged in mercantile pursuits in 1823; inspector of the common schools in 1826; moved to Erie, Pa., in 1827; justice of the peace 1829-1832; moved to Chicago, Ill., in 1833 and engaged in the dry-goods business; served in the State senate 1839-1842; member of the State house of representatives 1842-1847; owner and manager of the Chicago Hydraulic Flouring Mills for ten years; member of the Chicago City Council 1845-1848; mayor of Chicago 1848-1850; elected as an Opposition candidate to the Thirty-fourth Congress (March 4, 1855-March 3, 1857); retired to private life until appointed by Governor Yates to serve on the board of auditors on war claims; served as president of the Merchants &amp; Mechanics' Bank of Chicago and was president of the Treasury Bank of Chicago at the time of his death; one of the founders of Chicago University; died in Highland Park, Ill., March 26, 1869; interment in Oakland Cemetery, Chicago, Ill.","relationship":[],"asset":[],"jobPositions":[{"job":{"name":"Representative","jobType":"CongressMemberJob"},"startDate":"1855-03-04","startCirca":false,"endCirca":false,"congressAffiliation":{"congress":{"name":"The 34th United States Congress","congressNumber":34,"congressType":"USCongress","startDate":"1855-12-03","endDate":"1857-03-03"},"partyAffiliation":[{"party":{"name":"Opposition"},"startCirca":false,"endCirca":false}],"represents":{"regionType":"DistrictRegion","regionCode":"IL"}}}],"creativeWork":[],"researchRecord":[],"deleted":false}}
