{"data":{"usCongressBioId":"W000771","familyName":"Wright","givenName":"Turbutt","unaccentedFamilyName":"Wright","unaccentedGivenName":"Turbutt","birthDate":"1741","birthCirca":false,"deathDate":"1783","deathCirca":false,"profileText":"(Cousin of Robert Wright), a Delegate from Maryland; born at ``White Marsh,'' near Chester Mills (now Centerville), Queen Annes County, Md., on February 5, 1741; engaged in agricultural pursuits; member of the General Assembly of Maryland in 1773 and 1774; one of the signers of the Association of Freemen of Maryland July 26, 1775; member of the Maryland constitutional convention in 1776; appointed February 3, 1777, by the council of Maryland as a member of the council of safety to fill the place of James Lloyd Chamberlaine, resigned, and served until the dissolution of the council on March 21, 1777; commissioned a justice of Queen Annes County in 1779; register of wills of Queen Annes County in 1779 and 1780; Member of the Continental Congress in 1782; again served in the State general assembly in 1781 and 1782; died on his estate, ``White Marsh,'' near Centerville, Md., in 1783; interment in the family burial plot on the homestead.","relationship":[],"asset":[],"jobPositions":[{"job":{"name":"Delegate","jobType":"CongressMemberJob"},"congressAffiliation":{"congress":{"name":"The Confederation Congress","congressNumber":1,"congressType":"ConfederationCongress","startDate":"1781-03-01","endDate":"1789-03-02"},"represents":{"regionType":"StateRegion","regionCode":"MD"}}}],"creativeWork":[],"researchRecord":[]}}
