{"data":{"usCongressBioId":"W000076","familyName":"Wallace","givenName":"David","honorificPrefix":"Mr.","unaccentedFamilyName":"Wallace","unaccentedGivenName":"David","birthDate":"1799-04-24","birthCirca":false,"deathDate":"1859-09-04","deathCirca":false,"profileText":"A Representative from Indiana; born near Lewistown, Mifflin County, Pa., April 24, 1799; moved with his parents to Brookville, Ind., in 1817; was graduated from the United States Military Academy at West Point, N.Y., in 1821, and was appointed assistant professor of mathematics in that institution, resigning in 1822; returned to Brookville, Ind.; studied law; was admitted to the bar in 1824 and practiced; member of the State house of representatives 1828-1830; moved to Covington, Ind., in 1830 and continued the practice of law; Lieutenant Governor of Indiana 1831-1837; Governor 1837-1840; settled in Indianapolis and continued the practice of law; elected as a Whig to the Twenty-seventh Congress (March 4, 1841-March 3, 1843); unsuccessful candidate for reelection to the Twenty-eighth Congress; resumed the practice of law in Indianapolis; delegate to the State constitutional convention in 1850; judge of the court of common pleas of Marion County from 1856 until his death in Indianapolis, Ind., September 4, 1859; interment in Crown Hill Cemetery.","relationship":[],"asset":[],"jobPositions":[{"job":{"name":"Representative","jobType":"CongressMemberJob"},"startDate":"1841-03-04","startCirca":false,"congressAffiliation":{"congress":{"name":"The 27th United States Congress","congressNumber":27,"congressType":"USCongress","startDate":"1841-03-04","endDate":"1843-03-03"},"partyAffiliation":[{"party":{"name":"Whig"}}],"caucusAffiliation":[{"party":{"name":"Whig"}}],"represents":{"regionType":"DistrictRegion","regionCode":"IN"}}}],"creativeWork":[{"freeFormCitationText":"Banks, Louis Albert. <i>Heroic Personalities</i>. New York: Eaton &amp; Mains, [1898]."},{"freeFormCitationText":"DePauw University, Greencastle, Indiana. <i>Addresses delivered by Governor Wallace</i>. Indianapolis: Printed by W. Stacy, 1840."},{"freeFormCitationText":"Indianapolis Bar Association. <i>Proceedings of the Indianapolis bar upon the occasion of the death of Hon. David Wallace, and eulogy by John Coburn</i>. Indianapolis: Indianapolis Journal Co., 1859."},{"freeFormCitationText":"Wallace, David. <i>Messages and papers relating to the administration of David Wallace, Governor of Indiana, 1837-1840</i>. Edited by Dorothy Riker. Indianapolis: Indiana Historical Bureau, 1963."}],"researchRecord":[{"name":"In the Draper Manuscripts: Thomas Spottswood Hinde Papers, 1807-1845, 6 cubic feet.","recordType":["Papers"],"description":"The papers include correspondence with Indiana governor David Wallace on internal improvements (1830).","recordLocation":{"name":"Archives Division","location":{"addressLocality":"Madison","addressRegion":"WI"},"parentRecordLocation":{"name":"Wisconsin Historical Society","location":{"addressLocality":"Madison","addressRegion":"WI"}}}},{"name":"In the David Enoch Beem Papers, ca. 1821-1954, 2 boxes and 1 oversize box.","recordType":["Papers"],"description":"Correspondents include David Wallace.","recordLocation":{"name":"Indiana Historical Society","location":{"addressLocality":"Indianapolis","addressRegion":"IN"}}},{"name":"In the Lew Wallace Papers, ca. 1799-1923, 2 volumes and 36 boxes.","recordType":["Papers"],"description":"Correspondents include David Wallace.","recordLocation":{"name":"Indiana Historical Society","location":{"addressLocality":"Indianapolis","addressRegion":"IN"}}},{"name":"In the Allen Hamilton Papers, 1788-1963, 16 boxes and 2 oversize folders.","recordType":["Papers"],"description":"Subjects include David Wallace.","recordLocation":{"name":"Indiana State Library","location":{"addressLocality":"Indianapolis","addressRegion":"IN"}}}]}}
