{"data":{"usCongressBioId":"W000717","familyName":"Woodruff","givenName":"John","honorificPrefix":"Mr.","unaccentedFamilyName":"Woodruff","unaccentedGivenName":"John","birthDate":"1826-02-12","birthCirca":false,"birthDateUnknown":false,"deathDate":"1868-05-20","deathCirca":false,"deathDateUnknown":false,"profileText":"A Representative from Connecticut; born in West Hartford, Hartford County, Conn., February 12, 1826; received a limited schooling; moved to Catskill, Greene County, N.Y., in 1835; returned to Connecticut in 1841 and settled in Bristol, where he worked in a clock factory until 1845; moved to New Haven in 1845; elected a member of the common council in 1848 and served several terms; member of the general assembly in 1852; elected as an American to the Thirty-fourth Congress (March 4, 1855-March 3, 1857); unsuccessful candidate for reelection in 1856 to the Thirty-fifth Congress; elected as a Republican to the Thirty-sixth Congress (March 4, 1859-March 3, 1861); upon establishment of the office in 1862 was appointed collector of internal revenue for the second district of Connecticut and served until his death in New Haven, Conn., May 20, 1868; interment in Evergreen Cemetery.","relationship":[],"asset":[],"jobPositions":[{"job":{"name":"Representative","jobType":"CongressMemberJob"},"startDate":"1855-03-04","startCirca":false,"endCirca":false,"congressAffiliation":{"congress":{"name":"The 34th United States Congress","congressNumber":34,"congressType":"USCongress","startDate":"1855-12-03","endDate":"1857-03-03"},"partyAffiliation":[{"party":{"name":"American"},"startCirca":false,"endCirca":false}],"caucusAffiliation":[{"party":{"name":"American"},"startCirca":false,"endCirca":false}],"represents":{"regionType":"DistrictRegion","regionCode":"CT"}}},{"job":{"name":"Representative","jobType":"CongressMemberJob"},"startDate":"1859-03-04","startCirca":false,"congressAffiliation":{"congress":{"name":"The 36th United States Congress","congressNumber":36,"congressType":"USCongress","startDate":"1859-03-04","endDate":"1861-03-03"},"partyAffiliation":[{"party":{"name":"Republican"}}],"caucusAffiliation":[{"party":{"name":"Republican"}}],"represents":{"regionType":"DistrictRegion","regionCode":"CT"}}}],"creativeWork":[],"researchRecord":[{"name":"In Timothy Lester Woodruff Family Papers, 1849-1904, 0.25 linear foot.","recordType":["Papers"],"description":"The papers include several items documenting John Woodruff's career as a Congressman from Connecticut and his election on the American Party ticket. An unpublished finding aid is available in the repository.","recordLocation":{"name":"Manuscripts and Archives","location":{"addressLocality":"New Haven","addressRegion":"CT"},"parentRecordLocation":{"name":"Yale University Library","location":{"addressLocality":"New Haven","addressRegion":"CT"}}}},{"name":"1858-1865. 5 letters in various collections.","recordType":["Papers"],"description":"Index in repository.","recordLocation":{"name":"Connecticut Historical Society","location":{"addressLocality":"Hartford","addressRegion":"CT"}}}],"deleted":false}}
