{"data":{"usCongressBioId":"W000592","familyName":"Wilson","givenName":"James","honorificPrefix":"Mr.","unaccentedFamilyName":"Wilson","unaccentedGivenName":"James","birthDate":"1766-08-16","birthCirca":false,"deathDate":"1839-01-04","deathCirca":false,"profileText":"A Representative from New Hampshire; born in Peterboro, N.H., August 16, 1766; attended Phillips Academy, Andover, Mass., and was graduated from Harvard University in 1789; studied law; was admitted to the bar in 1792 and commenced practice in Peterboro, N.H.; member of the State house of representatives 1803-1808 and 1812-1814; elected as a Federalist to the Eleventh Congress (March 4, 1809-March 3, 1811); was not a candidate for renomination in 1810; resumed the practice of law; moved to Keene, Cheshire County, N.H., in 1815 and continued the practice of law; died in Keene, N.H., January 4, 1839; interment in Woodland Cemetery.","relationship":[{"relationshipType":"father","relatedTo":{"usCongressBioId":"W000587","familyName":"Wilson","givenName":"James","honorificPrefix":"Mr.","unaccentedFamilyName":"Wilson","unaccentedGivenName":"James","birthDate":"1797-03-18","birthCirca":false,"deathDate":"1881-05-29","deathCirca":false}}],"asset":[],"jobPositions":[{"job":{"name":"Representative","jobType":"CongressMemberJob"},"startDate":"1809-05-22","startCirca":false,"congressAffiliation":{"congress":{"name":"The 11th United States Congress","congressNumber":11,"congressType":"USCongress","startDate":"1809-03-04","endDate":"1811-03-03"},"partyAffiliation":[{"party":{"name":"Federalist"}}],"caucusAffiliation":[{"party":{"name":"Federalist"}}],"represents":{"regionType":"StateRegion","regionCode":"NH"}}}],"creativeWork":[],"researchRecord":[{"name":"In the John Hardy Steele Papers, 1805-1925, 6 boxes.","recordType":["Papers"],"description":"Other authors include James Wilson.","recordLocation":{"name":"Peterborough Historical Society","location":{"addressLocality":"Peterborough","addressRegion":"NH"}}}]}}
