{"data":{"usCongressBioId":"W000673","familyName":"Wolf","givenName":"George","unaccentedFamilyName":"Wolf","unaccentedGivenName":"George","birthDate":"1777-08-12","birthCirca":false,"birthDateUnknown":false,"deathDate":"1840-03-11","deathCirca":false,"deathDateUnknown":false,"profileText":"A Representative from Pennsylvania; born in Allen Township, Northampton County, Pa., August 12, 1777; pursued preparatory studies; studied law; was admitted to the bar in 1799 and commenced practice in Easton, Pa.; postmaster of Easton in 1802 and 1803; clerk of the orphans' court of Northampton County 1803-1809; member of the State house of representatives in 1814; elected as a Jackson Republican to the Eighteenth Congress to fill the vacancy caused by the resignation of Thomas J. Rogers; reelected as a Jacksonian candidate to the Nineteenth, Twentieth, and Twenty-first Congresses and served from December 9, 1824, until his resignation in 1829 before the convening of the Twenty-first Congress; chairman, Committee on Revolutionary Claims (Twentieth Congress); Governor of Pennsylvania 1829-1835; was an unsuccessful candidate for reelection in 1834; first Comptroller of the Treasury of the United States from June 18, 1836, to February 23, 1838; appointed collector of customs of the port of Philadelphia in 1838 and served until his death in Philadelphia, Pa., on March 11, 1840; interment in Harrisburg Cemetery, Harrisburg, Pa.","relationship":[],"asset":[],"jobPositions":[{"job":{"name":"Representative","jobType":"CongressMemberJob"},"startDate":"1824-12-09","startCirca":false,"endCirca":false,"congressAffiliation":{"congress":{"name":"The 18th United States Congress","congressNumber":18,"congressType":"USCongress","startDate":"1823-12-01","endDate":"1825-03-03"},"partyAffiliation":[{"party":{"name":"Jackson Republican"},"startCirca":false,"endCirca":false}],"caucusAffiliation":[{"party":{"name":"Jackson Republican"},"startCirca":false,"endCirca":false}],"represents":{"regionType":"StateRegion","regionCode":"PA"}}},{"job":{"name":"Representative","jobType":"CongressMemberJob"},"startCirca":false,"endCirca":false,"congressAffiliation":{"congress":{"name":"The 19th United States Congress","congressNumber":19,"congressType":"USCongress","startDate":"1825-03-04","endDate":"1827-03-03"},"partyAffiliation":[{"party":{"name":"Jacksonian"},"startCirca":false,"endCirca":false}],"caucusAffiliation":[{"party":{"name":"Jacksonian"},"startCirca":false,"endCirca":false}],"represents":{"regionType":"StateRegion","regionCode":"PA"}}},{"job":{"name":"Representative","jobType":"CongressMemberJob"},"startCirca":false,"endCirca":false,"congressAffiliation":{"congress":{"name":"The 20th United States Congress","congressNumber":20,"congressType":"USCongress","startDate":"1827-12-03","endDate":"1829-03-03"},"partyAffiliation":[{"party":{"name":"Jacksonian"},"startCirca":false,"endCirca":false}],"caucusAffiliation":[{"party":{"name":"Jacksonian"},"startCirca":false,"endCirca":false}],"represents":{"regionType":"StateRegion","regionCode":"PA"}}}],"creativeWork":[{"freeFormCitationText":"Beck, Clara A.<i> Kith and Kin of George Wolf, Governor of Pennsylvania, 1829-1835</i>. Easton, Pa.: John S. Correll Co., Inc., 1930."},{"freeFormCitationText":"Steele, Henry Joseph. <i>The Life and Public Services of Governor George Wolf</i>. [Norristown, Pa.]: The Society, 1930."}],"researchRecord":[{"name":"1826-1836, amount unknown.","recordType":["Papers"],"description":"The papers of George Wolf, Governor of Pennsylvania, relate to state administration and politics in the second quarter of the nineteenth century, including many letters from George M. Dallas, 1830-1835.","recordLocation":{"name":"Historical Society of Pennsylvania","location":{"addressLocality":"Philadelphia","addressRegion":"PA"}}},{"name":"1829, 1 item.","recordType":["Papers"],"description":"Letter of George Wolf, 1829 February 14.","recordLocation":{"name":"Manuscript Division","location":{"addressLocality":"Washington","addressRegion":"DC"},"parentRecordLocation":{"name":"Library of Congress","location":{"addressLocality":"Washington","addressRegion":"DC"}}}},{"name":"1829-1832, 17 items.","recordType":["Papers"],"description":"The papers include correspondence between George Wolf to Samuel D. Ingham, secretary of the treasury, concerning political appointments and Bank of Pennsylvania loans to the Commonwealth. Includes information relating to John C. Calhoun, Henry Clay, and Andrew Jackson.","recordLocation":{"name":"Pennsylvania Historical and Museum Commission Library","location":{"addressLocality":"Harrisburg","addressRegion":"PA"}}}],"deleted":false}}
