{"data":{"usCongressBioId":"W000242","familyName":"Wedemeyer","givenName":"William","middleName":"Walter","honorificPrefix":"Mr.","unaccentedFamilyName":"Wedemeyer","unaccentedGivenName":"William","unaccentedMiddleName":"Walter","birthDate":"1873-03-22","birthCirca":false,"birthDateUnknown":false,"deathDate":"1913-01-02","deathCirca":false,"deathDateUnknown":false,"image":[{"contentUrl":"/bioguide-staging/assets/6781765c1f9ad6ea6fb1ebc9.jpg","caption":"Collection of the U.S. House of Representatives","name":"W000242_002"}],"profileText":"A Representative from Michigan; born near Lima Township, Washtenaw County, Mich., March 22, 1873; attended the district schools and Ann Arbor High School; was graduated from the law department of the University of Michigan at Ann Arbor in 1895; member of the board of school examiners in 1894 and 1895; was admitted to the bar in 1895; county commissioner of schools 1895-1897; deputy commissioner of railroads for Michigan 1897-1899; commenced the practice of law at Ann Arbor in 1899; chairman of the Republican State convention in 1903; American consul at Georgetown, British Guiana, during the summer of 1905; member of the Republican State central committee 1906-1910; elected as a Republican to the Sixty-second Congress and served from March 4, 1911, until his death; was an unsuccessful candidate for reelection in 1912 to the Sixty-third Congress; while on an official visit to Colon, Panama, was accidentally drowned in the harbor of that port on January 2, 1913; remains were never recovered.","relationship":[],"asset":[{"name":"W000242_001","assetType":"Image","contentUrl":"/bioguide-published/assets/66d74f17f82b0eef2ffd692b.jpg","creditLine":"Image courtesy of the Library of Congress","associatedEntity":[],"note":[{"noteType":"ImageNote","content":"https://www.loc.gov/item/2017894722/"}],"usageRight":["Import to Congress.gov"]},{"name":"W000242_002","assetType":"Image","contentUrl":"/bioguide-published/assets/6781765c1f9ad6ea6fb1ebc9.jpg","creditLine":"Collection of the U.S. House of Representatives","associatedEntity":[],"accessionNumber":"PA2025.01.0009","usageRight":["Import to Congress.gov"]}],"jobPositions":[{"job":{"name":"Representative","jobType":"CongressMemberJob"},"startDate":"1911-03-04","startCirca":false,"endDate":"1913-01-02","endCirca":false,"departureReason":"Died","congressAffiliation":{"congress":{"name":"The 62nd United States Congress","congressNumber":62,"congressType":"USCongress","startDate":"1911-04-04","endDate":"1913-03-04"},"departureReason":"Died","partyAffiliation":[{"party":{"name":"Republican"}}],"caucusAffiliation":[{"party":{"name":"Republican"}}],"represents":{"regionType":"DistrictRegion","regionCode":"MI"},"note":[{"type":"Note","noteType":"FootNote","content":"Died January 2, 1913."}]}}],"creativeWork":[{"freeFormCitationText":"United States. 62d Cong., 3d sess., 1912-1913. <i>William W. Wedemeyer (late a Representative from Michigan) Memorial addresses delivered in the House of Representatives and the Senate of the United States, Sixty-second Congress. Proceedings in the House, February 16, 1913. Proceedings in the Senate, February 22, 1913. Prepared under the direction of the Joint Committee on Printing</i>. Washington: [Government Printing Office], 1914."}],"researchRecord":[{"name":"In the Yale Peruvian Expedition Papers, 1908-1948, 16.25 linear feet.","recordType":["Papers"],"description":"Subjects include William Walter Wedemeyer. An unpublished finding aid is available in the library.","recordLocation":{"name":"Manuscripts and Archives","location":{"addressLocality":"New Haven","addressRegion":"CT"},"parentRecordLocation":{"name":"Yale University Library","location":{"addressLocality":"New Haven","addressRegion":"CT"}}}},{"name":"In the Morris Stuart Hall Papers, 1860-1912, 0.2 linear foot and 1 oversize folder.","recordType":["Papers"],"description":"Subjects include William Walter Wedemeyer.","recordLocation":{"name":"Michigan Historical Collections, Bentley Historical Library","location":{"addressLocality":"Ann Arbor","addressRegion":"MI"},"parentRecordLocation":{"name":"University of Michigan","location":{"addressLocality":"Ann Arbor","addressRegion":"MI"}}}},{"name":"In the James Orin Murfin Papers, 1896-1940, 8 linear feet.","recordType":["Papers"],"description":"Persons represented include William Walter Wedemeyer. A finding aid is available in the library and online.","recordLocation":{"name":"Michigan Historical Collections, Bentley Historical Library","location":{"addressLocality":"Ann Arbor","addressRegion":"MI"},"parentRecordLocation":{"name":"University of Michigan","location":{"addressLocality":"Ann Arbor","addressRegion":"MI"}}}},{"name":"1890-1913, 1 linear foot.","recordType":["Papers"],"description":"The papers of William Walter Wedemeyer include political and business correspondence, notes and addresses, and other materials relating to his business interests and political career; also papers concerning his trips to Alaska, British Guiana, and Panama. A finding aid is available in the library.","recordLocation":{"name":"Michigan Historical Collections, Bentley Historical Library","location":{"addressLocality":"Ann Arbor","addressRegion":"MI"},"parentRecordLocation":{"name":"University of Michigan","location":{"addressLocality":"Ann Arbor","addressRegion":"MI"}}}},{"name":"In the Junius Emery Beal Papers, 1869-1946, 15.3 linear feet.","recordType":["Papers"],"description":"Persons represented include William Walter Wedemeyer. A finding aid is available in the library and online.","recordLocation":{"name":"Michigan Historical Collections, Bentley Historical Library","location":{"addressLocality":"Ann Arbor","addressRegion":"MI"},"parentRecordLocation":{"name":"University of Michigan","location":{"addressLocality":"Ann Arbor","addressRegion":"MI"}}}},{"name":"In the Royal Samuel Copeland Papers, ca. 1862-1938, 37 linear feet and 45 oversize volumes.","recordType":["Papers"],"description":"Subjects include William Walter Wedemeyer. A finding aid is available in the library and online.","recordLocation":{"name":"Michigan Historical Collections, Bentley Historical Library","location":{"addressLocality":"Ann Arbor","addressRegion":"MI"},"parentRecordLocation":{"name":"University of Michigan","location":{"addressLocality":"Ann Arbor","addressRegion":"MI"}}}},{"name":"In the Harry Burns Hutchins Papers, 1879-1930, 22 linear feet.","recordType":["Papers"],"description":"Persons represented include William Walter Wedemeyer. A finding aid is available in the library and online.","recordLocation":{"name":"Michigan Historical Collections, Bentley Historical Library","location":{"addressLocality":"Ann Arbor","addressRegion":"MI"},"parentRecordLocation":{"name":"University of Michigan","location":{"addressLocality":"Ann Arbor","addressRegion":"MI"}}}},{"name":"In the Earl C. Michener Papers, ca. 1898-1954, 13 linear feet.","recordType":["Papers"],"description":"Persons represented include William Walter Wedemeyer. A finding aid is available in the library.","recordLocation":{"name":"Michigan Historical Collections, Bentley Historical Library","location":{"addressLocality":"Ann Arbor","addressRegion":"MI"},"parentRecordLocation":{"name":"University of Michigan","location":{"addressLocality":"Ann Arbor","addressRegion":"MI"}}}},{"name":"In the Frank T. Newton Papers, 1900-1931, 1 linear foot.","recordType":["Papers"],"description":"Correspondents include William W. Wedemeyer. A finding aid is available in the library.","recordLocation":{"name":"Michigan Historical Collections, Bentley Historical Library","location":{"addressLocality":"Ann Arbor","addressRegion":"MI"},"parentRecordLocation":{"name":"University of Michigan","location":{"addressLocality":"Ann Arbor","addressRegion":"MI"}}}}],"deleted":false}}
