{"data":{"usCongressBioId":"W000539","familyName":"Williams","givenName":"Thomas","middleName":"Hickman","unaccentedFamilyName":"Williams","unaccentedGivenName":"Thomas","unaccentedMiddleName":"Hickman","birthDate":"1801","birthCirca":false,"deathDate":"1851","deathCirca":false,"image":[{"contentUrl":"http://www.senate.gov/artandhistory/history/common/generic/Photo_Collection_of_the_Senate_Historical_Office.htm","caption":"<a href=\"http://www.senate.gov/artandhistory/history/common/generic/Photo_Collection_of_the_Senate_Historical_Office.htm\">Courtesy U.S. Senate Historical Office</a>"}],"profileText":"A Senator from Mississippi; born in Williamson County, Tenn., January 20, 1801; attended the common schools; moved to Mississippi and settled in Pontotoc County; engaged in planting; appointed and subsequently elected as a Democrat to the United States Senate to fill the vacancy caused by the resignation of James F. Trotter and served from November 12, 1838, to March 3, 1839; secretary and treasurer of the University of Mississippi at Oxford 1845-1851; known as 'Father of the State University,' being the first to propose it and also aiding to secure it; died on his plantation south of Pontotoc, Pontotoc County, Miss., May 3, 1851; interment in the private cemetery on the family estate.","relationship":[],"asset":[],"jobPositions":[{"job":{"name":"Senator","jobType":"CongressMemberJob"},"congressAffiliation":{"congress":{"name":"The 25th United States Congress","congressNumber":25,"congressType":"USCongress","startDate":"1837-03-04","endDate":"1839-03-03"},"partyAffiliation":[{"party":{"name":"Democrat"}}],"caucusAffiliation":[{"party":{"name":"Democrat"}}],"represents":{"regionType":"StateRegion","regionCode":"MS"}},"startCirca":false,"startDate":"1838-11-12"}],"creativeWork":[],"researchRecord":[{"name":"1843. 9 letters.","recordType":["Papers"],"recordLocation":{"name":"Mississippi Department of Archives and History","location":{"addressLocality":"Jackson","addressRegion":"MS"}}}]}}
