{"data":{"usCongressBioId":"W000322","familyName":"Wharton","givenName":"Charles","middleName":"Stuart","honorificPrefix":"Mr.","unaccentedFamilyName":"Wharton","unaccentedGivenName":"Charles","unaccentedMiddleName":"Stuart","birthDate":"1875-04-22","birthCirca":false,"deathDate":"1939-09-04","deathCirca":false,"profileText":"a Representative from Illinois; born in Aledo, Mercer County, Ill., April 22, 1875; moved to Chicago with his parents in 1878; attended the public schools; was graduated from the law department of the University of Michigan at Ann Arbor in 1896; was admitted to the bar in 1896 and commenced practice in Chicago, Ill.; prosecuting attorney for the town of Lake in 1899; appointed assistant city attorney of Chicago in 1903; elected as a Republican to the Fifty-ninth Congress (March 4, 1905-March 3, 1907); unsuccessful candidate for reelection in 1906 to the Sixtieth Congress; resumed the practice of law in Chicago, Ill.; member of the board of exemption and Government appeal agent at Chicago during the First World War; served as an assistant corporation counsel in 1919; appointed assistant State's attorney in 1920 and served in this capacity until December 1923, when he resigned; resumed the practice of law in Chicago, Ill.; convicted on August 2, 1928, of conspiracy; sentenced to federal prison and was fined; operated a restaurant; author of several books; died in Chicago, Ill., September 4, 1939; interment in Mount Hope Cemetery.","relationship":[],"asset":[],"jobPositions":[{"job":{"name":"Representative","jobType":"CongressMemberJob"},"startDate":"1905-03-04","startCirca":false,"congressAffiliation":{"congress":{"name":"The 59th United States Congress","congressNumber":59,"congressType":"USCongress","startDate":"1905-03-04","endDate":"1907-03-04"},"partyAffiliation":[{"party":{"name":"Republican"}}],"caucusAffiliation":[{"party":{"name":"Republican"}}],"represents":{"regionType":"DistrictRegion","regionCode":"IL"}}}],"creativeWork":[],"researchRecord":[],"deleted":false}}
