{"data":{"usCongressBioId":"W000169","familyName":"Warwick","givenName":"John","middleName":"George","honorificPrefix":"Mr.","unaccentedFamilyName":"Warwick","unaccentedGivenName":"John","unaccentedMiddleName":"George","birthDate":"1830-12-23","birthCirca":false,"deathDate":"1892-08-14","deathCirca":false,"profileText":"A Representative from Ohio; born in County Tyrone, Province of Ulster, Ireland, December 23, 1830; attended the common schools of his native land; immigrated with his brother to the United States about 1850 and resided in Philadelphia, Pa., for a short time; moved to Navarre, Stark County, Ohio, and became a bookkeeper in a dry-goods establishment; moved to Massillon, Ohio, and clerked in a dry-goods store, subsequently becoming interested in flour milling, coal mining, and agricultural pursuits; also was a promoter of railroad construction; elected as Lieutenant Governor of Ohio and served from 1884 to 1886; unsuccessful candidate for reelection in 1886; elected as a Democrat to the Fifty-second Congress and served from March 4, 1891, until his death in Washington, D.C., August 14, 1892; interment in Protestant Cemetery, Massillon, Stark County, Ohio.","relationship":[],"asset":[],"jobPositions":[{"job":{"name":"Representative","jobType":"CongressMemberJob"},"startDate":"1891-03-04","startCirca":false,"endDate":"1892-08-14","endCirca":false,"departureReason":"Died","congressAffiliation":{"congress":{"name":"The 52nd United States Congress","congressNumber":52,"congressType":"USCongress","startDate":"1891-12-07","endDate":"1893-03-04"},"departureReason":"Died","partyAffiliation":[{"party":{"name":"Democrat"}}],"caucusAffiliation":[{"party":{"name":"Democrat"}}],"represents":{"regionType":"DistrictRegion","regionCode":"OH"},"note":[{"type":"Note","noteType":"FootNote","content":"Died August 14, 1892."}]}}],"creativeWork":[],"researchRecord":[]}}
