{"data":{"usCongressBioId":"W000456","familyName":"Wilcox","givenName":"Jeduthun","honorificPrefix":"Mr.","unaccentedFamilyName":"Wilcox","unaccentedGivenName":"Jeduthun","birthDate":"1768-11-18","birthCirca":false,"deathDate":"1838-07-18","deathCirca":false,"profileText":"A Representative from New Hampshire; born in Middletown, Conn., November 18, 1768; studied law; was admitted to the bar in 1802 and commenced practice in Orford, N.H.; member of the State house of representatives 1809-1811; elected as a Federalist to the Thirteenth and Fourteenth Congresses (March 4, 1813-March 3, 1817); died in Orford, Grafton County, N.H., July 18, 1838; interment in Orford Cemetery.","relationship":[{"relationshipType":"father","relatedTo":{"usCongressBioId":"W000458","familyName":"Wilcox","givenName":"Leonard","unaccentedFamilyName":"Wilcox","unaccentedGivenName":"Leonard","birthDate":"1799","birthCirca":false,"deathDate":"1850","deathCirca":false}}],"asset":[],"jobPositions":[{"job":{"name":"Representative","jobType":"CongressMemberJob"},"startDate":"1813-05-24","startCirca":false,"congressAffiliation":{"congress":{"name":"The 13th United States Congress","congressNumber":13,"congressType":"USCongress","startDate":"1813-05-24","endDate":"1815-03-03"},"partyAffiliation":[{"party":{"name":"Federalist"}}],"caucusAffiliation":[{"party":{"name":"Federalist"}}],"represents":{"regionType":"StateRegion","regionCode":"NH"}}},{"job":{"name":"Representative","jobType":"CongressMemberJob"},"startDate":"1815-12-04","startCirca":false,"congressAffiliation":{"congress":{"name":"The 14th United States Congress","congressNumber":14,"congressType":"USCongress","startDate":"1815-12-04","endDate":"1817-03-03"},"partyAffiliation":[{"party":{"name":"Federalist"}}],"caucusAffiliation":[{"party":{"name":"Federalist"}}],"represents":{"regionType":"StateRegion","regionCode":"NH"}}}],"creativeWork":[],"researchRecord":[{"name":"1813-1815, 15 letters.","recordType":["Papers"],"description":"Letters of Jeduthun Wilcox, 1813-1815.","recordLocation":{"name":"Manuscript Division","location":{"addressLocality":"Washington","addressRegion":"DC"},"parentRecordLocation":{"name":"Library of Congress","location":{"addressLocality":"Washington","addressRegion":"DC"}}}}]}}
