{"data":{"usCongressBioId":"W000576","familyName":"Wilson","givenName":"Ephraim","middleName":"King","honorificPrefix":"Mr.","unaccentedFamilyName":"Wilson","unaccentedGivenName":"Ephraim","unaccentedMiddleName":"King","birthDate":"1771-09-15","birthCirca":false,"birthDateUnknown":false,"deathDate":"1834-01-02","deathCirca":false,"deathDateUnknown":false,"profileText":"a Representative from Maryland; born near Snow Hill, Somerset (now Worcester) County, Md., September 15, 1771; received instruction in private schools and was graduated from Princeton College in 1790; studied law; was admitted to the bar in 1792 and commenced practice in Snow Hill, Md.; elected as an Adams candidate to the Twentieth Congress; and reelected as a Jacksonian candidate to the Twenty-first Congress (March 4, 1827-March 3, 1831); was not a candidate for renomination in 1830 to the Twenty-second Congress; resumed the practice of law until his death in Snow Hill, Md., on January 2, 1834; interment in the Makemie Presbyterian Churchyard.","relationship":[{"relationshipType":"father","relatedTo":{"usCongressBioId":"W000577","familyName":"Wilson","givenName":"Ephraim","middleName":"King","unaccentedFamilyName":"Wilson","unaccentedGivenName":"Ephraim","unaccentedMiddleName":"King","birthDate":"1821","birthCirca":false,"deathDate":"1891","deathCirca":false}}],"asset":[],"jobPositions":[{"job":{"name":"Representative","jobType":"CongressMemberJob"},"startDate":"1827-12-03","startCirca":false,"endCirca":false,"congressAffiliation":{"congress":{"name":"The 20th United States Congress","congressNumber":20,"congressType":"USCongress","startDate":"1827-12-03","endDate":"1829-03-03"},"partyAffiliation":[{"party":{"name":"Adams"},"startCirca":false,"endCirca":false}],"caucusAffiliation":[{"party":{"name":"Adams"},"startCirca":false,"endCirca":false}],"represents":{"regionType":"DistrictRegion","regionCode":"MD"}}},{"job":{"name":"Representative","jobType":"CongressMemberJob"},"startDate":"1829-12-07","startCirca":false,"congressAffiliation":{"congress":{"name":"The 21st United States Congress","congressNumber":21,"congressType":"USCongress","startDate":"1829-03-04","endDate":"1831-03-03"},"partyAffiliation":[{"party":{"name":"Jacksonian"}}],"caucusAffiliation":[{"party":{"name":"Jacksonian"}}],"represents":{"regionType":"DistrictRegion","regionCode":"MD"}}}],"creativeWork":[],"researchRecord":[],"deleted":false}}
