{"data":{"usCongressBioId":"W000527","familyName":"Williams","givenName":"Lewis","honorificPrefix":"Mr.","unaccentedFamilyName":"Williams","unaccentedGivenName":"Lewis","birthDate":"1782-02-01","birthCirca":false,"birthDateUnknown":false,"deathDate":"1842-02-23","deathCirca":false,"deathDateUnknown":false,"profileText":"a Representative from North Carolina; born in Surry County, N.C., February 1, 1782; was graduated from the University of North Carolina at Chapel Hill in 1808; member of the State house of commons in 1813 and 1814; elected as a Democratic Republican to the Fourteenth and to the three succeeding Congresses; reelected as a Crawford Republican to the Eighteenth Congress; reelected as an Adams candidate to the Nineteenth and to the succeeding Congress; reelected as an Anti-Jacksonian candidate to the Twenty-first and to the three succeeding Congresses; and reelected as a Whig to the Twenty-fifth and the two succeeding Congresses and served from March 4, 1815, until his death; chairman, Committee on Claims (Fifteenth through Twenty-first Congresses), Committee on Territories (Twenty-third Congress); died in Washington, D.C., February 23, 1842; interment in Panther Creek Cemetery, Surry County, N.C.","relationship":[{"relationshipType":"brother","relatedTo":{"usCongressBioId":"W000516","familyName":"Williams","givenName":"John","unaccentedFamilyName":"Williams","unaccentedGivenName":"John","birthDate":"1778","birthCirca":false,"deathDate":"1837","deathCirca":false,"deleted":false}},{"relationshipType":"cousin","relatedTo":{"usCongressBioId":"W000534","familyName":"Williams","givenName":"Robert","honorificPrefix":"Mr.","unaccentedFamilyName":"Williams","unaccentedGivenName":"Robert","birthDate":"1768","birthCirca":true,"birthDateUnknown":false,"deathDate":"1836-01-25","deathCirca":false,"deathDateUnknown":false,"deleted":false}},{"relationshipType":"cousin","relatedTo":{"usCongressBioId":"W000529","familyName":"Williams","givenName":"Marmaduke","honorificPrefix":"Mr.","unaccentedFamilyName":"Williams","unaccentedGivenName":"Marmaduke","birthDate":"1774-04-06","birthCirca":false,"birthDateUnknown":false,"deathDate":"1850-10-29","deathCirca":false,"deathDateUnknown":false,"deleted":false}},{"relationshipType":"relative","relatedTo":{"usCongressBioId":"W000521","familyName":"Williams","givenName":"John","middleName":"Sharp","honorificPrefix":"Mr.","unaccentedFamilyName":"Williams","unaccentedGivenName":"John","unaccentedMiddleName":"Sharp","birthDate":"1854-07-30","birthCirca":false,"deathDate":"1932-09-27","deathCirca":false,"deleted":false}},{"relationshipType":"relative","relatedTo":{"usCongressBioId":"W000524","familyName":"Williams","givenName":"Joseph","middleName":"Lanier","honorificPrefix":"Mr.","unaccentedFamilyName":"Williams","unaccentedGivenName":"Joseph","unaccentedMiddleName":"Lanier","birthDate":"1810-10-23","birthCirca":false,"deathDate":"1865-12-14","deathCirca":false,"deleted":false}},{"relationshipType":"relative","relatedTo":{"usCongressBioId":"W000493","familyName":"Williams","givenName":"Christopher","middleName":"Harris","honorificPrefix":"Mr.","unaccentedFamilyName":"Williams","unaccentedGivenName":"Christopher","unaccentedMiddleName":"Harris","birthDate":"1798-12-18","birthCirca":false,"deathDate":"1857-11-27","deathCirca":false,"deleted":false}}],"asset":[],"jobPositions":[{"job":{"name":"Representative","jobType":"CongressMemberJob"},"startDate":"1815-12-04","startCirca":false,"endCirca":false,"congressAffiliation":{"congress":{"name":"The 14th United States Congress","congressNumber":14,"congressType":"USCongress","startDate":"1815-12-04","endDate":"1817-03-03"},"partyAffiliation":[{"party":{"name":"Democratic Republican"},"startCirca":false,"endCirca":false}],"caucusAffiliation":[{"party":{"name":"Democratic Republican"},"startCirca":false,"endCirca":false}],"represents":{"regionType":"DistrictRegion","regionCode":"NC"}}},{"job":{"name":"Representative","jobType":"CongressMemberJob"},"startDate":"1817-12-01","startCirca":false,"endCirca":false,"congressAffiliation":{"congress":{"name":"The 15th United States Congress","congressNumber":15,"congressType":"USCongress","startDate":"1817-03-04","endDate":"1819-03-03"},"partyAffiliation":[{"party":{"name":"Democratic Republican"},"startCirca":false,"endCirca":false}],"caucusAffiliation":[{"party":{"name":"Democratic Republican"},"startCirca":false,"endCirca":false}],"represents":{"regionType":"DistrictRegion","regionCode":"NC"}}},{"job":{"name":"Representative","jobType":"CongressMemberJob"},"startDate":"1819-12-06","startCirca":false,"endCirca":false,"congressAffiliation":{"congress":{"name":"The 16th United States Congress","congressNumber":16,"congressType":"USCongress","startDate":"1819-12-06","endDate":"1821-03-03"},"partyAffiliation":[{"party":{"name":"Democratic Republican"},"startCirca":false,"endCirca":false}],"caucusAffiliation":[{"party":{"name":"Democratic Republican"},"startCirca":false,"endCirca":false}],"represents":{"regionType":"DistrictRegion","regionCode":"NC"}}},{"job":{"name":"Representative","jobType":"CongressMemberJob"},"startDate":"1821-12-03","startCirca":false,"endCirca":false,"congressAffiliation":{"congress":{"name":"The 17th United States Congress","congressNumber":17,"congressType":"USCongress","startDate":"1821-12-03","endDate":"1823-03-03"},"partyAffiliation":[{"party":{"name":"Democratic Republican"},"startCirca":false,"endCirca":false}],"caucusAffiliation":[{"party":{"name":"Democratic Republican"},"startCirca":false,"endCirca":false}],"represents":{"regionType":"DistrictRegion","regionCode":"NC"}}},{"job":{"name":"Representative","jobType":"CongressMemberJob"},"startDate":"1823-12-01","startCirca":false,"endCirca":false,"congressAffiliation":{"congress":{"name":"The 18th United States Congress","congressNumber":18,"congressType":"USCongress","startDate":"1823-12-01","endDate":"1825-03-03"},"partyAffiliation":[{"party":{"name":"Crawford Republican"},"startCirca":false,"endCirca":false}],"caucusAffiliation":[{"party":{"name":"Whig"},"startCirca":false,"endCirca":false}],"represents":{"regionType":"DistrictRegion","regionCode":"NC"}}},{"job":{"name":"Representative","jobType":"CongressMemberJob"},"startDate":"1825-12-05","startCirca":false,"congressAffiliation":{"congress":{"name":"The 19th United States Congress","congressNumber":19,"congressType":"USCongress","startDate":"1825-03-04","endDate":"1827-03-03"},"partyAffiliation":[{"party":{"name":"Adams"}}],"caucusAffiliation":[{"party":{"name":"Whig"}}],"represents":{"regionType":"DistrictRegion","regionCode":"NC"}}},{"job":{"name":"Representative","jobType":"CongressMemberJob"},"startDate":"1827-12-03","startCirca":false,"congressAffiliation":{"congress":{"name":"The 20th United States Congress","congressNumber":20,"congressType":"USCongress","startDate":"1827-12-03","endDate":"1829-03-03"},"partyAffiliation":[{"party":{"name":"Adams"}}],"caucusAffiliation":[{"party":{"name":"Whig"}}],"represents":{"regionType":"DistrictRegion","regionCode":"NC"}}},{"job":{"name":"Representative","jobType":"CongressMemberJob"},"startDate":"1829-12-07","startCirca":false,"congressAffiliation":{"congress":{"name":"The 21st United States Congress","congressNumber":21,"congressType":"USCongress","startDate":"1829-03-04","endDate":"1831-03-03"},"partyAffiliation":[{"party":{"name":"Anti-Jacksonian"}}],"caucusAffiliation":[{"party":{"name":"Whig"}}],"represents":{"regionType":"DistrictRegion","regionCode":"NC"}}},{"job":{"name":"Representative","jobType":"CongressMemberJob"},"startDate":"1831-12-05","startCirca":false,"congressAffiliation":{"congress":{"name":"The 22nd United States Congress","congressNumber":22,"congressType":"USCongress","startDate":"1831-12-05","endDate":"1833-03-02"},"partyAffiliation":[{"party":{"name":"Anti-Jacksonian"}}],"caucusAffiliation":[{"party":{"name":"Whig"}}],"represents":{"regionType":"DistrictRegion","regionCode":"NC"}}},{"job":{"name":"Representative","jobType":"CongressMemberJob"},"startDate":"1833-12-02","startCirca":false,"congressAffiliation":{"congress":{"name":"The 23rd United States Congress","congressNumber":23,"congressType":"USCongress","startDate":"1833-12-02","endDate":"1835-03-03"},"partyAffiliation":[{"party":{"name":"Anti-Jacksonian"}}],"caucusAffiliation":[{"party":{"name":"Whig"}}],"represents":{"regionType":"DistrictRegion","regionCode":"NC"}}},{"job":{"name":"Representative","jobType":"CongressMemberJob"},"startDate":"1835-03-04","startCirca":false,"congressAffiliation":{"congress":{"name":"The 24th United States Congress","congressNumber":24,"congressType":"USCongress","startDate":"1835-12-07","endDate":"1837-03-03"},"partyAffiliation":[{"party":{"name":"Anti-Jacksonian"}}],"caucusAffiliation":[{"party":{"name":"Whig"}}],"represents":{"regionType":"DistrictRegion","regionCode":"NC"}}},{"job":{"name":"Representative","jobType":"CongressMemberJob"},"startDate":"1837-09-04","startCirca":false,"congressAffiliation":{"congress":{"name":"The 25th United States Congress","congressNumber":25,"congressType":"USCongress","startDate":"1837-03-04","endDate":"1839-03-03"},"partyAffiliation":[{"party":{"name":"Whig"}}],"caucusAffiliation":[{"party":{"name":"Whig"}}],"represents":{"regionType":"DistrictRegion","regionCode":"NC"}}},{"job":{"name":"Representative","jobType":"CongressMemberJob"},"startDate":"1840-07-21","startCirca":false,"congressAffiliation":{"congress":{"name":"The 26th United States Congress","congressNumber":26,"congressType":"USCongress","startDate":"1839-12-02","endDate":"1841-03-03"},"partyAffiliation":[{"party":{"name":"Whig"}}],"caucusAffiliation":[{"party":{"name":"Whig"}}],"represents":{"regionType":"DistrictRegion","regionCode":"NC"}}},{"job":{"name":"Representative","jobType":"CongressMemberJob"},"startDate":"1841-03-04","startCirca":false,"endDate":"1842-02-23","endCirca":false,"departureReason":"Died","congressAffiliation":{"congress":{"name":"The 27th United States Congress","congressNumber":27,"congressType":"USCongress","startDate":"1841-03-04","endDate":"1843-03-03"},"departureReason":"Died","partyAffiliation":[{"party":{"name":"Whig"}}],"caucusAffiliation":[{"party":{"name":"Whig"}}],"represents":{"regionType":"DistrictRegion","regionCode":"NC"},"note":[{"type":"Note","noteType":"FootNote","content":"Died February 23, 1842."}]}}],"creativeWork":[],"researchRecord":[{"name":"1820. 1 letter.","recordType":["Papers"],"recordLocation":{"name":"Manuscript Division","location":{"addressLocality":"Washington","addressRegion":"DC"},"parentRecordLocation":{"name":"Library of Congress","location":{"addressLocality":"Washington","addressRegion":"DC"}}}},{"name":"Letters (1815-1838) in Lenoir family papers, 1754-1935. 13 feet including 211 volumes.","recordType":["Papers"],"recordLocation":{"name":"Southern Historical Collection","location":{"addressLocality":"Chapel Hill","addressRegion":"NC"},"parentRecordLocation":{"name":"University of North Carolina","location":{"addressLocality":"Chapel Hill","addressRegion":"NC"}}}}],"deleted":false}}
