{"data":{"usCongressBioId":"W000462","familyName":"Wilder","givenName":"William","middleName":"Henry","honorificPrefix":"Mr.","unaccentedFamilyName":"Wilder","unaccentedGivenName":"William","unaccentedMiddleName":"Henry","birthDate":"1855-05-14","birthCirca":false,"birthDateUnknown":false,"deathDate":"1913-09-11","deathCirca":false,"deathDateUnknown":false,"image":[{"contentUrl":"/bioguide-staging/assets/66d75377f82b0eef2ffd696a.jpg","caption":"Image courtesy of the Library of Congress","name":"W000462_001"}],"profileText":"A Representative from Massachusetts; born in Belfast, Waldo County, Maine, May 14, 1855; moved with his parents to Massachusetts in 1866; attended the common schools; engaged in the mercantile and manufacturing business at Gardner, Mass.; president of the Wilder Industries (Inc.); studied law; admitted to the bar in 1900; was admitted to practice before the United States Supreme Court in 1909; studied the monetary systems in Europe in 1909 and wrote many articles and pamphlets on monetary questions; elected as a Republican to the Sixty-second and Sixty-third Congresses and served from March 4, 1911, until his death in Washington, D.C., September 11, 1913; interment in Crystal Lake Cemetery, Gardner, Worcester County, Mass.","relationship":[],"asset":[{"name":"W000462_001","assetType":"Image","contentUrl":"/bioguide-published/assets/66d75377f82b0eef2ffd696a.jpg","creditLine":"Image courtesy of the Library of Congress","associatedEntity":[],"note":[{"noteType":"ImageNote","content":"https://www.loc.gov/item/2016858065/"}],"usageRight":["Import to Congress.gov"]}],"jobPositions":[{"job":{"name":"Representative","jobType":"CongressMemberJob"},"startDate":"1911-03-04","startCirca":false,"congressAffiliation":{"congress":{"name":"The 62nd United States Congress","congressNumber":62,"congressType":"USCongress","startDate":"1911-04-04","endDate":"1913-03-04"},"partyAffiliation":[{"party":{"name":"Republican"}}],"caucusAffiliation":[{"party":{"name":"Republican"}}],"represents":{"regionType":"DistrictRegion","regionCode":"MA"}}},{"job":{"name":"Representative","jobType":"CongressMemberJob"},"startDate":"1913-03-04","startCirca":false,"endDate":"1913-09-11","endCirca":false,"departureReason":"Died","congressAffiliation":{"congress":{"name":"The 63rd United States Congress","congressNumber":63,"congressType":"USCongress","startDate":"1913-03-04","endDate":"1915-03-04"},"departureReason":"Died","partyAffiliation":[{"party":{"name":"Republican"}}],"caucusAffiliation":[{"party":{"name":"Republican"}}],"represents":{"regionType":"DistrictRegion","regionCode":"MA"},"note":[{"type":"Note","noteType":"FootNote","content":"Died September 11, 1913."}]}}],"creativeWork":[],"researchRecord":[],"deleted":false}}
