{"data":{"usCongressBioId":"W000358","familyName":"White","givenName":"Campbell","middleName":"Patrick","honorificPrefix":"Mr.","unaccentedFamilyName":"White","unaccentedGivenName":"Campbell","unaccentedMiddleName":"Patrick","birthDate":"1787-11-30","birthCirca":false,"birthDateUnknown":false,"deathDate":"1859-02-12","deathCirca":false,"deathDateUnknown":false,"profileText":"A Representative from New York; born in Ireland November 30, 1787; received a limited education; immigrated to the United States in 1816 and engaged in mercantile pursuits in New York City; elected as a Jacksonian candidate to the Twenty-first and to the three succeeding Congresses and served from March 4, 1829, until his resignation on October 2, 1835, which occurred before the convening of the Twenty-fourth Congress; chairman, Committee on Naval Affairs (Twenty-third Congress); resumed mercantile pursuits; appointed quartermaster general of the State militia on January 24, 1831; delegate to the New York State constitutional convention in 1845; resided in New York City, where he died February 12, 1859; interment in St. Paul's Cemetery.","relationship":[],"asset":[],"jobPositions":[{"job":{"name":"Representative","jobType":"CongressMemberJob"},"startDate":"1829-12-07","startCirca":false,"congressAffiliation":{"congress":{"name":"The 21st United States Congress","congressNumber":21,"congressType":"USCongress","startDate":"1829-03-04","endDate":"1831-03-03"},"partyAffiliation":[{"party":{"name":"Jacksonian"}}],"caucusAffiliation":[{"party":{"name":"Jacksonian"}}],"represents":{"regionType":"DistrictRegion","regionCode":"NY"},"note":[{"type":"Note","noteType":"FootNote","content":"One of two elected to represent the 3rd district."}]}},{"job":{"name":"Representative","jobType":"CongressMemberJob"},"startDate":"1831-12-05","startCirca":false,"congressAffiliation":{"congress":{"name":"The 22nd United States Congress","congressNumber":22,"congressType":"USCongress","startDate":"1831-12-05","endDate":"1833-03-02"},"partyAffiliation":[{"party":{"name":"Jacksonian"}}],"caucusAffiliation":[{"party":{"name":"Jacksonian"}}],"represents":{"regionType":"DistrictRegion","regionCode":"NY"},"note":[{"type":"Note","noteType":"FootNote","content":"Elected to represent the 3rd district."}]}},{"job":{"name":"Representative","jobType":"CongressMemberJob"},"startDate":"1833-12-02","startCirca":false,"congressAffiliation":{"congress":{"name":"The 23rd United States Congress","congressNumber":23,"congressType":"USCongress","startDate":"1833-12-02","endDate":"1835-03-03"},"partyAffiliation":[{"party":{"name":"Jacksonian"}}],"caucusAffiliation":[{"party":{"name":"Jacksonian"}}],"represents":{"regionType":"DistrictRegion","regionCode":"NY"},"note":[{"type":"Note","noteType":"FootNote","content":"One of four elected to represent the 3rd district."}]}}],"creativeWork":[],"researchRecord":[{"name":"In the Levi Woodbury Family Papers, ca. 1638-1914, 16 linear feet.","recordType":["Papers"],"description":"Correspondents include Campbell Patrick White.","recordLocation":{"name":"Manuscript Division","location":{"addressLocality":"Washington","addressRegion":"DC"},"parentRecordLocation":{"name":"Library of Congress","location":{"addressLocality":"Washington","addressRegion":"DC"}}}},{"name":"1820-1855. 6 feet and 20 volumes.","recordType":["Papers"],"description":"Includes family, business, and political papers.","recordLocation":{"name":"New-York Historical Society","location":{"addressLocality":"New York","addressRegion":"NY"}}}],"deleted":false}}
