{"data":{"usCongressBioId":"W000302","familyName":"West","givenName":"George","honorificPrefix":"Mr.","unaccentedFamilyName":"West","unaccentedGivenName":"George","birthDate":"1823-02-17","birthCirca":false,"deathDate":"1901-09-20","deathCirca":false,"profileText":"A Representative from New York; born in Bradninch, Devonshire County, England, February 17, 1823; attended the common schools; immigrated to the United States in February 1849 and settled at Ballston Spa, Saratoga County, N.Y.; engaged in paper manufacturing; member of the State assembly 1872-1876; delegate to the Republican National Convention in 1880; president of the First National Bank of Ballston Spa; elected as a Republican to the Forty-seventh Congress (March 4, 1881-March 3, 1883); unsuccessful candidate for reelection in 1882 to the Forty-eighth Congress; elected to the Forty-ninth and Fiftieth Congresses (March 4, 1885-March 3, 1889); was not a candidate for renomination in 1888; resumed his former business activities; died in Ballston Spa, N.Y., September 20, 1901; interment in Ballston Spa Cemetery.","relationship":[],"asset":[],"jobPositions":[{"job":{"name":"Representative","jobType":"CongressMemberJob"},"congressAffiliation":{"congress":{"name":"The 47th United States Congress","congressNumber":47,"congressType":"USCongress","startDate":"1881-03-04","endDate":"1883-03-03"},"partyAffiliation":[{"party":{"name":"Republican"}}],"caucusAffiliation":[{"party":{"name":"Republican"}}],"represents":{"regionType":"StateRegion","regionCode":"NY"}}},{"job":{"name":"Representative","jobType":"CongressMemberJob"},"congressAffiliation":{"congress":{"name":"The 49th United States Congress","congressNumber":49,"congressType":"USCongress","startDate":"1885-03-04","endDate":"1887-03-03"},"partyAffiliation":[{"party":{"name":"Republican"}}],"caucusAffiliation":[{"party":{"name":"Republican"}}],"represents":{"regionType":"StateRegion","regionCode":"NY"}}},{"job":{"name":"Representative","jobType":"CongressMemberJob"},"startDate":"1887-03-04","startCirca":false,"congressAffiliation":{"congress":{"name":"The 50th United States Congress","congressNumber":50,"congressType":"USCongress","startDate":"1887-12-05","endDate":"1889-03-04"},"partyAffiliation":[{"party":{"name":"Republican"}}],"caucusAffiliation":[{"party":{"name":"Republican"}}],"represents":{"regionType":"DistrictRegion","regionCode":"NY"}}}],"creativeWork":[],"researchRecord":[]}}
