{"data":{"usCongressBioId":"W000544","familyName":"Williams","givenName":"William","unaccentedFamilyName":"Williams","unaccentedGivenName":"William","birthDate":"1815","birthCirca":false,"deathDate":"1876","deathCirca":false,"profileText":"A Representative from New York; born in Bolton, Conn., September 6, 1815; received a common-school education; clerk in a bank in Windham, Conn.; moved to Sandusky, Ohio, in 1838, and to Buffalo, N.Y., in 1839, where he engaged in banking; also served as a railroad manager and president; member of the State assembly in 1866 and 1867; elected as a Democrat to the Forty-second Congress (March 4, 1871-March 3, 1873); unsuccessful candidate for reelection in 1872 to the Forty-third Congress; withdrew from public life and active business pursuits, and lived in retirement until his death in Buffalo, N.Y., September 10, 1876; interment in Forest Lawn Cemetery.","relationship":[],"asset":[],"jobPositions":[{"job":{"name":"Representative","jobType":"CongressMemberJob"},"congressAffiliation":{"congress":{"name":"The 42nd United States Congress","congressNumber":42,"congressType":"USCongress","startDate":"1871-03-04","endDate":"1873-03-03"},"partyAffiliation":[{"party":{"name":"Democrat"}}],"caucusAffiliation":[{"party":{"name":"Democrat"}}],"represents":{"regionType":"StateRegion","regionCode":"NY"}}}],"creativeWork":[],"researchRecord":[{"name":"In the Williams Family Papers, ca. 1819-1993, 8 cubic feet.","recordType":["Papers"],"description":"Persons represented include William Williams. A finding aid is available in the repository and online.","recordLocation":{"name":"Thomas Balch Library","location":{"addressLocality":"Leesburg","addressRegion":"VA"}}}]}}
