{"data":{"usCongressBioId":"W000352","familyName":"White","givenName":"Alexander","honorificPrefix":"Mr.","unaccentedFamilyName":"White","unaccentedGivenName":"Alexander","birthDate":"1738","birthCirca":false,"birthDateUnknown":false,"deathDate":"1804-10-09","deathCirca":false,"deathDateUnknown":false,"profileText":"a Representative from Virginia; born in Frederick County, Va., in 1738; studied law at the Inner Temple, London, in 1762 and attended Gray's Inn in 1763; member, Virginia House of Burgesses, 1772-1773; member of the State house of delegates 1782-1786 and in 1788; delegate to the State convention in 1788; elected to the First and Second Congresses (March 4, 1789-March 3, 1793); again a member of the State house of delegates 1799-1801; appointed by President Washington May 18, 1795, one of the three commissioners to lay out the city of Washington, D.C., and erect the public buildings, and served until May 1, 1802, when the board was abolished; died on his estate, \"Woodville,\" in Frederick County, Va., October 9, 1804.","relationship":[],"asset":[],"jobPositions":[{"job":{"name":"Representative","jobType":"CongressMemberJob"},"startDate":"1789-03-04","startCirca":false,"congressAffiliation":{"congress":{"name":"The 1st United States Congress","congressNumber":1,"congressType":"USCongress","startDate":"1789-03-04","endDate":"1791-03-03"},"partyAffiliation":[{"party":{"name":"Pro-Administration"}}],"caucusAffiliation":[{"party":{"name":"Pro-Administration"}}],"represents":{"regionType":"DistrictRegion","regionCode":"VA"}}},{"job":{"name":"Representative","jobType":"CongressMemberJob"},"startDate":"1791-10-24","startCirca":false,"congressAffiliation":{"congress":{"name":"The 2nd United States Congress","congressNumber":2,"congressType":"USCongress","startDate":"1791-03-04","endDate":"1793-03-02"},"partyAffiliation":[{"party":{"name":"Pro-Administration"}}],"caucusAffiliation":[{"party":{"name":"Pro-Administration"}}],"represents":{"regionType":"DistrictRegion","regionCode":"VA"}}}],"creativeWork":[],"researchRecord":[{"name":"At least 1 item (1791) in the Shepard papers.","recordType":["Papers"],"recordLocation":{"name":"Wisconsin Historical Society","location":{"addressLocality":"Madison","addressRegion":"WI"}}},{"name":"1788, 1 item.","recordType":["Papers"],"description":"A letter from Alexander White to an unidentified recipient written on June 10, 1788.","recordLocation":{"name":"Manuscript Division","location":{"addressLocality":"Washington","addressRegion":"DC"},"parentRecordLocation":{"name":"Library of Congress","location":{"addressLocality":"Washington","addressRegion":"DC"}}}},{"name":"In the William Dawson Family Papers, 1728-1775, 2 volumes.","recordType":["Papers"],"description":"Correspondents include Alexander White.","recordLocation":{"name":"Manuscript Division","location":{"addressLocality":"Washington","addressRegion":"DC"},"parentRecordLocation":{"name":"Library of Congress","location":{"addressLocality":"Washington","addressRegion":"DC"}}}},{"name":"In the James Madison Papers, ca. 1723-1859, approximately 12,000 items.","recordType":["Papers"],"description":"Correspondents include Alexander White.","recordLocation":{"name":"Manuscript Division","location":{"addressLocality":"Washington","addressRegion":"DC"},"parentRecordLocation":{"name":"Library of Congress","location":{"addressLocality":"Washington","addressRegion":"DC"}}}},{"name":"In the Charles Simms Papers, ca. 1739-1822, approximately 1,118 items.","recordType":["Papers"],"description":"Correspondents include Alexander White.","recordLocation":{"name":"Manuscript Division","location":{"addressLocality":"Washington","addressRegion":"DC"},"parentRecordLocation":{"name":"Library of Congress","location":{"addressLocality":"Washington","addressRegion":"DC"}}}},{"name":"In the Adam Stephen Papers, ca. 1749-1849, 125 items.","recordType":["Papers"],"description":"Correspondents include Alexander White.","recordLocation":{"name":"Manuscript Division","location":{"addressLocality":"Washington","addressRegion":"DC"},"parentRecordLocation":{"name":"Library of Congress","location":{"addressLocality":"Washington","addressRegion":"DC"}}}},{"name":"June-August 1789. 3 letters.","recordType":["Papers"],"description":"Official correspondence. Finding aid in repository.","recordLocation":{"name":"New-York Historical Society","location":{"addressLocality":"New York","addressRegion":"NY"}}},{"name":"At least 1 item (1790) in the Horatio Gates papers.","recordType":["Papers"],"recordLocation":{"name":"New-York Historical Society","location":{"addressLocality":"New York","addressRegion":"NY"}}},{"name":"At least 1 item (1791) in the Charles Francis Jenkins papers.","recordType":["Papers"],"recordLocation":{"name":"Historical Society of Pennsylvania","location":{"addressLocality":"Philadelphia","addressRegion":"PA"}}},{"name":"At least 14 letters (1789-1790) in the Emmet collection; at least 3 letters (1789, 1791) in the Horatio Gates papers.","recordType":["Papers"],"recordLocation":{"name":"New York Public Library","url":"http://www.nypl.org/research/chss/spe/rbk/mss","location":{"addressLocality":"New York","addressRegion":"NY"}}},{"name":"1776, 6.5 pages.","recordType":["Papers"],"description":"A letter from Alexander White to Major General Charles Lee written on June 27, 1776. In the letter, White provides a long, detailed report on political conditions in Virginia just before the Declaration of Independence, with the conflict on remaining with the British Empire or fighting for self government. \"The Arguments of Pamphleteers and News Paper Scriblers on both sides of the Question have been so absurd, fallacious or at best superficial that very little instruction or pleasure could be derived from reading them.\"","recordLocation":{"name":"J.S. Copley Library","location":{"addressLocality":"La Jolla","addressRegion":"CA"},"parentRecordLocation":{"name":"The Copley Press","location":{"addressLocality":"La Jolla","addressRegion":"CA"}}}},{"name":"1798, 1 item.","recordType":["Papers"],"description":"Commissioners appointed to lay out the city of Washington: Gustavus Scott, William Thornton, and Alexander White. Letter signed by Scott, Thornton, and White; enclosed an estimate of the cost of houses Washington proposed to build in Washington; Washington later agreed to the terms for building two houses.","recordLocation":{"name":"Gelman Library","location":{"addressLocality":"Washington","addressRegion":"DC"},"parentRecordLocation":{"name":"George Washington University","location":{"addressLocality":"Washington","addressRegion":"DC"}}}},{"name":"At least 1 item (1790) in Executive Papers.","recordType":["Papers"],"recordLocation":{"name":"Archives Division","location":{"addressLocality":"Richmond","addressRegion":"VA"},"parentRecordLocation":{"name":"The Library of Virginia","location":{"addressLocality":"Richmond","addressRegion":"VA"}}}},{"name":"At least 1 item (1789) in the Southern Historical Collection; at least 1 item (1791) in the Preston Davie collection.","recordType":["Papers"],"recordLocation":{"name":"University of North Carolina","location":{"addressLocality":"Chapel Hill","addressRegion":"NC"}}}],"deleted":false}}
