{"data":{"usCongressBioId":"W000060","familyName":"Walker","givenName":"John","middleName":"Randall","honorificPrefix":"Mr.","unaccentedFamilyName":"Walker","unaccentedGivenName":"John","unaccentedMiddleName":"Randall","birthDate":"1874-02-23","birthCirca":false,"birthDateUnknown":false,"deathDate":"1942-07-21","deathCirca":false,"deathDateUnknown":false,"image":[{"contentUrl":"/bioguide-staging/assets/66d74cacf82b0eef2ffd6907.jpg","caption":"Image courtesy of the Library of Congress","name":"W000060_001"}],"profileText":"A Representative from Georgia; born near Blackshear, Pierce County, Ga., February 23, 1874; graduated from Jasper Normal College, Jasper, Fla., 1895; graduated from the University of Georgia, Athens, Ga., 1898; lawyer, private practice; member of the Georgia state house of representatives, 1907-1908; elected as a Democrat to the Sixty-third and to the two succeeding Congresses (March 4, 1913-March 3, 1919); unsuccessful candidate for renomination in 1918; died on July 21, 1942, in Blackshear, Ga.; interment in the Walker family burying grounds, Pierce County, Ga.","relationship":[],"asset":[{"name":"W000060_001","assetType":"Image","contentUrl":"/bioguide-published/assets/66d74cacf82b0eef2ffd6907.jpg","creditLine":"Image courtesy of the Library of Congress","associatedEntity":[],"note":[{"noteType":"ImageNote","content":"https://www.loc.gov/item/2016858568/"}],"usageRight":["Import to Congress.gov"]}],"jobPositions":[{"job":{"name":"Representative","jobType":"CongressMemberJob"},"startDate":"1913-03-04","startCirca":false,"congressAffiliation":{"congress":{"name":"The 63rd United States Congress","congressNumber":63,"congressType":"USCongress","startDate":"1913-03-04","endDate":"1915-03-04"},"partyAffiliation":[{"party":{"name":"Democrat"}}],"caucusAffiliation":[{"party":{"name":"Democrat"}}],"represents":{"regionType":"DistrictRegion","regionCode":"GA"}}},{"job":{"name":"Representative","jobType":"CongressMemberJob"},"startDate":"1915-03-04","startCirca":false,"congressAffiliation":{"congress":{"name":"The 64th United States Congress","congressNumber":64,"congressType":"USCongress","startDate":"1915-12-06","endDate":"1917-03-04"},"partyAffiliation":[{"party":{"name":"Democrat"}}],"caucusAffiliation":[{"party":{"name":"Democrat"}}],"represents":{"regionType":"DistrictRegion","regionCode":"GA"}}},{"job":{"name":"Representative","jobType":"CongressMemberJob"},"startDate":"1917-03-04","startCirca":false,"congressAffiliation":{"congress":{"name":"The 65th United States Congress","congressNumber":65,"congressType":"USCongress","startDate":"1917-03-05","endDate":"1919-03-04"},"partyAffiliation":[{"party":{"name":"Democrat"}}],"caucusAffiliation":[{"party":{"name":"Democrat"}}],"represents":{"regionType":"DistrictRegion","regionCode":"GA"}}}],"creativeWork":[],"researchRecord":[],"deleted":false}}
