{"data":{"usCongressBioId":"W000030","familyName":"Walbridge","givenName":"Henry","middleName":"Sanford","honorificPrefix":"Mr.","unaccentedFamilyName":"Walbridge","unaccentedGivenName":"Henry","unaccentedMiddleName":"Sanford","birthDate":"1801-04-08","birthCirca":false,"deathDate":"1869-01-27","deathCirca":false,"profileText":"A Representative from New York; born in Norwich, Conn., April 8, 1801; attended school in Bennington, Vt.; moved to Ithaca, Tompkins County, N.Y., in 1820; studied law; was admitted to the bar and commenced practice in Ithaca; clerk of the board of supervisors of Tompkins County in 1824; member of the State assembly in 1829; president of the village council of Ithaca, Tompkins County, in 1829 and again in 1842; again a member of the State assembly in 1846; elected as a Whig to the Thirty-second Congress (March 4, 1851-March 3, 1853); declined to be a candidate for renomination in 1852; trustee of Ithaca Academy 1858-1868; judge and surrogate of Tompkins County 1859-1868; moved to Leonia, N.J., in 1868 and practiced law in New York City; killed in a railroad accident at Bergen Tunnel near Hoboken, N.J., January 27, 1869; interment in Ithaca City Cemetery, Ithaca, N.Y.","relationship":[{"relationshipType":"cousin","relatedTo":{"usCongressBioId":"W000031","familyName":"Walbridge","givenName":"Hiram","honorificPrefix":"Mr.","unaccentedFamilyName":"Walbridge","unaccentedGivenName":"Hiram","birthDate":"1821-02-02","birthCirca":false,"deathDate":"1870-12-06","deathCirca":false}}],"asset":[],"jobPositions":[{"job":{"name":"Representative","jobType":"CongressMemberJob"},"startDate":"1851-03-04","startCirca":false,"congressAffiliation":{"congress":{"name":"The 32nd United States Congress","congressNumber":32,"congressType":"USCongress","startDate":"1851-03-04","endDate":"1853-03-03"},"partyAffiliation":[{"party":{"name":"Whig"}}],"caucusAffiliation":[{"party":{"name":"Whig"}}],"represents":{"regionType":"DistrictRegion","regionCode":"NY"}}}],"creativeWork":[],"researchRecord":[]}}
