{"data":{"usCongressBioId":"W000319","familyName":"Whaley","givenName":"Richard","middleName":"Smith","honorificPrefix":"Mr.","unaccentedFamilyName":"Whaley","unaccentedGivenName":"Richard","unaccentedMiddleName":"Smith","birthDate":"1874-07-15","birthCirca":false,"birthDateUnknown":false,"deathDate":"1951-11-08","deathCirca":false,"deathDateUnknown":false,"image":[{"contentUrl":"/bioguide-staging/assets/66d7511cf82b0eef2ffd6946.jpg","caption":"Image courtesy of the Library of Congress","name":"W000319_001"}],"profileText":"A Representative from South Carolina; born in Charleston, S.C., July 15, 1874; attended the Episcopal High School, Alexandria, Va., and was graduated from the law department of the University of Virginia at Charlottesville in 1897; was admitted to the bar in 1897 and commenced practice in Charleston, S.C.; member of the State house of representatives 1901-1910, 1913; served as speaker 1907-1910 and as speaker pro tempore in 1913; presiding officer of the Democratic State convention in 1910 and of the Democratic city convention in 1911; delegate to the Democratic National Conventions in 1912 and 1920; elected as a Democrat to the Sixty-third Congress to fill the vacancy caused by the death of George S. Legare; reelected to the Sixty-fourth, Sixty-fifth, and Sixty-sixth Congresses and served from April 29, 1913, to March 3, 1921; was not a candidate for renomination in 1920; resumed the practice of law; appointed commissioner of the United States Court of Claims in 1925; appointed judge of the Court of Claims by President Hoover in 1930, and was designated chief justice in 1939; retired as chief justice in 1947; died in Charleston, S.C., November 8, 1951; interment in Magnolia Cemetery.","relationship":[],"asset":[{"name":"W000319_001","assetType":"Image","contentUrl":"/bioguide-published/assets/66d7511cf82b0eef2ffd6946.jpg","creditLine":"Image courtesy of the Library of Congress","associatedEntity":[],"note":[{"noteType":"ImageNote","content":"https://www.loc.gov/item/2016858782/"}],"usageRight":["Import to Congress.gov"]}],"jobPositions":[{"job":{"name":"Representative","jobType":"CongressMemberJob"},"startDate":"1913-05-09","startCirca":false,"congressAffiliation":{"congress":{"name":"The 63rd United States Congress","congressNumber":63,"congressType":"USCongress","startDate":"1913-03-04","endDate":"1915-03-04"},"partyAffiliation":[{"party":{"name":"Democrat"}}],"caucusAffiliation":[{"party":{"name":"Democrat"}}],"represents":{"regionType":"DistrictRegion","regionCode":"SC"},"note":[{"type":"Note","noteType":"FootNote","content":"Elected April 29, 1913, to fill vacancy caused by death of Representative-elect George S. Legare in preceding Congress, and became a member of the House on May 9, 1913; election unsuccessfully contested by John P. Grace"}]}},{"job":{"name":"Representative","jobType":"CongressMemberJob"},"startDate":"1915-03-04","startCirca":false,"congressAffiliation":{"congress":{"name":"The 64th United States Congress","congressNumber":64,"congressType":"USCongress","startDate":"1915-12-06","endDate":"1917-03-04"},"partyAffiliation":[{"party":{"name":"Democrat"}}],"caucusAffiliation":[{"party":{"name":"Democrat"}}],"represents":{"regionType":"DistrictRegion","regionCode":"SC"},"note":[{"type":"Note","noteType":"FootNote","content":"Election unsuccessfully contested by Aaron P. Prioleau"}]}},{"job":{"name":"Representative","jobType":"CongressMemberJob"},"startDate":"1919-03-04","startCirca":false,"congressAffiliation":{"congress":{"name":"The 66th United States Congress","congressNumber":66,"congressType":"USCongress","startDate":"1919-05-19","endDate":"1921-03-04"},"partyAffiliation":[{"party":{"name":"Democrat"}}],"caucusAffiliation":[{"party":{"name":"Democrat"}}],"represents":{"regionType":"DistrictRegion","regionCode":"SC"}}},{"job":{"name":"Representative","jobType":"CongressMemberJob"},"startDate":"1917-03-04","startCirca":false,"congressAffiliation":{"congress":{"name":"The 65th United States Congress","congressNumber":65,"congressType":"USCongress","startDate":"1917-03-05","endDate":"1919-03-04"},"partyAffiliation":[{"party":{"name":"Democrat"}}],"caucusAffiliation":[{"party":{"name":"Democrat"}}],"represents":{"regionType":"DistrictRegion","regionCode":"SC"}}}],"creativeWork":[],"researchRecord":[],"deleted":false}}
