{"data":{"usCongressBioId":"Y000002","familyName":"Yancey","givenName":"Joel","unaccentedFamilyName":"Yancey","unaccentedGivenName":"Joel","birthDate":"1773","birthCirca":false,"birthDateUnknown":false,"deathDate":"1838","deathCirca":false,"deathDateUnknown":false,"profileText":"a Representative from Kentucky; born in Albemarle County, Va., October 21, 1773; member of the Kentucky state house of representatives, 1809-1811; served in the Ketucky state senate 1816-1820 and 1824-1827; elected as a Jacksonian candidate to the Twentieth and to the succeeding Congress (March 4, 1827-March 3, 1831); chairman, Committee on Expenditures in the Post Office Department (Twenty-first Congress); unsuccessful candidate for reelection in 1830 to the Twenty-second Congress; died in Barren County, Ky., in April 1838; interment in that county.","relationship":[],"asset":[],"jobPositions":[{"job":{"name":"Representative","jobType":"CongressMemberJob"},"congressAffiliation":{"congress":{"name":"The 20th United States Congress","congressNumber":20,"congressType":"USCongress","startDate":"1827-12-03","endDate":"1829-03-03"},"partyAffiliation":[{"party":{"name":"Jacksonian"}}],"caucusAffiliation":[{"party":{"name":"Jacksonian"}}],"represents":{"regionType":"StateRegion","regionCode":"KY"}}},{"job":{"name":"Representative","jobType":"CongressMemberJob"},"congressAffiliation":{"congress":{"name":"The 21st United States Congress","congressNumber":21,"congressType":"USCongress","startDate":"1829-03-04","endDate":"1831-03-03"},"partyAffiliation":[{"party":{"name":"Jacksonian"}}],"caucusAffiliation":[{"party":{"name":"Jacksonian"}}],"represents":{"regionType":"StateRegion","regionCode":"KY"}}}],"creativeWork":[],"researchRecord":[{"name":"1816, 1 item.","recordType":["Papers"],"description":"A letter from Joel Yancey to Captain John Morrison written on October 10, 1816. In the letter, Joel Yancey writes concerning land transfers and taxes. The letter also contains a note of payment by Captain Morrison of a debt.","recordLocation":{"name":"Kentucky Historical Society Library","location":{"addressLocality":"Frankfort","addressRegion":"KY"}}}],"deleted":false}}
