{"data":{"usCongressBioId":"Y000005","familyName":"Yaple","givenName":"George","middleName":"Lewis","unaccentedFamilyName":"Yaple","unaccentedGivenName":"George","unaccentedMiddleName":"Lewis","birthDate":"1851","birthCirca":false,"deathDate":"1939","deathCirca":false,"profileText":"A Representative from Michigan; born in Leonidas, St. Joseph County, Mich., on February 20, 1851; moved with his parents to Mendon, Mich., in 1857; attended the common schools and Albion (Mich.) College; was graduated from the Northwestern University, Evanston, Ill., in 1871 and completed a postgraduate course in 1874; studied law; was admitted to the bar in 1872, but was engaged in agricultural pursuits until 1877, when he commenced the practice of law at Mendon, Mich.; unsuccessful Greenback candidate for election in 1880 to the Forty-seventh Congress; elected as a Democrat to the Forty-eighth Congress (March 4, 1883-March 3, 1885); unsuccessful candidate for reelection in 1884 to the Forty-ninth Congress; unsuccessful candidate for election as Governor in 1886; delegate to the Democratic National Convention in 1888; resumed the practice of law in Mendon, Mich.; circuit judge of the fifteenth circuit of Michigan 1894-1911; became a member of the Republican Party in 1916; retired from active pursuits and resided in Mendon, Mich., until his death December 16, 1939; interment in Mendon Cemetery.","relationship":[],"asset":[],"jobPositions":[{"job":{"name":"Representative","jobType":"CongressMemberJob"},"congressAffiliation":{"congress":{"name":"The 48th United States Congress","congressNumber":48,"congressType":"USCongress","startDate":"1883-12-03","endDate":"1885-03-04"},"partyAffiliation":[{"party":{"name":"Democrat"}}],"caucusAffiliation":[{"party":{"name":"Democrat"}}],"represents":{"regionType":"StateRegion","regionCode":"MI"}}}],"creativeWork":[{"freeFormCitationText":"Yaple, George Lewis. <i>The tariff. Speech of Hon. George L. Yaple of Michigan, in the House of Representatives, Wednesday, April 23, 1884</i>. [Washington: Government Printing Office, 1884]."}],"researchRecord":[{"name":"1881-1940, 200 items.","recordType":["Papers"],"description":"The scrapbooks of George L. Yaple contain news clippings recounting political activities and newspaper accounts of speeches, especially during his congressional campaigns in 1882 and 1884, and his gubernatorial campaign in 1886.","recordLocation":{"name":"Michigan Historical Collections, Bentley Historical Library","location":{"addressLocality":"Ann Arbor","addressRegion":"MI"},"parentRecordLocation":{"name":"University of Michigan","location":{"addressLocality":"Ann Arbor","addressRegion":"MI"}}}}]}}
