{"data":{"usCongressBioId":"Y000030","familyName":"Young","givenName":"Bryan","middleName":"Rust","honorificPrefix":"Mr.","unaccentedFamilyName":"Young","unaccentedGivenName":"Bryan","unaccentedMiddleName":"Rust","birthDate":"1800-01-14","birthCirca":false,"deathDate":"1882-05-14","deathCirca":false,"profileText":"A Representative from Kentucky; born near Bardstown, Nelson County, Ky., January 14, 1800; attended the common schools and was graduated from the University of Louisville, Louisville, Ky.; studied medicine and practiced his profession in Nelson County, Ky.; member of State house of representatives in 1858-1859, 1861-1862, and 1863-1864; elected as a Whig to the Twenty-ninth Congress (March 4, 1845-March 3, 1847); resumed the practice of medicine; died in Elizabethtown, Ky., May 14, 1882; interment in Elizabethtown Cemetery.","relationship":[{"relationshipType":"brother","relatedTo":{"usCongressBioId":"Y000057","familyName":"Young","givenName":"William","middleName":"Singleton","honorificPrefix":"Mr.","unaccentedFamilyName":"Young","unaccentedGivenName":"William","unaccentedMiddleName":"Singleton","birthDate":"1790-04-10","birthCirca":false,"birthDateUnknown":false,"deathDate":"1827-09-20","deathCirca":false,"deathDateUnknown":false,"deleted":false}},{"relationshipType":"uncle","relatedTo":{"usCongressBioId":"B000933","familyName":"Brown","givenName":"John","middleName":"Young","honorificPrefix":"Mr.","unaccentedFamilyName":"Brown","unaccentedGivenName":"John","unaccentedMiddleName":"Young","birthDate":"1835-06-28","birthCirca":false,"deathDate":"1904-01-11","deathCirca":false}}],"asset":[],"jobPositions":[{"job":{"name":"Representative","jobType":"CongressMemberJob"},"startDate":"1845-03-04","startCirca":false,"congressAffiliation":{"congress":{"name":"The 29th United States Congress","congressNumber":29,"congressType":"USCongress","startDate":"1845-03-04","endDate":"1847-03-03"},"partyAffiliation":[{"party":{"name":"Whig"}}],"caucusAffiliation":[{"party":{"name":"Whig"}}],"represents":{"regionType":"DistrictRegion","regionCode":"KY"}}}],"creativeWork":[],"researchRecord":[]}}
