{"data":{"usCongressBioId":"Y000025","familyName":"Yost","givenName":"Jacob","honorificPrefix":"Mr.","unaccentedFamilyName":"Yost","unaccentedGivenName":"Jacob","birthDate":"1853-04-01","birthCirca":false,"birthDateUnknown":false,"deathDate":"1933-01-25","deathCirca":false,"deathDateUnknown":false,"image":[{"contentUrl":"/bioguide-staging/assets/66d75a28f82b0eef2ffd69d6.jpg","caption":"Image courtesy of the Library of Congress","name":"Y000025_001"}],"profileText":"A Representative from Virginia; born in Staunton, Augusta County, Va., April 1, 1853; attended the public schools and Mossy Creek Academy; learned the printing trade and was associated in publishing the Valley Virginian; engaged in civil engineering; unsuccessful Republican candidate for election in 1884 to the Forty-ninth Congress; elected mayor of Staunton in May 1886 and served until January 1887, when he resigned, having been elected to Congress; elected as a Republican to the Fiftieth Congress (March 4, 1887-March 3, 1889); unsuccessful candidate for reelection in 1888 to the Fifty-first Congress; elected to the Fifty-fifth Congress (March 4, 1897-March 3, 1899); declined to be a candidate for renomination in 1898; engaged in the management and development of iron ore and coal lands; moved to Palo Alto, Calif., in 1925 and lived there in retirement until his death on January 25, 1933; interment in Thornrose Cemetery Staunton, Va.","relationship":[],"asset":[{"name":"Y000025_001","assetType":"Image","contentUrl":"/bioguide-published/assets/66d75a28f82b0eef2ffd69d6.jpg","creditLine":"Image courtesy of the Library of Congress","associatedEntity":[],"note":[{"noteType":"ImageNote","content":"https://www.loc.gov/pictures/item/2016695967/"}],"usageRight":["Import to Congress.gov"]}],"jobPositions":[{"job":{"name":"Representative","jobType":"CongressMemberJob"},"startDate":"1887-03-04","startCirca":false,"congressAffiliation":{"congress":{"name":"The 50th United States Congress","congressNumber":50,"congressType":"USCongress","startDate":"1887-12-05","endDate":"1889-03-04"},"partyAffiliation":[{"party":{"name":"Republican"}}],"caucusAffiliation":[{"party":{"name":"Republican"}}],"represents":{"regionType":"DistrictRegion","regionCode":"VA"}}},{"job":{"name":"Representative","jobType":"CongressMemberJob"},"startDate":"1897-03-15","startCirca":false,"congressAffiliation":{"congress":{"name":"The 55th United States Congress","congressNumber":55,"congressType":"USCongress","startDate":"1897-03-15","endDate":"1899-03-04"},"partyAffiliation":[{"party":{"name":"Republican"}}],"caucusAffiliation":[{"party":{"name":"Republican"}}],"represents":{"regionType":"DistrictRegion","regionCode":"VA"}}}],"creativeWork":[],"researchRecord":[],"deleted":false}}
